sale_id,sale_date,product_id,customer_id,total,rating,G total
2609,2023-09-01,24,1,10,5,500
2716,2023-09-04,24,1,10,4,500
3025,2023-09-14,24,1,10,5,500
3581,2023-10-02,4,1,12,5,600
4504,2023-11-04,5,1,9,4,450
5079,2023-11-23,8,1,15,5,750
5452,2023-12-05,9,1,14,4,700
6630,2024-01-15,4,1,12,5,600
7322,2024-02-10,1,1,7,4,350
7357,2024-02-11,1,1,7,4,350
9069,2024-04-24,4,1,12,4,600
10138,2024-09-03,2,1,18,5,900
10349,2024-09-27,3,1,5,5,250
375,2023-02-06,11,1,11,4,550
484,2023-02-16,3,1,5,4,250
734,2023-03-08,26,1,18,5,900
1787,2023-06-11,13,1,9,4,450
1896,2023-06-24,21,1,13,4,650
2207,2023-07-23,22,1,8,5,400
2352,2023-08-07,24,1,10,4,500
2430,2023-08-14,24,1,10,5,500
3038,2023-09-15,22,1,8,4,400
3052,2023-09-15,24,1,10,4,500
3082,2023-09-16,23,1,5,4,250
3444,2023-09-28,21,1,13,4,650
5913,2023-12-22,14,1,6.4,4,320
6428,2024-01-08,14,1,6.4,5,320
135,2023-01-16,7,1,30,5,1500
158,2023-01-18,3,1,5,4,250
193,2023-01-21,24,1,10,4,500
1217,2023-04-23,1,1,7,4,350
1302,2023-04-30,13,1,9,4,450
1490,2023-05-16,2,1,18,5,900
1813,2023-06-14,19,1,6,4,300
1825,2023-06-15,17,1,12,5,600
1830,2023-06-16,1,1,7,4,350
2155,2023-07-20,2,1,18,4,900
4975,2023-11-19,8,1,15,5,750
2107,2023-07-16,2,1,18,5,900
766,2023-03-11,11,1,11,4,550
1150,2023-04-15,23,1,5,4,250
1661,2023-06-01,14,1,6.4,4,320
6687,2024-01-17,4,1,12,5,600
6921,2024-01-26,2,1,18,5,900
7933,2024-03-01,2,1,18,5,900
9853,2024-07-29,1,1,7,5,350
4888,2023-11-17,1,1,7,5,350
9432,2024-06-01,1,1,7,5,350
404,2023-02-09,13,2,9,5,450
546,2023-02-22,15,2,7,4,350
748,2023-03-10,3,2,5,4,250
1475,2023-05-14,18,2,9,4,450
2323,2023-08-03,24,2,10,4,500
2569,2023-08-28,24,2,10,4,500
4698,2023-11-10,10,2,36,4,1800
5657,2023-12-13,1,2,7,4,350
6316,2024-01-04,14,2,6.4,5,320
6829,2024-01-23,1,2,7,4,350
7168,2024-02-04,4,2,12,4,600
9499,2024-06-11,4,2,12,5,600
9760,2024-07-16,1,2,7,4,350
9815,2024-07-23,3,2,5,5,250
789,2023-03-13,13,2,9,5,450
1874,2023-06-21,25,2,12,5,600
3168,2023-09-19,22,2,8,5,400
3760,2023-10-07,10,2,36,4,1800
6385,2024-01-06,14,2,6.4,5,320
7926,2024-03-01,2,2,18,5,900
8708,2024-03-26,2,2,18,5,900
8905,2024-04-05,2,2,18,5,900
9673,2024-07-03,4,2,12,5,600
918,2023-03-26,23,2,5,4,250
1209,2023-04-22,14,2,6.4,5,320
2717,2023-09-04,24,2,10,5,500
6632,2024-01-15,4,2,12,5,600
7653,2024-02-21,1,2,7,4,350
10057,2024-08-22,2,2,18,4,900
7120,2024-02-02,4,2,12,5,600
7091,2024-02-01,3,2,5,5,250
8361,2024-03-14,3,2,5,5,250
929,2023-03-27,28,3,6,4,300
2490,2023-08-20,24,3,10,5,500
2619,2023-09-01,24,3,10,5,500
4498,2023-11-04,2,3,18,4,900
5014,2023-11-21,3,3,5,5,250
5982,2023-12-24,14,3,6.4,4,320
6638,2024-01-16,1,3,7,5,350
10211,2024-09-12,2,3,18,4,900
55,2023-01-06,23,3,5,5,250
413,2023-02-09,27,3,4,4,200
636,2023-03-01,20,3,16,4,800
1583,2023-05-24,15,3,7,5,350
1940,2023-06-30,20,3,16,5,800
2330,2023-08-04,24,3,10,5,500
5484,2023-12-07,4,3,12,5,600
6689,2024-01-18,1,3,7,5,350
655,2023-03-02,22,3,8,4,400
2250,2023-07-27,14,3,6.4,4,320
2372,2023-08-09,24,3,10,5,500
2817,2023-09-07,24,3,10,4,500
2880,2023-09-09,24,3,10,4,500
3137,2023-09-18,23,3,5,4,250
4516,2023-11-04,10,3,36,4,1800
5579,2023-12-10,2,3,18,5,900
9914,2024-08-05,2,3,18,4,900
10056,2024-08-22,1,3,7,5,350
3322,2023-09-23,24,3,10,4,500
6574,2024-01-13,3,3,5,5,250
6793,2024-01-21,2,3,18,5,900
8528,2024-03-19,4,3,12,5,600
668,2023-03-03,20,3,16,4,800
3302,2023-09-23,22,3,8,4,400
8786,2024-03-29,1,3,7,5,350
1928,2023-06-29,2,3,18,4,900
2900,2023-09-10,22,3,8,5,400
821,2023-03-16,4,4,12,5,600
1466,2023-05-13,25,4,12,4,600
4385,2023-10-31,9,4,14,5,700
6211,2024-01-01,14,4,6.4,5,320
6891,2024-01-25,2,4,18,4,900
8056,2024-03-04,1,4,7,5,350
9208,2024-05-08,2,4,18,5,900
10118,2024-08-30,3,4,5,5,250
73,2023-01-09,17,4,12,4,600
2426,2023-08-14,24,4,10,5,500
3949,2023-10-14,8,4,15,4,750
4638,2023-11-08,9,4,14,4,700
5509,2023-12-08,1,4,7,5,350
5705,2023-12-15,2,4,18,4,900
10132,2024-09-01,4,4,12,4,600
151,2023-01-17,17,4,12,4,600
2238,2023-07-26,14,4,6.4,5,320
2298,2023-08-01,8,4,15,4,750
3522,2023-09-30,23,4,5,5,250
3923,2023-10-14,1,4,7,4,350
8268,2024-03-11,2,4,18,5,900
733,2023-03-08,25,4,12,4,600
7283,2024-02-08,3,4,5,4,250
9166,2024-05-04,3,4,5,4,250
7953,2024-03-01,4,4,12,4,600
7118,2024-02-02,4,4,12,5,600
9419,2024-05-30,3,4,5,5,250
778,2023-03-12,11,5,11,4,550
1780,2023-06-11,1,5,7,4,350
2014,2023-07-06,19,5,6,4,300
2411,2023-08-12,24,5,10,4,500
3412,2023-09-27,21,5,13,5,650
3691,2023-10-05,10,5,36,4,1800
4861,2023-11-15,9,5,14,4,700
5023,2023-11-21,7,5,30,5,1500
5709,2023-12-15,5,5,9,4,450
6897,2024-01-25,3,5,5,4,250
7723,2024-02-23,3,5,5,4,250
7996,2024-03-02,2,5,18,5,900
8143,2024-03-06,3,5,5,4,250
8980,2024-04-15,2,5,18,4,900
9299,2024-05-16,4,5,12,4,600
885,2023-03-22,25,5,12,4,600
1233,2023-04-24,3,5,5,5,250
3306,2023-09-23,22,5,8,4,400
3865,2023-10-12,1,5,7,5,350
4382,2023-10-31,6,5,24,5,1200
4816,2023-11-14,7,5,30,4,1500
5194,2023-11-27,10,5,36,5,1800
6406,2024-01-07,14,5,6.4,4,320
6810,2024-01-22,1,5,7,4,350
9433,2024-06-01,2,5,18,4,900
10199,2024-09-10,1,5,7,5,350
2820,2023-09-08,21,5,13,4,650
5919,2023-12-22,14,5,6.4,5,320
8043,2024-03-03,3,5,5,4,250
8503,2024-03-19,1,5,7,5,350
2462,2023-08-17,24,5,10,4,500
7675,2024-02-21,4,5,12,4,600
8728,2024-03-27,2,5,18,5,900
2793,2023-09-07,22,5,8,5,400
4135,2023-10-22,3,5,5,4,250
4694,2023-11-10,9,5,14,5,700
1541,2023-05-20,27,5,4,5,200
3209,2023-09-20,22,5,8,5,400
6974,2024-01-28,2,5,18,5,900
7044,2024-01-30,4,5,12,4,600
28,2023-01-03,25,6,12,4,600
251,2023-01-26,17,6,12,5,600
601,2023-02-26,20,6,16,4,800
1198,2023-04-21,15,6,7,4,350
1819,2023-06-15,3,6,5,5,250
1999,2023-07-05,8,6,15,5,750
2648,2023-09-02,24,6,10,4,500
2834,2023-09-08,22,6,8,4,400
5923,2023-12-22,14,6,6.4,4,320
6512,2024-01-11,3,6,5,5,250
6564,2024-01-13,2,6,18,4,900
7175,2024-02-05,1,6,7,5,350
8327,2024-03-13,2,6,18,5,900
8331,2024-03-13,3,6,5,4,250
9845,2024-07-27,4,6,12,5,600
144,2023-01-16,24,6,10,5,500
1167,2023-04-18,1,6,7,5,350
3088,2023-09-16,24,6,10,4,500
3429,2023-09-27,23,6,5,4,250
4271,2023-10-27,4,6,12,4,600
7583,2024-02-18,2,6,18,4,900
7819,2024-02-26,4,6,12,5,600
8265,2024-03-11,1,6,7,4,350
1441,2023-05-11,10,6,36,4,1800
2351,2023-08-07,24,6,10,5,500
2804,2023-09-07,24,6,10,4,500
3793,2023-10-09,6,6,24,4,1200
10237,2024-09-14,1,6,7,4,350
1871,2023-06-21,22,6,8,4,400
3519,2023-09-30,23,6,5,4,250
900,2023-03-24,19,6,6,4,300
3878,2023-10-12,5,6,9,4,450
5791,2023-12-18,4,6,12,5,600
7290,2024-02-08,4,6,12,4,600
8401,2024-03-15,4,6,12,4,600
9280,2024-05-15,2,6,18,4,900
9477,2024-06-08,3,6,5,5,250
475,2023-02-15,23,7,5,4,250
1644,2023-05-30,24,7,10,5,500
1991,2023-07-04,14,7,6.4,4,320
3114,2023-09-17,24,7,10,5,500
3530,2023-09-30,24,7,10,5,500
3920,2023-10-13,11,7,11,5,550
4419,2023-11-01,10,7,36,5,1800
4553,2023-11-05,8,7,15,4,750
4908,2023-11-17,11,7,11,5,550
5186,2023-11-27,9,7,14,5,700
5481,2023-12-07,4,7,12,5,600
5653,2023-12-12,11,7,11,5,550
10284,2024-09-20,2,7,18,5,900
525,2023-02-20,22,7,8,4,400
1444,2023-05-11,27,7,4,4,200
4227,2023-10-25,4,7,12,5,600
4579,2023-11-06,7,7,30,4,1500
6149,2023-12-29,14,7,6.4,4,320
6913,2024-01-26,1,7,7,4,350
8711,2024-03-26,3,7,5,5,250
1072,2023-04-09,2,7,18,4,900
2136,2023-07-18,7,7,30,5,1500
2649,2023-09-02,24,7,10,4,500
4037,2023-10-18,5,7,9,5,450
4724,2023-11-11,9,7,14,4,700
9638,2024-06-29,4,7,12,5,600
9698,2024-07-07,3,7,5,4,250
1619,2023-05-28,11,7,11,5,550
2962,2023-09-12,21,7,13,5,650
2991,2023-09-13,22,7,8,4,400
4670,2023-11-09,9,7,14,5,700
468,2023-02-15,8,7,15,4,750
1828,2023-06-15,27,7,4,4,200
1891,2023-06-23,22,7,8,4,400
3012,2023-09-14,22,7,8,4,400
10275,2024-09-19,2,7,18,4,900
1908,2023-06-26,25,7,12,4,600
3659,2023-10-04,9,7,14,5,700
3845,2023-10-11,4,7,12,4,600
639,2023-03-01,26,8,18,5,900
1206,2023-04-22,6,8,24,4,1200
1493,2023-05-16,15,8,7,4,350
4868,2023-11-16,3,8,5,4,250
5978,2023-12-24,14,8,6.4,4,320
8289,2024-03-12,1,8,7,4,350
8309,2024-03-12,3,8,5,5,250
8959,2024-04-13,1,8,7,4,350
426,2023-02-11,8,8,15,5,750
699,2023-03-05,17,8,12,4,600
1704,2023-06-04,13,8,9,4,450
3299,2023-09-23,21,8,13,4,650
4242,2023-10-26,2,8,18,5,900
4528,2023-11-05,2,8,18,4,900
5216,2023-11-28,10,8,36,4,1800
6623,2024-01-15,3,8,5,4,250
7185,2024-02-05,2,8,18,5,900
1092,2023-04-10,2,8,18,5,900
4723,2023-11-11,9,8,14,5,700
4881,2023-11-16,7,8,30,4,1500
4919,2023-11-18,3,8,5,5,250
5659,2023-12-13,2,8,18,4,900
7040,2024-01-30,3,8,5,4,250
8122,2024-03-05,4,8,12,4,600
8433,2024-03-16,4,8,12,5,600
1653,2023-06-01,1,8,7,4,350
2660,2023-09-02,24,8,10,4,500
3734,2023-10-07,3,8,5,4,250
6525,2024-01-12,2,8,18,4,900
8529,2024-03-19,4,8,12,5,600
37,2023-01-04,25,8,12,4,600
7326,2024-02-10,1,8,7,5,350
71,2023-01-09,2,9,18,4,900
2064,2023-07-11,17,9,12,4,600
2283,2023-07-30,21,9,13,4,650
4089,2023-10-20,4,9,12,5,600
5761,2023-12-17,4,9,12,4,600
5877,2023-12-20,14,9,6.4,4,320
5914,2023-12-22,14,9,6.4,4,320
6391,2024-01-07,14,9,6.4,5,320
6780,2024-01-21,1,9,7,5,350
7738,2024-02-24,1,9,7,5,350
9574,2024-06-22,1,9,7,4,350
10233,2024-09-13,4,9,12,4,600
50,2023-01-06,12,9,6,5,300
307,2023-01-31,1,9,7,4,350
1152,2023-04-15,28,9,6,5,300
1611,2023-05-27,11,9,11,4,550
1696,2023-06-04,5,9,9,4,450
2058,2023-07-11,1,9,7,4,350
3304,2023-09-23,22,9,8,5,400
5096,2023-11-24,4,9,12,5,600
5160,2023-11-26,11,9,11,4,550
5707,2023-12-15,4,9,12,4,600
5920,2023-12-22,14,9,6.4,5,320
6164,2023-12-30,14,9,6.4,4,320
8530,2024-03-19,4,9,12,4,600
9674,2024-07-03,4,9,12,5,600
9775,2024-07-18,3,9,5,5,250
756,2023-03-10,22,9,8,5,400
1373,2023-05-05,26,9,18,5,900
1381,2023-05-06,12,9,6,5,300
4457,2023-11-02,10,9,36,5,1800
5350,2023-12-02,3,9,5,4,250
2368,2023-08-08,24,9,10,5,500
3183,2023-09-19,24,9,10,4,500
3500,2023-09-29,24,9,10,5,500
7689,2024-02-22,2,9,18,5,900
9407,2024-05-29,2,9,18,4,900
10311,2024-09-23,3,9,5,5,250
4964,2023-11-19,5,9,9,5,450
7563,2024-02-17,4,9,12,4,600
127,2023-01-15,19,9,6,4,300
383,2023-02-07,4,9,12,5,600
519,2023-02-20,11,9,11,4,550
2996,2023-09-13,23,9,5,5,250
3182,2023-09-19,23,9,5,4,250
3927,2023-10-14,2,9,18,4,900
6890,2024-01-25,2,9,18,4,900
7342,2024-02-10,3,9,5,5,250
51,2023-01-06,13,10,9,4,450
2224,2023-07-25,7,10,30,5,1500
3067,2023-09-16,21,10,13,5,650
3926,2023-10-14,2,10,18,4,900
4302,2023-10-28,1,10,7,4,350
4598,2023-11-07,5,10,9,5,450
8138,2024-03-06,2,10,18,5,900
10243,2024-09-14,3,10,5,5,250
187,2023-01-20,26,10,18,4,900
990,2023-04-02,1,10,7,4,350
1464,2023-05-13,19,10,6,4,300
1754,2023-06-08,17,10,12,5,600
2332,2023-08-04,24,10,10,4,500
3165,2023-09-19,21,10,13,5,650
3501,2023-09-29,24,10,10,5,500
3528,2023-09-30,24,10,10,4,500
4066,2023-10-19,4,10,12,4,600
4304,2023-10-28,3,10,5,4,250
5117,2023-11-25,3,10,5,5,250
6477,2024-01-10,14,10,6.4,4,320
7442,2024-02-13,2,10,18,5,900
7771,2024-02-25,2,10,18,5,900
8652,2024-03-24,3,10,5,5,250
9890,2024-08-03,3,10,5,5,250
2252,2023-07-27,23,10,5,5,250
2827,2023-09-08,21,10,13,4,650
3717,2023-10-06,10,10,36,4,1800
8125,2024-03-06,1,10,7,4,350
9199,2024-05-07,4,10,12,5,600
3901,2023-10-13,2,10,18,4,900
10214,2024-09-12,3,10,5,5,250
1534,2023-05-19,18,10,9,5,450
2122,2023-07-17,7,10,30,5,1500
3615,2023-10-03,2,10,18,4,900
4159,2023-10-23,1,10,7,4,350
7836,2024-02-27,3,10,5,4,250
8071,2024-03-04,3,10,5,5,250
10260,2024-09-17,4,10,12,4,600
59,2023-01-07,6,10,24,5,1200
1193,2023-04-21,11,10,11,5,550
10076,2024-08-24,2,10,18,4,900
1746,2023-06-07,18,11,9,4,450
7261,2024-02-08,1,11,7,5,350
8012,2024-03-02,4,11,12,5,600
803,2023-03-14,17,11,12,4,600
1364,2023-05-04,18,11,9,4,450
1939,2023-06-30,6,11,24,4,1200
4499,2023-11-04,2,11,18,5,900
5032,2023-11-21,10,11,36,4,1800
5071,2023-11-23,4,11,12,5,600
5684,2023-12-14,3,11,5,5,250
6182,2023-12-31,14,11,6.4,5,320
7143,2024-02-03,4,11,12,4,600
7174,2024-02-05,1,11,7,4,350
7716,2024-02-23,2,11,18,5,900
8695,2024-03-25,4,11,12,5,600
9190,2024-05-07,2,11,18,4,900
9503,2024-06-12,2,11,18,4,900
10290,2024-09-20,4,11,12,5,600
239,2023-01-25,13,11,9,4,450
2573,2023-08-28,24,11,10,5,500
3550,2023-10-01,22,11,8,4,400
3592,2023-10-02,9,11,14,5,700
3841,2023-10-11,2,11,18,5,900
4798,2023-11-13,11,11,11,5,550
5408,2023-12-04,4,11,12,5,600
199,2023-01-22,19,11,6,4,300
311,2023-01-31,9,11,14,5,700
1952,2023-07-01,13,11,9,5,450
5225,2023-11-29,4,11,12,4,600
5345,2023-12-02,2,11,18,4,900
8141,2024-03-06,3,11,5,5,250
10304,2024-09-22,1,11,7,5,350
1242,2023-04-25,1,11,7,4,350
3199,2023-09-20,21,11,13,5,650
3237,2023-09-21,22,11,8,4,400
9262,2024-05-13,4,11,12,4,600
2030,2023-07-08,5,11,9,5,450
3188,2023-09-19,24,11,10,4,500
4126,2023-10-22,1,11,7,5,350
6368,2024-01-06,14,11,6.4,4,320
44,2023-01-05,14,12,6.4,4,320
1862,2023-06-20,20,12,16,4,800
2805,2023-09-07,24,12,10,4,500
4217,2023-10-24,11,12,11,4,550
5944,2023-12-22,14,12,6.4,4,320
6138,2023-12-29,14,12,6.4,5,320
6976,2024-01-28,2,12,18,5,900
7754,2024-02-24,4,12,12,4,600
8192,2024-03-08,2,12,18,5,900
8346,2024-03-14,1,12,7,4,350
9701,2024-07-08,1,12,7,5,350
852,2023-03-19,8,12,15,4,750
862,2023-03-20,19,12,6,4,300
967,2023-03-31,8,12,15,5,750
1173,2023-04-18,28,12,6,5,300
2478,2023-08-19,24,12,10,5,500
2746,2023-09-05,24,12,10,4,500
3502,2023-09-29,24,12,10,5,500
6392,2024-01-07,14,12,6.4,5,320
6621,2024-01-15,2,12,18,5,900
6821,2024-01-22,2,12,18,5,900
8378,2024-03-15,1,12,7,5,350
8580,2024-03-22,1,12,7,4,350
1148,2023-04-15,17,12,12,5,600
2380,2023-08-10,24,12,10,4,500
3352,2023-09-25,21,12,13,4,650
3679,2023-10-05,7,12,30,5,1500
3773,2023-10-08,9,12,14,4,700
3806,2023-10-09,9,12,14,5,700
4251,2023-10-26,5,12,9,5,450
4605,2023-11-07,9,12,14,5,700
8270,2024-03-11,2,12,18,5,900
126,2023-01-15,16,12,10,5,500
495,2023-02-17,3,12,5,4,250
541,2023-02-22,3,12,5,4,250
1882,2023-06-22,24,12,10,5,500
6209,2024-01-01,14,12,6.4,5,320
6501,2024-01-11,1,12,7,4,350
3480,2023-09-29,21,12,13,5,650
4218,2023-10-25,1,12,7,5,350
10322,2024-09-25,2,12,18,5,900
6865,2024-01-24,1,12,7,4,350
9722,2024-07-10,2,12,18,4,900
1707,2023-06-04,20,13,16,4,800
2931,2023-09-10,24,13,10,4,500
2933,2023-09-11,21,13,13,5,650
3156,2023-09-18,24,13,10,4,500
3174,2023-09-19,22,13,8,5,400
5273,2023-11-30,10,13,36,4,1800
5327,2023-12-01,9,13,14,4,700
5972,2023-12-23,14,13,6.4,4,320
6314,2024-01-04,14,13,6.4,5,320
6481,2024-01-10,14,13,6.4,5,320
6712,2024-01-18,4,13,12,5,600
7729,2024-02-23,4,13,12,5,600
9957,2024-08-09,4,13,12,4,600
344,2023-02-02,21,13,13,4,650
488,2023-02-16,9,13,14,5,700
1906,2023-06-26,2,13,18,5,900
2080,2023-07-12,21,13,13,4,650
2998,2023-09-13,24,13,10,5,500
3051,2023-09-15,23,13,5,4,250
3234,2023-09-21,22,13,8,5,400
3653,2023-10-04,7,13,30,4,1500
3718,2023-10-06,10,13,36,5,1800
3738,2023-10-07,4,13,12,5,600
4420,2023-11-01,11,13,11,4,550
4650,2023-11-09,1,13,7,5,350
4846,2023-11-15,5,13,9,4,450
4909,2023-11-17,11,13,11,4,550
5110,2023-11-24,11,13,11,4,550
5870,2023-12-20,14,13,6.4,5,320
6457,2024-01-09,14,13,6.4,4,320
8159,2024-03-07,1,13,7,5,350
8178,2024-03-08,1,13,7,4,350
8965,2024-04-13,3,13,5,5,250
9413,2024-05-30,2,13,18,4,900
9604,2024-06-25,1,13,7,4,350
9869,2024-07-31,4,13,12,4,600
752,2023-03-10,17,13,12,4,600
1254,2023-04-26,4,13,12,5,600
1584,2023-05-24,17,13,12,4,600
1748,2023-06-07,21,13,13,5,650
2835,2023-09-08,22,13,8,5,400
3630,2023-10-03,10,13,36,5,1800
9949,2024-08-08,4,13,12,4,600
4984,2023-11-20,1,13,7,5,350
8849,2024-03-31,2,13,18,4,900
9267,2024-05-14,2,13,18,5,900
556,2023-02-23,5,13,9,4,450
1932,2023-06-29,8,13,15,5,750
7360,2024-02-11,1,13,7,5,350
6283,2024-01-03,14,13,6.4,4,320
122,2023-01-14,24,14,10,5,500
2130,2023-07-17,24,14,10,4,500
2739,2023-09-05,24,14,10,4,500
2791,2023-09-07,22,14,8,5,400
2967,2023-09-12,22,14,8,4,400
3177,2023-09-19,22,14,8,4,400
3453,2023-09-28,22,14,8,5,400
5440,2023-12-05,3,14,5,5,250
5469,2023-12-06,10,14,36,5,1800
7863,2024-02-28,1,14,7,4,350
398,2023-02-09,1,14,7,5,350
637,2023-03-01,21,14,13,5,650
719,2023-03-07,17,14,12,4,600
1090,2023-04-09,27,14,4,4,200
1921,2023-06-28,14,14,6.4,4,320
2002,2023-07-05,21,14,13,4,650
2921,2023-09-10,23,14,5,4,250
3217,2023-09-20,24,14,10,4,500
3549,2023-10-01,22,14,8,5,400
3629,2023-10-03,10,14,36,4,1800
4644,2023-11-08,11,14,11,4,550
5133,2023-11-25,11,14,11,4,550
5747,2023-12-16,9,14,14,5,700
5751,2023-12-17,1,14,7,5,350
6529,2024-01-12,2,14,18,4,900
7483,2024-02-14,4,14,12,5,600
1037,2023-04-06,6,14,24,4,1200
2567,2023-08-28,24,14,10,4,500
3112,2023-09-17,24,14,10,4,500
3847,2023-10-11,4,14,12,5,600
4743,2023-11-12,3,14,5,5,250
8599,2024-03-22,3,14,5,5,250
3020,2023-09-14,23,14,5,4,250
5644,2023-12-12,7,14,30,4,1500
7959,2024-03-01,4,14,12,5,600
2296,2023-08-01,2,14,18,4,900
1329,2023-05-01,26,15,18,5,900
1667,2023-06-02,4,15,12,5,600
2473,2023-08-19,24,15,10,4,500
3240,2023-09-21,22,15,8,4,400
6100,2023-12-28,14,15,6.4,5,320
8191,2024-03-08,2,15,18,5,900
584,2023-02-25,9,15,14,4,700
612,2023-02-27,15,15,7,4,350
1596,2023-05-26,9,15,14,4,700
2158,2023-07-20,10,15,36,5,1800
2979,2023-09-13,21,15,13,5,650
3197,2023-09-20,21,15,13,5,650
8202,2024-03-08,3,15,5,4,250
9047,2024-04-22,2,15,18,4,900
9466,2024-06-06,4,15,12,4,600
1057,2023-04-07,24,15,10,5,500
1747,2023-06-07,19,15,6,4,300
3282,2023-09-22,23,15,5,5,250
4765,2023-11-12,11,15,11,4,550
8564,2024-03-21,3,15,5,4,250
998,2023-04-02,16,15,10,5,500
2556,2023-08-27,24,15,10,4,500
3207,2023-09-20,22,15,8,5,400
6504,2024-01-11,2,15,18,4,900
6832,2024-01-23,1,15,7,5,350
7867,2024-02-28,2,15,18,5,900
9782,2024-07-19,3,15,5,5,250
393,2023-02-08,18,15,9,4,450
1267,2023-04-27,8,15,15,5,750
2775,2023-09-06,24,15,10,4,500
8478,2024-03-18,2,15,18,5,900
9552,2024-06-18,2,15,18,4,900
5855,2023-12-20,14,15,6.4,5,320
10328,2024-09-25,2,15,18,5,900
1325,2023-05-01,23,16,5,4,250
4390,2023-11-01,2,16,18,5,900
4679,2023-11-10,4,16,12,4,600
4686,2023-11-10,6,16,24,4,1200
6206,2023-12-31,14,16,6.4,5,320
7527,2024-02-16,2,16,18,5,900
7535,2024-02-16,4,16,12,5,600
7549,2024-02-17,2,16,18,4,900
7698,2024-02-22,3,16,5,4,250
7864,2024-02-28,2,16,18,4,900
10141,2024-09-03,3,16,5,5,250
176,2023-01-19,20,16,16,4,800
1648,2023-05-31,16,16,10,4,500
2251,2023-07-27,14,16,6.4,5,320
3694,2023-10-05,11,16,11,4,550
4029,2023-10-18,1,16,7,5,350
4662,2023-11-09,7,16,30,4,1500
4898,2023-11-17,5,16,9,5,450
5365,2023-12-02,8,16,15,4,750
5803,2023-12-18,7,16,30,5,1500
6737,2024-01-19,3,16,5,5,250
8142,2024-03-06,3,16,5,5,250
8352,2024-03-14,2,16,18,5,900
9117,2024-05-01,1,16,7,4,350
9772,2024-07-18,2,16,18,4,900
681,2023-03-04,15,16,7,4,350
2847,2023-09-08,24,16,10,5,500
3194,2023-09-19,24,16,10,4,500
4518,2023-11-04,10,16,36,5,1800
7790,2024-02-25,4,16,12,5,600
10182,2024-09-07,2,16,18,4,900
6580,2024-01-13,3,16,5,4,250
2726,2023-09-05,24,16,10,4,500
7184,2024-02-05,2,16,18,4,900
9801,2024-07-21,4,16,12,4,600
397,2023-02-08,28,17,6,5,300
454,2023-02-14,2,17,18,5,900
1214,2023-04-22,22,17,8,4,400
3024,2023-09-14,24,17,10,4,500
5976,2023-12-24,14,17,6.4,5,320
6067,2023-12-26,14,17,6.4,4,320
6157,2023-12-30,14,17,6.4,4,320
6714,2024-01-18,4,17,12,4,600
1494,2023-05-16,17,17,12,4,600
2374,2023-08-09,24,17,10,4,500
6745,2024-01-20,1,17,7,4,350
7412,2024-02-12,2,17,18,4,900
8698,2024-03-26,1,17,7,4,350
23,2023-01-03,9,17,14,4,700
373,2023-02-06,9,17,14,5,700
788,2023-03-13,12,17,6,5,300
2866,2023-09-09,22,17,8,5,400
6387,2024-01-07,14,17,6.4,5,320
3388,2023-09-26,21,17,13,4,650
5364,2023-12-02,8,17,15,4,750
6284,2024-01-03,14,17,6.4,4,320
6602,2024-01-14,3,17,5,4,250
6774,2024-01-20,4,17,12,4,600
6842,2024-01-23,2,17,18,5,900
10342,2024-09-26,2,17,18,4,900
2177,2023-07-21,15,17,7,5,350
4264,2023-10-27,2,17,18,5,900
5015,2023-11-21,4,17,12,5,600
8492,2024-03-19,1,17,7,5,350
92,2023-01-11,12,18,6,5,300
196,2023-01-22,1,18,7,4,350
382,2023-02-06,26,18,18,4,900
782,2023-03-12,14,18,6.4,4,320
1614,2023-05-27,21,18,13,5,650
1929,2023-06-29,2,18,18,4,900
1953,2023-07-01,13,18,9,5,450
2765,2023-09-06,24,18,10,5,500
3442,2023-09-28,21,18,13,5,650
5114,2023-11-25,3,18,5,5,250
5196,2023-11-28,1,18,7,5,350
6922,2024-01-26,2,18,18,4,900
8048,2024-03-03,4,18,12,5,600
8280,2024-03-11,3,18,5,5,250
8382,2024-03-15,2,18,18,4,900
9920,2024-08-05,4,18,12,4,600
1718,2023-06-05,22,18,8,5,400
1902,2023-06-25,11,18,11,4,550
2483,2023-08-19,24,18,10,5,500
2559,2023-08-27,24,18,10,5,500
3405,2023-09-26,24,18,10,5,500
3536,2023-10-01,21,18,13,5,650
3973,2023-10-15,8,18,15,5,750
8535,2024-03-20,2,18,18,4,900
8766,2024-03-28,3,18,5,5,250
647,2023-03-02,8,18,15,5,750
1188,2023-04-20,13,18,9,4,450
1741,2023-06-07,3,18,5,5,250
3588,2023-10-02,7,18,30,5,1500
3702,2023-10-06,3,18,5,4,250
3807,2023-10-09,9,18,14,5,700
6057,2023-12-26,14,18,6.4,5,320
9371,2024-05-25,4,18,12,5,600
3015,2023-09-14,22,18,8,4,400
7313,2024-02-09,4,18,12,4,600
9222,2024-05-09,3,18,5,5,250
1437,2023-05-10,15,18,7,5,350
7311,2024-02-09,4,18,12,5,600
7634,2024-02-20,1,18,7,4,350
8164,2024-03-07,2,18,18,4,900
8506,2024-03-19,1,18,7,5,350
4706,2023-11-10,11,18,11,5,550
26,2023-01-03,16,19,10,5,500
206,2023-01-23,6,19,24,4,1200
1499,2023-05-16,25,19,12,5,600
2601,2023-08-31,24,19,10,5,500
6388,2024-01-07,14,19,6.4,4,320
6710,2024-01-18,3,19,5,4,250
10267,2024-09-18,3,19,5,4,250
515,2023-02-20,1,19,7,4,350
749,2023-03-10,8,19,15,5,750
1434,2023-05-10,13,19,9,5,450
3122,2023-09-18,21,19,13,4,650
4594,2023-11-07,2,19,18,4,900
5174,2023-11-27,5,19,9,5,450
5578,2023-12-10,1,19,7,4,350
8556,2024-03-21,2,19,18,5,900
9592,2024-06-23,2,19,18,4,900
2410,2023-08-12,24,19,10,4,500
3225,2023-09-21,21,19,13,4,650
6146,2023-12-29,14,19,6.4,5,320
741,2023-03-09,11,19,11,5,550
5477,2023-12-07,3,19,5,5,250
6789,2024-01-21,2,19,18,4,900
2036,2023-07-08,21,19,13,4,650
4393,2023-11-01,3,19,5,4,250
1407,2023-05-08,23,19,5,4,250
8211,2024-03-09,1,19,7,4,350
8315,2024-03-12,4,19,12,5,600
8767,2024-03-28,3,19,5,4,250
692,2023-03-05,6,20,24,5,1200
1608,2023-05-26,28,20,6,5,300
2347,2023-08-06,24,20,10,4,500
3705,2023-10-06,4,20,12,5,600
4357,2023-10-30,1,20,7,4,350
5701,2023-12-14,11,20,11,4,550
7106,2024-02-02,2,20,18,4,900
8972,2024-04-14,3,20,5,4,250
9756,2024-07-15,2,20,18,5,900
1127,2023-04-13,27,20,4,5,200
7896,2024-02-29,3,20,5,4,250
419,2023-02-10,7,20,30,5,1500
2613,2023-09-01,24,20,10,5,500
3370,2023-09-25,23,20,5,4,250
4108,2023-10-21,2,20,18,4,900
5010,2023-11-20,11,20,11,4,550
6449,2024-01-09,14,20,6.4,4,320
7316,2024-02-09,4,20,12,4,600
7346,2024-02-10,3,20,5,5,250
2663,2023-09-02,24,20,10,5,500
5001,2023-11-20,8,20,15,4,750
6703,2024-01-18,2,20,18,5,900
6924,2024-01-26,2,20,18,4,900
8997,2024-04-16,4,20,12,4,600
1186,2023-04-20,8,20,15,5,750
2583,2023-08-29,24,20,10,5,500
6328,2024-01-05,14,20,6.4,5,320
7497,2024-02-15,3,20,5,4,250
1695,2023-06-04,4,21,12,5,600
1807,2023-06-14,7,21,30,5,1500
3649,2023-10-04,6,21,24,5,1200
3737,2023-10-07,3,21,5,4,250
4392,2023-11-01,3,21,5,4,250
4957,2023-11-19,3,21,5,5,250
8857,2024-03-31,3,21,5,5,250
230,2023-01-24,17,21,12,5,600
1851,2023-06-18,26,21,18,4,900
4040,2023-10-18,5,21,9,4,450
5124,2023-11-25,7,21,30,5,1500
6558,2024-01-13,1,21,7,5,350
7668,2024-02-21,3,21,5,4,250
7710,2024-02-23,1,21,7,5,350
8275,2024-03-11,3,21,5,5,250
8428,2024-03-16,4,21,12,5,600
9576,2024-06-22,2,21,18,5,900
9865,2024-07-31,2,21,18,4,900
392,2023-02-08,16,21,10,4,500
1574,2023-05-23,19,21,6,4,300
1873,2023-06-21,24,21,10,4,500
2129,2023-07-17,22,21,8,5,400
2859,2023-09-09,22,21,8,4,400
3552,2023-10-01,23,21,5,5,250
4557,2023-11-05,9,21,14,5,700
4760,2023-11-12,9,21,14,4,700
4771,2023-11-13,3,21,5,4,250
5130,2023-11-25,10,21,36,4,1800
1105,2023-04-11,9,21,14,4,700
6557,2024-01-13,1,21,7,4,350
4353,2023-10-29,11,21,11,4,550
7224,2024-02-06,4,21,12,4,600
810,2023-03-15,5,21,9,5,450
5424,2023-12-04,9,21,14,5,700
549,2023-02-22,18,22,9,4,450
702,2023-03-05,21,22,13,5,650
907,2023-03-25,5,22,9,5,450
2740,2023-09-05,24,22,10,4,500
2841,2023-09-08,23,22,5,5,250
3139,2023-09-18,23,22,5,4,250
4118,2023-10-21,9,22,14,5,700
4150,2023-10-22,10,22,36,4,1800
6217,2024-01-01,14,22,6.4,5,320
6824,2024-01-22,3,22,5,5,250
7277,2024-02-08,3,22,5,4,250
9679,2024-07-04,4,22,12,4,600
10209,2024-09-11,4,22,12,5,600
1474,2023-05-14,18,22,9,5,450
1978,2023-07-03,1,22,7,4,350
2699,2023-09-04,24,22,10,4,500
4641,2023-11-08,11,22,11,4,550
5187,2023-11-27,9,22,14,5,700
5720,2023-12-15,11,22,11,4,550
6099,2023-12-28,14,22,6.4,5,320
6494,2024-01-10,14,22,6.4,5,320
7422,2024-02-12,3,22,5,4,250
7975,2024-03-02,1,22,7,4,350
8089,2024-03-05,1,22,7,4,350
8179,2024-03-08,1,22,7,5,350
260,2023-01-27,2,22,18,5,900
1365,2023-05-04,19,22,6,5,300
1430,2023-05-10,10,22,36,5,1800
1981,2023-07-03,5,22,9,4,450
2981,2023-09-13,21,22,13,4,650
3762,2023-10-08,2,22,18,4,900
4241,2023-10-26,2,22,18,5,900
635,2023-03-01,19,22,6,4,300
1027,2023-04-04,27,22,4,4,200
6322,2024-01-04,14,22,6.4,4,320
7189,2024-02-05,3,22,5,5,250
8908,2024-04-05,2,22,18,4,900
1640,2023-05-30,21,22,13,4,650
3783,2023-10-09,2,22,18,5,900
3788,2023-10-09,3,22,5,4,250
4505,2023-11-04,5,22,9,5,450
5112,2023-11-25,2,22,18,5,900
700,2023-03-05,18,22,9,5,450
3175,2023-09-19,22,22,8,4,400
4238,2023-10-26,1,22,7,4,350
219,2023-01-24,5,23,9,5,450
262,2023-01-27,6,23,24,5,1200
1636,2023-05-30,7,23,30,5,1500
1925,2023-06-28,24,23,10,5,500
2259,2023-07-28,16,23,10,4,500
2291,2023-07-31,13,23,9,4,450
2606,2023-08-31,24,23,10,5,500
4858,2023-11-15,9,23,14,5,700
9974,2024-08-11,2,23,18,5,900
10234,2024-09-13,4,23,12,4,600
2072,2023-07-12,7,23,30,5,1500
2192,2023-07-22,20,23,16,4,800
3995,2023-10-16,8,23,15,4,750
5953,2023-12-23,14,23,6.4,4,320
6229,2024-01-01,14,23,6.4,5,320
6399,2024-01-07,14,23,6.4,4,320
7452,2024-02-13,3,23,5,4,250
7712,2024-02-23,2,23,18,4,900
7859,2024-02-28,1,23,7,4,350
7954,2024-03-01,4,23,12,5,600
8612,2024-03-23,1,23,7,5,350
9670,2024-07-03,2,23,18,5,900
1012,2023-04-03,4,23,12,4,600
1156,2023-04-16,22,23,8,4,400
1620,2023-05-28,12,23,6,5,300
2591,2023-08-30,24,23,10,4,500
3763,2023-10-08,2,23,18,5,900
3970,2023-10-15,7,23,30,4,1500
1796,2023-06-12,10,23,36,5,1800
4489,2023-11-03,10,23,36,4,1800
4716,2023-11-11,5,23,9,4,450
4940,2023-11-18,9,23,14,5,700
2721,2023-09-04,24,23,10,5,500
9157,2024-05-03,3,23,5,4,250
152,2023-01-17,24,23,10,4,500
5319,2023-12-01,8,23,15,5,750
6991,2024-01-29,1,23,7,4,350
9838,2024-07-26,4,23,12,5,600
369,2023-02-05,18,24,9,4,450
408,2023-02-09,21,24,13,5,650
2423,2023-08-14,24,24,10,5,500
2510,2023-08-22,24,24,10,4,500
3462,2023-09-28,24,24,10,5,500
3660,2023-10-04,10,24,36,5,1800
4541,2023-11-05,4,24,12,5,600
5436,2023-12-05,2,24,18,5,900
5708,2023-12-15,5,24,9,4,450
6468,2024-01-09,14,24,6.4,4,320
6506,2024-01-11,2,24,18,4,900
7478,2024-02-14,2,24,18,5,900
7762,2024-02-25,1,24,7,4,350
1058,2023-04-07,27,24,4,5,200
2320,2023-08-03,24,24,10,5,500
2459,2023-08-17,24,24,10,4,500
2617,2023-09-01,24,24,10,5,500
3053,2023-09-15,24,24,10,5,500
4341,2023-10-29,6,24,24,4,1200
4343,2023-10-29,7,24,30,5,1500
4606,2023-11-07,9,24,14,4,700
5158,2023-11-26,10,24,36,4,1800
5811,2023-12-18,11,24,11,5,550
5931,2023-12-22,14,24,6.4,4,320
7212,2024-02-06,3,24,5,5,250
7590,2024-02-18,4,24,12,5,600
7883,2024-02-29,1,24,7,5,350
8413,2024-03-16,2,24,18,4,900
1004,2023-04-02,21,24,13,5,650
3368,2023-09-25,23,24,5,4,250
4033,2023-10-18,3,24,5,4,250
4472,2023-11-03,5,24,9,5,450
8794,2024-03-29,2,24,18,4,900
10347,2024-09-27,3,24,5,5,250
4677,2023-11-10,2,24,18,4,900
6180,2023-12-31,14,24,6.4,4,320
6378,2024-01-06,14,24,6.4,4,320
6517,2024-01-11,14,24,6.4,4,320
6076,2023-12-27,14,24,6.4,5,320
7834,2024-02-27,3,24,5,5,250
9111,2024-04-30,2,24,18,5,900
2742,2023-09-05,24,25,10,4,500
2850,2023-09-09,21,25,13,5,650
3233,2023-09-21,21,25,13,4,650
4697,2023-11-10,9,25,14,5,700
5830,2023-12-19,9,25,14,4,700
707,2023-03-06,10,25,36,4,1800
1687,2023-06-03,11,25,11,4,550
1937,2023-06-29,23,25,5,4,250
2416,2023-08-13,24,25,10,5,500
2585,2023-08-29,24,25,10,4,500
3610,2023-10-03,1,25,7,4,350
3839,2023-10-10,11,25,11,5,550
4917,2023-11-18,3,25,5,5,250
5411,2023-12-04,4,25,12,4,600
6917,2024-01-26,1,25,7,4,350
8841,2024-03-31,1,25,7,4,350
9591,2024-06-23,2,25,18,5,900
10297,2024-09-21,2,25,18,4,900
2822,2023-09-08,21,25,13,4,650
3611,2023-10-03,1,25,7,5,350
3975,2023-10-15,9,25,14,4,700
4885,2023-11-16,11,25,11,5,550
5989,2023-12-24,14,25,6.4,4,320
7123,2024-02-03,1,25,7,5,350
1395,2023-05-07,23,25,5,4,250
6648,2024-01-16,3,25,5,5,250
7866,2024-02-28,2,25,18,4,900
8524,2024-03-19,3,25,5,4,250
9314,2024-05-19,1,25,7,4,350
473,2023-02-15,18,25,9,5,450
7741,2024-02-24,2,25,18,5,900
9584,2024-06-23,1,25,7,5,350
10017,2024-08-16,3,25,5,5,250
6799,2024-01-21,3,25,5,4,250
8356,2024-03-14,2,25,18,5,900
266,2023-01-27,17,26,12,4,600
1200,2023-04-21,17,26,12,5,600
2255,2023-07-28,8,26,15,5,750
2685,2023-09-03,24,26,10,5,500
3145,2023-09-18,23,26,5,4,250
3421,2023-09-27,22,26,8,5,400
4445,2023-11-02,6,26,24,4,1200
5314,2023-12-01,7,26,30,4,1500
7258,2024-02-08,1,26,7,5,350
7265,2024-02-08,1,26,7,5,350
8966,2024-04-13,3,26,5,5,250
9527,2024-06-15,4,26,12,4,600
10034,2024-08-19,4,26,12,4,600
1712,2023-06-05,9,26,14,4,700
1994,2023-07-04,20,26,16,5,800
2295,2023-08-01,1,26,7,4,350
3455,2023-09-28,23,26,5,5,250
3579,2023-10-02,2,26,18,4,900
3796,2023-10-09,7,26,30,4,1500
6269,2024-01-03,14,26,6.4,5,320
8836,2024-03-31,1,26,7,4,350
9329,2024-05-21,1,26,7,5,350
9560,2024-06-20,2,26,18,5,900
10054,2024-08-22,1,26,7,4,350
10150,2024-09-03,4,26,12,5,600
10329,2024-09-25,2,26,18,5,900
1436,2023-05-10,14,26,6.4,4,320
1587,2023-05-24,21,26,13,5,650
2262,2023-07-28,28,26,6,4,300
3396,2023-09-26,23,26,5,4,250
4560,2023-11-05,10,26,36,5,1800
4617,2023-11-08,1,26,7,5,350
7815,2024-02-26,4,26,12,4,600
8823,2024-03-30,3,26,5,4,250
9473,2024-06-07,4,26,12,4,600
3105,2023-09-17,23,26,5,5,250
5736,2023-12-16,5,26,9,4,450
6911,2024-01-26,1,26,7,4,350
9100,2024-04-28,3,26,5,5,250
1883,2023-06-22,24,26,10,5,500
5419,2023-12-04,8,26,15,4,750
6084,2023-12-27,14,26,6.4,4,320
1459,2023-05-13,9,27,14,5,700
1870,2023-06-21,21,27,13,4,650
2299,2023-08-01,11,27,11,4,550
3340,2023-09-24,23,27,5,4,250
3482,2023-09-29,22,27,8,4,400
5337,2023-12-01,11,27,11,5,550
5849,2023-12-19,14,27,6.4,5,320
7907,2024-02-29,4,27,12,5,600
9216,2024-05-09,2,27,18,5,900
9643,2024-06-30,3,27,5,4,250
31,2023-01-03,28,27,6,5,300
289,2023-01-30,2,27,18,5,900
1170,2023-04-18,21,27,13,4,650
1559,2023-05-22,20,27,16,5,800
1966,2023-07-02,3,27,5,4,250
2230,2023-07-25,22,27,8,5,400
2549,2023-08-26,24,27,10,4,500
2868,2023-09-09,22,27,8,4,400
2937,2023-09-11,21,27,13,4,650
3692,2023-10-05,11,27,11,5,550
4034,2023-10-18,3,27,5,5,250
5166,2023-11-27,3,27,5,5,250
5496,2023-12-07,8,27,15,5,750
5663,2023-12-13,7,27,30,4,1500
6053,2023-12-26,14,27,6.4,4,320
6130,2023-12-29,14,27,6.4,4,320
7567,2024-02-17,4,27,12,5,600
7860,2024-02-28,1,27,7,4,350
8706,2024-03-26,2,27,18,5,900
8893,2024-04-04,2,27,18,4,900
8957,2024-04-12,4,27,12,4,600
9825,2024-07-25,1,27,7,4,350
1702,2023-06-04,13,27,9,5,450
2269,2023-07-29,14,27,6.4,5,320
2545,2023-08-26,24,27,10,5,500
8059,2024-03-04,1,27,7,4,350
305,2023-01-30,25,27,12,4,600
2240,2023-07-26,16,27,10,4,500
5596,2023-12-10,8,27,15,4,750
1922,2023-06-28,18,27,9,4,450
5389,2023-12-03,4,27,12,5,600
2762,2023-09-06,24,27,10,4,500
7179,2024-02-05,1,27,7,4,350
708,2023-03-06,19,28,6,5,300
1877,2023-06-22,17,28,12,5,600
2053,2023-07-10,15,28,7,4,350
2562,2023-08-27,24,28,10,4,500
2571,2023-08-28,24,28,10,4,500
2947,2023-09-11,23,28,5,5,250
4752,2023-11-12,7,28,30,4,1500
5909,2023-12-21,14,28,6.4,4,320
7572,2024-02-18,1,28,7,4,350
7830,2024-02-27,2,28,18,4,900
8592,2024-03-22,2,28,18,4,900
9026,2024-04-19,4,28,12,5,600
9728,2024-07-11,1,28,7,5,350
10217,2024-09-12,3,28,5,5,250
10282,2024-09-20,1,28,7,5,350
712,2023-03-07,1,28,7,5,350
1404,2023-05-08,19,28,6,4,300
1555,2023-05-22,1,28,7,5,350
3984,2023-10-16,2,28,18,4,900
5279,2023-12-01,1,28,7,5,350
5479,2023-12-07,3,28,5,5,250
7009,2024-01-29,2,28,18,4,900
7181,2024-02-05,1,28,7,5,350
7553,2024-02-17,2,28,18,4,900
7582,2024-02-18,2,28,18,5,900
7673,2024-02-21,4,28,12,4,600
9422,2024-05-31,1,28,7,5,350
9690,2024-07-05,2,28,18,4,900
982,2023-04-01,7,28,30,4,1500
1992,2023-07-04,18,28,9,5,450
4043,2023-10-18,7,28,30,5,1500
224,2023-01-24,9,28,14,5,700
1509,2023-05-17,20,28,16,4,800
2544,2023-08-26,24,28,10,4,500
5890,2023-12-21,14,28,6.4,5,320
268,2023-01-27,20,28,16,5,800
888,2023-03-23,9,28,14,4,700
8057,2024-03-04,1,28,7,4,350
466,2023-02-15,5,28,9,5,450
4725,2023-11-11,9,28,14,4,700
2353,2023-08-07,24,29,10,5,500
3101,2023-09-17,23,29,5,4,250
4793,2023-11-13,9,29,14,4,700
6414,2024-01-08,14,29,6.4,5,320
7207,2024-02-06,1,29,7,5,350
7799,2024-02-26,2,29,18,5,900
8585,2024-03-22,2,29,18,4,900
10124,2024-08-31,4,29,12,4,600
10340,2024-09-26,2,29,18,5,900
1348,2023-05-03,20,29,16,4,800
1785,2023-06-11,10,29,36,5,1800
2274,2023-07-30,1,29,7,5,350
2387,2023-08-10,24,29,10,5,500
3300,2023-09-23,21,29,13,4,650
3936,2023-10-14,4,29,12,5,600
5221,2023-11-29,3,29,5,5,250
6013,2023-12-25,14,29,6.4,5,320
6018,2023-12-25,14,29,6.4,5,320
9905,2024-08-04,4,29,12,5,600
10052,2024-08-22,1,29,7,4,350
57,2023-01-06,25,29,12,5,600
2082,2023-07-13,4,29,12,4,600
2324,2023-08-03,24,29,10,4,500
2643,2023-09-02,24,29,10,5,500
3155,2023-09-18,24,29,10,5,500
3329,2023-09-24,21,29,13,4,650
4134,2023-10-22,3,29,5,4,250
9384,2024-05-26,4,29,12,5,600
10300,2024-09-21,4,29,12,4,600
4820,2023-11-14,8,29,15,4,750
9071,2024-04-24,4,29,12,4,600
6668,2024-01-17,1,29,7,4,350
6860,2024-01-24,1,29,7,4,350
7012,2024-01-29,3,29,5,5,250
7211,2024-02-06,3,29,5,4,250
276,2023-01-28,21,30,13,5,650
993,2023-04-02,6,30,24,5,1200
1709,2023-06-04,24,30,10,4,500
4090,2023-10-20,4,30,12,5,600
4568,2023-11-06,2,30,18,5,900
4787,2023-11-13,8,30,15,5,750
5222,2023-11-29,3,30,5,5,250
5398,2023-12-03,7,30,30,5,1500
6886,2024-01-25,1,30,7,4,350
9298,2024-05-16,4,30,12,5,600
9746,2024-07-13,3,30,5,4,250
10254,2024-09-16,4,30,12,4,600
1370,2023-05-05,14,30,6.4,4,320
2942,2023-09-11,22,30,8,5,400
4331,2023-10-29,1,30,7,5,350
4449,2023-11-02,8,30,15,5,750
5650,2023-12-12,9,30,14,5,700
609,2023-02-27,12,30,6,4,300
1366,2023-05-04,20,30,16,4,800
1892,2023-06-23,27,30,4,4,200
3483,2023-09-29,22,30,8,4,400
4179,2023-10-23,7,30,30,4,1500
65,2023-01-08,13,30,9,5,450
1675,2023-06-02,15,30,7,4,350
8384,2024-03-15,2,30,18,4,900
1616,2023-05-27,26,30,18,5,900
2376,2023-08-09,24,30,10,5,500
4927,2023-11-18,6,30,24,5,1200
5093,2023-11-24,2,30,18,5,900
6834,2024-01-23,1,30,7,4,350
205,2023-01-23,2,30,18,5,900
2226,2023-07-25,13,30,9,5,450
4123,2023-10-21,11,30,11,4,550
8981,2024-04-15,2,30,18,5,900
440,2023-02-12,17,31,12,4,600
2217,2023-07-24,21,31,13,4,650
5498,2023-12-07,9,31,14,4,700
6020,2023-12-25,14,31,6.4,5,320
6947,2024-01-27,1,31,7,5,350
7267,2024-02-08,2,31,18,5,900
8028,2024-03-03,1,31,7,4,350
9309,2024-05-18,2,31,18,4,900
9923,2024-08-06,1,31,7,5,350
9986,2024-08-12,3,31,5,4,250
10128,2024-09-01,2,31,18,5,900
10201,2024-09-10,2,31,18,4,900
10305,2024-09-22,2,31,18,5,900
10327,2024-09-25,2,31,18,4,900
348,2023-02-03,4,31,12,5,600
1506,2023-05-17,11,31,11,4,550
1934,2023-06-29,13,31,9,4,450
2069,2023-07-12,1,31,7,4,350
2710,2023-09-04,24,31,10,4,500
3632,2023-10-03,11,31,11,4,550
3637,2023-10-04,1,31,7,5,350
4105,2023-10-21,2,31,18,5,900
5070,2023-11-23,4,31,12,5,600
7541,2024-02-17,1,31,7,5,350
8299,2024-03-12,1,31,7,5,350
10047,2024-08-21,1,31,7,5,350
353,2023-02-03,9,31,14,5,700
776,2023-03-12,5,31,9,5,450
1334,2023-05-02,3,31,5,4,250
1472,2023-05-14,12,31,6,5,300
1488,2023-05-15,22,31,8,4,400
1554,2023-05-22,1,31,7,4,350
1852,2023-06-18,28,31,6,5,300
2211,2023-07-24,1,31,7,5,350
2436,2023-08-15,24,31,10,4,500
3172,2023-09-19,22,31,8,5,400
3398,2023-09-26,23,31,5,5,250
3732,2023-10-07,2,31,18,5,900
4044,2023-10-18,7,31,30,4,1500
4314,2023-10-28,6,31,24,4,1200
4580,2023-11-06,7,31,30,5,1500
281,2023-01-29,14,31,6.4,5,320
2204,2023-07-23,14,31,6.4,4,320
2346,2023-08-06,24,31,10,4,500
2422,2023-08-13,24,31,10,5,500
4464,2023-11-02,11,31,11,4,550
5881,2023-12-21,14,31,6.4,4,320
5381,2023-12-03,2,31,18,5,900
3144,2023-09-18,23,31,5,5,250
5960,2023-12-23,14,31,6.4,4,320
9736,2024-07-12,4,31,12,4,600
9831,2024-07-25,3,31,5,5,250
1477,2023-05-14,19,32,6,5,300
3295,2023-09-23,21,32,13,5,650
4012,2023-10-17,5,32,9,5,450
4039,2023-10-18,5,32,9,5,450
5033,2023-11-21,11,32,11,4,550
6622,2024-01-15,3,32,5,5,250
7770,2024-02-25,2,32,18,5,900
9497,2024-06-11,4,32,12,4,600
9568,2024-06-21,2,32,18,5,900
291,2023-01-30,5,32,9,5,450
1550,2023-05-21,21,32,13,5,650
1710,2023-06-04,27,32,4,4,200
1730,2023-06-06,15,32,7,5,350
1839,2023-06-17,2,32,18,5,900
2118,2023-07-16,23,32,5,4,250
2294,2023-07-31,28,32,6,5,300
2463,2023-08-17,24,32,10,4,500
4325,2023-10-28,10,32,36,5,1800
5325,2023-12-01,9,32,14,5,700
6444,2024-01-08,14,32,6.4,5,320
8227,2024-03-09,2,32,18,5,900
9544,2024-06-17,4,32,12,4,600
10008,2024-08-14,4,32,12,4,600
1467,2023-05-13,25,32,12,4,600
2658,2023-09-02,24,32,10,5,500
2792,2023-09-07,22,32,8,4,400
4283,2023-10-27,7,32,30,4,1500
4592,2023-11-07,1,32,7,5,350
4708,2023-11-11,1,32,7,4,350
6268,2024-01-03,14,32,6.4,5,320
7455,2024-02-13,4,32,12,5,600
8795,2024-03-29,3,32,5,5,250
9375,2024-05-26,1,32,7,5,350
99,2023-01-12,6,32,24,4,1200
4290,2023-10-27,8,32,15,5,750
5333,2023-12-01,10,32,36,4,1800
8776,2024-03-28,4,32,12,5,600
1848,2023-06-18,8,32,15,4,750
4155,2023-10-22,11,32,11,5,550
8102,2024-03-05,2,32,18,4,900
3257,2023-09-22,21,32,13,4,650
5088,2023-11-23,10,32,36,5,1800
6072,2023-12-27,14,32,6.4,4,320
7227,2024-02-06,4,32,12,4,600
7704,2024-02-23,1,32,7,5,350
9809,2024-07-23,2,32,18,5,900
74,2023-01-09,21,33,13,4,650
1540,2023-05-20,23,33,5,4,250
1926,2023-06-28,25,33,12,5,600
2193,2023-07-22,20,33,16,5,800
3116,2023-09-17,24,33,10,5,500
3401,2023-09-26,23,33,5,4,250
3523,2023-09-30,23,33,5,4,250
3998,2023-10-16,9,33,14,4,700
4139,2023-10-22,7,33,30,4,1500
4531,2023-11-05,2,33,18,5,900
5714,2023-12-15,8,33,15,4,750
7700,2024-02-22,3,33,5,4,250
7862,2024-02-28,1,33,7,5,350
8452,2024-03-17,3,33,5,5,250
9857,2024-07-30,1,33,7,4,350
190,2023-01-21,19,33,6,5,300
2772,2023-09-06,24,33,10,5,500
3132,2023-09-18,22,33,8,4,400
4225,2023-10-25,3,33,5,4,250
4678,2023-11-10,2,33,18,4,900
4869,2023-11-16,3,33,5,4,250
4884,2023-11-16,9,33,14,4,700
6168,2023-12-30,14,33,6.4,4,320
6532,2024-01-12,2,33,18,4,900
7353,2024-02-10,4,33,12,5,600
7636,2024-02-20,2,33,18,5,900
8410,2024-03-16,2,33,18,5,900
9494,2024-06-10,4,33,12,5,600
9620,2024-06-27,2,33,18,5,900
10360,2024-09-29,1,33,7,4,350
698,2023-03-05,13,33,9,5,450
3010,2023-09-14,22,33,8,4,400
10193,2024-09-09,1,33,7,4,350
6550,2024-01-12,4,33,12,4,600
7373,2024-02-11,3,33,5,4,250
8404,2024-03-16,1,33,7,4,350
1390,2023-05-07,6,33,24,4,1200
6360,2024-01-06,14,33,6.4,4,320
7275,2024-02-08,2,33,18,4,900
1579,2023-05-24,5,33,9,5,450
464,2023-02-15,1,34,7,4,350
2189,2023-07-22,16,34,10,5,500
2440,2023-08-15,24,34,10,5,500
2670,2023-09-03,24,34,10,4,500
5623,2023-12-11,8,34,15,5,750
6075,2023-12-27,14,34,6.4,5,320
7050,2024-01-31,1,34,7,5,350
7468,2024-02-14,1,34,7,4,350
7760,2024-02-25,1,34,7,5,350
9291,2024-05-16,2,34,18,4,900
9469,2024-06-07,1,34,7,5,350
892,2023-03-23,19,34,6,4,300
1118,2023-04-13,6,34,24,4,1200
1388,2023-05-07,1,34,7,4,350
5353,2023-12-02,4,34,12,4,600
5850,2023-12-19,14,34,6.4,5,320
7059,2024-01-31,2,34,18,5,900
7694,2024-02-22,2,34,18,5,900
9061,2024-04-24,1,34,7,4,350
10299,2024-09-21,3,34,5,5,250
40,2023-01-05,9,34,14,5,700
43,2023-01-05,13,34,9,5,450
551,2023-02-22,22,34,8,5,400
2399,2023-08-11,24,34,10,5,500
2892,2023-09-10,21,34,13,5,650
3825,2023-10-10,7,34,30,5,1500
4142,2023-10-22,8,34,15,5,750
4707,2023-11-10,11,34,11,4,550
8326,2024-03-13,2,34,18,4,900
7109,2024-02-02,2,34,18,5,900
4616,2023-11-08,1,34,7,5,350
5851,2023-12-20,14,34,6.4,5,320
9705,2024-07-08,3,34,5,5,250
453,2023-02-14,1,35,7,5,350
642,2023-03-02,3,35,5,5,250
868,2023-03-21,6,35,24,4,1200
1783,2023-06-11,5,35,9,5,450
1995,2023-07-04,21,35,13,4,650
2015,2023-07-06,22,35,8,5,400
2218,2023-07-24,22,35,8,4,400
4038,2023-10-18,5,35,9,4,450
4113,2023-10-21,5,35,9,5,450
5755,2023-12-17,2,35,18,4,900
6027,2023-12-25,14,35,6.4,4,320
7364,2024-02-11,2,35,18,5,900
8108,2024-03-05,3,35,5,4,250
9098,2024-04-28,1,35,7,4,350
425,2023-02-11,5,35,9,4,450
2063,2023-07-11,13,35,9,4,450
2523,2023-08-23,24,35,10,5,500
6177,2023-12-31,14,35,6.4,4,320
8391,2024-03-15,3,35,5,4,250
8412,2024-03-16,2,35,18,4,900
9731,2024-07-12,1,35,7,4,350
1697,2023-06-04,6,35,24,4,1200
3466,2023-09-28,24,35,10,5,500
3743,2023-10-07,5,35,9,5,450
4795,2023-11-13,9,35,14,5,700
6421,2024-01-08,14,35,6.4,4,320
8017,2024-03-02,4,35,12,5,600
9888,2024-08-03,3,35,5,4,250
1021,2023-04-04,5,35,9,5,450
3151,2023-09-18,24,35,10,5,500
3305,2023-09-23,22,35,8,5,400
3978,2023-10-15,9,35,14,4,700
9206,2024-05-08,2,35,18,4,900
674,2023-03-03,28,35,6,4,300
1519,2023-05-18,12,35,6,5,300
3617,2023-10-03,6,35,24,5,1200
5040,2023-11-22,3,35,5,5,250
1445,2023-05-11,28,36,6,4,300
4966,2023-11-19,6,36,24,5,1200
5816,2023-12-18,11,36,11,4,550
6948,2024-01-27,1,36,7,5,350
7644,2024-02-20,3,36,5,4,250
8541,2024-03-20,3,36,5,4,250
9926,2024-08-06,2,36,18,4,900
1212,2023-04-22,20,36,16,4,800
1680,2023-06-02,22,36,8,5,400
1726,2023-06-06,12,36,6,4,300
2336,2023-08-04,24,36,10,4,500
2500,2023-08-21,24,36,10,4,500
4267,2023-10-27,3,36,5,4,250
4428,2023-11-02,2,36,18,4,900
4758,2023-11-12,9,36,14,5,700
5346,2023-12-02,3,36,5,4,250
7877,2024-02-28,4,36,12,4,600
10072,2024-08-23,2,36,18,4,900
341,2023-02-02,7,36,30,5,1500
2395,2023-08-11,24,36,10,4,500
3952,2023-10-14,10,36,36,4,1800
4443,2023-11-02,6,36,24,5,1200
4539,2023-11-05,4,36,12,5,600
4880,2023-11-16,7,36,30,4,1500
10157,2024-09-04,3,36,5,5,250
431,2023-02-11,20,36,16,5,800
2873,2023-09-09,23,36,5,5,250
6233,2024-01-01,14,36,6.4,5,320
9594,2024-06-23,3,36,5,5,250
9901,2024-08-04,3,36,5,5,250
8372,2024-03-14,4,36,12,4,600
366,2023-02-05,13,37,9,4,450
1287,2023-04-28,13,37,9,5,450
1858,2023-06-19,23,37,5,5,250
3520,2023-09-30,23,37,5,4,250
4320,2023-10-28,8,37,15,4,750
5373,2023-12-02,10,37,36,4,1800
7157,2024-02-04,2,37,18,4,900
7381,2024-02-11,3,37,5,4,250
8096,2024-03-05,2,37,18,4,900
9011,2024-04-18,3,37,5,4,250
287,2023-01-29,26,37,18,4,900
1517,2023-05-18,10,37,36,4,1800
3986,2023-10-16,3,37,5,5,250
6698,2024-01-18,1,37,7,5,350
7789,2024-02-25,4,37,12,4,600
8537,2024-03-20,2,37,18,5,900
8902,2024-04-05,1,37,7,4,350
1511,2023-05-17,23,37,5,5,250
8942,2024-04-10,4,37,12,4,600
4166,2023-10-23,3,37,5,4,250
4293,2023-10-27,10,37,36,5,1800
5415,2023-12-04,6,37,24,4,1200
6063,2023-12-26,14,37,6.4,4,320
2309,2023-08-02,24,37,10,4,500
2434,2023-08-15,24,37,10,4,500
6920,2024-01-26,2,37,18,4,900
1353,2023-05-03,27,37,4,5,200
3703,2023-10-06,3,37,5,4,250
5593,2023-12-10,6,37,24,5,1200
8498,2024-03-19,1,37,7,4,350
2938,2023-09-11,21,38,13,4,650
4032,2023-10-18,3,38,5,4,250
5082,2023-11-23,9,38,14,5,700
7751,2024-02-24,4,38,12,4,600
9308,2024-05-18,2,38,18,5,900
10001,2024-08-14,1,38,7,4,350
2719,2023-09-04,24,38,10,4,500
3853,2023-10-11,7,38,30,5,1500
4730,2023-11-11,10,38,36,5,1800
6677,2024-01-17,2,38,18,4,900
8732,2024-03-27,2,38,18,5,900
9388,2024-05-27,1,38,7,4,350
1376,2023-05-05,28,38,6,4,300
1623,2023-05-28,16,38,10,5,500
2561,2023-08-27,24,38,10,4,500
3942,2023-10-14,6,38,24,4,1200
4886,2023-11-17,1,38,7,5,350
7304,2024-02-09,2,38,18,5,900
4369,2023-10-31,2,38,18,4,900
5946,2023-12-23,14,38,6.4,5,320
6413,2024-01-08,14,38,6.4,4,320
3359,2023-09-25,22,38,8,5,400
9392,2024-05-27,2,38,18,5,900
532,2023-02-21,17,38,12,5,600
4266,2023-10-27,3,38,5,4,250
5119,2023-11-25,4,38,12,5,600
248,2023-01-26,10,39,36,5,1800
1660,2023-06-01,13,39,9,5,450
3383,2023-09-26,21,39,13,5,650
3385,2023-09-26,21,39,13,4,650
3648,2023-10-04,5,39,9,5,450
4581,2023-11-06,8,39,15,4,750
4759,2023-11-12,9,39,14,5,700
5618,2023-12-11,5,39,9,5,450
6964,2024-01-27,4,39,12,5,600
7337,2024-02-10,2,39,18,4,900
8494,2024-03-19,1,39,7,5,350
8835,2024-03-31,1,39,7,5,350
8977,2024-04-15,1,39,7,4,350
9202,2024-05-08,1,39,7,4,350
97,2023-01-11,24,39,10,4,500
160,2023-01-18,10,39,36,4,1800
202,2023-01-22,21,39,13,5,650
2644,2023-09-02,24,39,10,4,500
3832,2023-10-10,8,39,15,4,750
4574,2023-11-06,4,39,12,5,600
4990,2023-11-20,3,39,5,5,250
7744,2024-02-24,2,39,18,4,900
9545,2024-06-17,4,39,12,5,600
1300,2023-04-30,4,39,12,5,600
2200,2023-07-23,2,39,18,4,900
3272,2023-09-22,22,39,8,4,400
9601,2024-06-24,4,39,12,4,600
1570,2023-05-23,6,39,24,5,1200
4430,2023-11-02,2,39,18,4,900
8231,2024-03-09,3,39,5,4,250
2576,2023-08-28,24,39,10,5,500
2877,2023-09-09,23,39,5,4,250
4596,2023-11-07,3,39,5,4,250
8663,2024-03-24,4,39,12,4,600
8811,2024-03-30,1,39,7,4,350
4246,2023-10-26,3,39,5,4,250
4268,2023-10-27,3,39,5,4,250
9915,2024-08-05,3,39,5,4,250
174,2023-01-19,12,40,6,4,300
781,2023-03-12,14,40,6.4,5,320
1083,2023-04-09,15,40,7,4,350
2912,2023-09-10,22,40,8,4,400
4547,2023-11-05,6,40,24,5,1200
5226,2023-11-29,4,40,12,4,600
5386,2023-12-03,3,40,5,5,250
5997,2023-12-24,14,40,6.4,5,320
7987,2024-03-02,2,40,18,4,900
9947,2024-08-08,4,40,12,4,600
740,2023-03-09,11,40,11,4,550
1340,2023-05-02,25,40,12,4,600
3407,2023-09-26,24,40,10,4,500
5539,2023-12-08,9,40,14,5,700
6205,2023-12-31,14,40,6.4,4,320
9799,2024-07-21,2,40,18,5,900
1191,2023-04-21,3,40,5,5,250
1196,2023-04-21,12,40,6,5,300
2529,2023-08-25,24,40,10,4,500
2960,2023-09-12,21,40,13,4,650
4448,2023-11-02,8,40,15,5,750
4754,2023-11-12,8,40,15,4,750
7077,2024-01-31,4,40,12,4,600
4431,2023-11-02,2,40,18,5,900
7005,2024-01-29,2,40,18,4,900
3837,2023-10-10,11,40,11,5,550
3858,2023-10-11,10,40,36,4,1800
9249,2024-05-11,4,40,12,4,600
3162,2023-09-19,21,40,13,5,650
5355,2023-12-02,5,40,9,4,450
1030,2023-04-05,12,41,6,5,300
2707,2023-09-04,24,41,10,5,500
3045,2023-09-15,23,41,5,5,250
3571,2023-10-01,24,41,10,5,500
3646,2023-10-04,5,41,9,4,450
3876,2023-10-12,5,41,9,5,450
4307,2023-10-28,4,41,12,4,600
4590,2023-11-06,11,41,11,5,550
5845,2023-12-19,14,41,6.4,5,320
7298,2024-02-09,1,41,7,5,350
7833,2024-02-27,3,41,5,5,250
8954,2024-04-12,3,41,5,4,250
9555,2024-06-19,2,41,18,4,900
10002,2024-08-14,2,41,18,4,900
10163,2024-09-05,3,41,5,5,250
10166,2024-09-05,3,41,5,4,250
2098,2023-07-14,15,41,7,4,350
2543,2023-08-26,24,41,10,5,500
3040,2023-09-15,22,41,8,5,400
4074,2023-10-19,7,41,30,5,1500
6355,2024-01-05,14,41,6.4,5,320
8229,2024-03-09,3,41,5,5,250
8359,2024-03-14,3,41,5,4,250
9289,2024-05-16,2,41,18,5,900
483,2023-02-16,2,41,18,5,900
1013,2023-04-03,4,41,12,5,600
2417,2023-08-13,24,41,10,5,500
2829,2023-09-08,21,41,13,4,650
3061,2023-09-15,24,41,10,4,500
3365,2023-09-25,22,41,8,5,400
3473,2023-09-29,21,41,13,5,650
4693,2023-11-10,8,41,15,4,750
7160,2024-02-04,2,41,18,5,900
8312,2024-03-12,3,41,5,5,250
7610,2024-02-19,2,41,18,5,900
1479,2023-05-14,27,41,4,5,200
2278,2023-07-30,8,41,15,5,750
2480,2023-08-19,24,41,10,4,500
1470,2023-05-14,4,42,12,5,600
2301,2023-08-01,18,42,9,4,450
2885,2023-09-09,24,42,10,5,500
3224,2023-09-20,24,42,10,4,500
4131,2023-10-22,2,42,18,5,900
6298,2024-01-04,14,42,6.4,4,320
7270,2024-02-08,2,42,18,5,900
7358,2024-02-11,1,42,7,5,350
9159,2024-05-03,4,42,12,4,600
10148,2024-09-03,4,42,12,5,600
27,2023-01-03,24,42,10,5,500
1315,2023-05-01,5,42,9,5,450
2282,2023-07-30,20,42,16,4,800
2538,2023-08-25,24,42,10,4,500
3098,2023-09-17,22,42,8,4,400
4378,2023-10-31,5,42,9,5,450
4456,2023-11-02,9,42,14,5,700
4867,2023-11-16,3,42,5,5,250
5021,2023-11-21,6,42,24,4,1200
5864,2023-12-20,14,42,6.4,5,320
6297,2024-01-04,14,42,6.4,4,320
7169,2024-02-04,4,42,12,4,600
10160,2024-09-05,1,42,7,4,350
908,2023-03-25,6,42,24,5,1200
1070,2023-04-08,26,42,18,4,900
2371,2023-08-09,24,42,10,4,500
2530,2023-08-25,24,42,10,4,500
3336,2023-09-24,22,42,8,4,400
7787,2024-02-25,4,42,12,5,600
9875,2024-08-01,4,42,12,4,600
3707,2023-10-06,6,42,24,4,1200
7142,2024-02-03,4,42,12,4,600
7195,2024-02-05,4,42,12,4,600
362,2023-02-04,15,42,7,5,350
4281,2023-10-27,6,42,24,4,1200
7788,2024-02-25,4,42,12,5,600
8642,2024-03-24,1,42,7,5,350
3757,2023-10-07,9,42,14,5,700
4170,2023-10-23,5,42,9,4,450
7252,2024-02-07,4,42,12,5,600
8514,2024-03-19,2,42,18,5,900
8545,2024-03-20,4,42,12,4,600
2001,2023-07-05,19,43,6,4,300
2831,2023-09-08,22,43,8,4,400
4001,2023-10-16,9,43,14,5,700
4766,2023-11-13,1,43,7,5,350
6012,2023-12-25,14,43,6.4,5,320
6312,2024-01-04,14,43,6.4,5,320
9358,2024-05-24,3,43,5,4,250
9625,2024-06-28,1,43,7,5,350
1478,2023-05-14,22,43,8,5,400
2135,2023-07-18,6,43,24,5,1200
4080,2023-10-19,10,43,36,5,1800
4348,2023-10-29,9,43,14,5,700
6006,2023-12-24,14,43,6.4,4,320
6877,2024-01-24,3,43,5,4,250
8337,2024-03-13,4,43,12,4,600
8837,2024-03-31,1,43,7,5,350
9237,2024-05-11,1,43,7,5,350
9381,2024-05-26,4,43,12,5,600
137,2023-01-16,7,43,30,4,1500
587,2023-02-25,22,43,8,4,400
792,2023-03-13,19,43,6,4,300
1144,2023-04-15,9,43,14,5,700
1791,2023-06-11,17,43,12,5,600
3281,2023-09-22,23,43,5,4,250
4342,2023-10-29,7,43,30,5,1500
4453,2023-11-02,9,43,14,4,700
4642,2023-11-08,11,43,11,4,550
4652,2023-11-09,2,43,18,5,900
8633,2024-03-23,4,43,12,5,600
10180,2024-09-07,1,43,7,5,350
10320,2024-09-25,1,43,7,5,350
1886,2023-06-23,7,43,30,4,1500
5597,2023-12-10,8,43,15,4,750
363,2023-02-04,16,44,10,4,500
1079,2023-04-09,11,44,11,5,550
1983,2023-07-03,14,44,6.4,4,320
2886,2023-09-09,24,44,10,5,500
3079,2023-09-16,22,44,8,4,400
3827,2023-10-10,7,44,30,4,1500
4164,2023-10-23,3,44,5,5,250
4812,2023-11-14,5,44,9,5,450
5054,2023-11-22,7,44,30,5,1500
5089,2023-11-23,11,44,11,4,550
5560,2023-12-09,6,44,24,4,1200
5969,2023-12-23,14,44,6.4,5,320
6069,2023-12-27,14,44,6.4,4,320
6791,2024-01-21,2,44,18,4,900
7611,2024-02-19,2,44,18,5,900
8172,2024-03-07,4,44,12,4,600
8559,2024-03-21,2,44,18,4,900
4,2023-01-01,15,44,7,4,350
1565,2023-05-22,28,44,6,5,300
2385,2023-08-10,24,44,10,5,500
5048,2023-11-22,5,44,9,4,450
5962,2023-12-23,14,44,6.4,5,320
7286,2024-02-08,3,44,5,5,250
7488,2024-02-14,4,44,12,4,600
7850,2024-02-27,3,44,5,5,250
8533,2024-03-20,1,44,7,4,350
21,2023-01-03,9,44,14,5,700
108,2023-01-13,2,44,18,5,900
1668,2023-06-02,7,44,30,5,1500
4132,2023-10-22,2,44,18,5,900
4151,2023-10-22,10,44,36,4,1800
4210,2023-10-24,8,44,15,4,750
4391,2023-11-01,3,44,5,4,250
5552,2023-12-09,3,44,5,4,250
2615,2023-09-01,24,44,10,4,500
626,2023-03-01,4,44,12,4,600
7473,2024-02-14,2,44,18,4,900
8941,2024-04-10,4,44,12,5,600
2666,2023-09-02,24,44,10,5,500
3964,2023-10-15,3,44,5,5,250
4844,2023-11-15,3,44,5,5,250
7503,2024-02-15,3,44,5,5,250
2616,2023-09-01,24,45,10,5,500
3489,2023-09-29,22,45,8,4,400
3555,2023-10-01,23,45,5,4,250
6408,2024-01-07,14,45,6.4,4,320
8629,2024-03-23,3,45,5,4,250
2105,2023-07-15,20,45,16,5,800
3364,2023-09-25,22,45,8,4,400
3593,2023-10-02,10,45,36,5,1800
3631,2023-10-03,11,45,11,5,550
3753,2023-10-07,8,45,15,4,750
5569,2023-12-09,10,45,36,4,1800
6096,2023-12-28,14,45,6.4,5,320
6226,2024-01-01,14,45,6.4,5,320
7699,2024-02-22,3,45,5,4,250
8778,2024-03-28,4,45,12,4,600
9790,2024-07-20,2,45,18,4,900
10295,2024-09-21,2,45,18,5,900
191,2023-01-21,21,45,13,4,650
256,2023-01-26,24,45,10,4,500
2635,2023-09-01,24,45,10,5,500
2914,2023-09-10,23,45,5,5,250
4780,2023-11-13,5,45,9,4,450
5728,2023-12-16,3,45,5,4,250
1435,2023-05-10,14,45,6.4,5,320
2231,2023-07-25,28,45,6,4,300
5646,2023-12-12,7,45,30,4,1500
10274,2024-09-19,2,45,18,4,900
8258,2024-03-10,4,45,12,4,600
3069,2023-09-16,21,45,13,4,650
6640,2024-01-16,1,45,7,4,350
8651,2024-03-24,3,45,5,4,250
580,2023-02-24,27,46,4,4,200
1647,2023-05-31,6,46,24,4,1200
2124,2023-07-17,10,46,36,5,1800
2819,2023-09-07,24,46,10,4,500
6966,2024-01-28,1,46,7,4,350
8979,2024-04-15,1,46,7,5,350
714,2023-03-07,5,46,9,4,450
1128,2023-04-14,2,46,18,5,900
1480,2023-05-14,28,46,6,4,300
1561,2023-05-22,24,46,10,4,500
2085,2023-07-13,14,46,6.4,5,320
2488,2023-08-20,24,46,10,5,500
3108,2023-09-17,23,46,5,4,250
3774,2023-10-08,10,46,36,4,1800
4332,2023-10-29,1,46,7,4,350
4377,2023-10-31,5,46,9,5,450
5460,2023-12-06,4,46,12,5,600
8648,2024-03-24,2,46,18,5,900
9365,2024-05-25,2,46,18,5,900
9668,2024-07-03,1,46,7,4,350
2074,2023-07-12,10,46,36,5,1800
2386,2023-08-10,24,46,10,5,500
2441,2023-08-15,24,46,10,5,500
3043,2023-09-15,22,46,8,5,400
6303,2024-01-04,14,46,6.4,4,320
688,2023-03-04,24,46,10,4,500
2035,2023-07-08,16,46,10,4,500
2876,2023-09-09,23,46,5,5,250
3220,2023-09-20,24,46,10,4,500
10037,2024-08-20,2,46,18,4,900
4634,2023-11-08,6,46,24,4,1200
5108,2023-11-24,11,46,11,4,550
9096,2024-04-28,1,46,7,5,350
9425,2024-05-31,2,46,18,4,900
7453,2024-02-13,3,46,5,4,250
304,2023-01-30,24,47,10,4,500
972,2023-03-31,18,47,9,4,450
5272,2023-11-30,9,47,14,5,700
5438,2023-12-05,2,47,18,4,900
6307,2024-01-04,14,47,6.4,4,320
8015,2024-03-02,4,47,12,4,600
9758,2024-07-15,3,47,5,4,250
663,2023-03-03,9,47,14,4,700
1514,2023-05-17,27,47,4,4,200
1859,2023-06-20,12,47,6,4,300
2145,2023-07-19,5,47,9,5,450
2983,2023-09-13,21,47,13,5,650
4745,2023-11-12,4,47,12,5,600
5672,2023-12-13,10,47,36,4,1800
9619,2024-06-27,2,47,18,4,900
10212,2024-09-12,2,47,18,5,900
1491,2023-05-16,8,47,15,5,750
4728,2023-11-11,10,47,36,5,1800
3924,2023-10-14,1,47,7,5,350
5538,2023-12-08,9,47,14,4,700
9296,2024-05-16,4,47,12,5,600
2019,2023-07-07,13,47,9,4,450
2106,2023-07-15,24,47,10,5,500
9362,2024-05-25,1,47,7,5,350
447,2023-02-13,12,48,6,5,300
1085,2023-04-09,23,48,5,5,250
1722,2023-06-06,1,48,7,5,350
2396,2023-08-11,24,48,10,4,500
2414,2023-08-12,24,48,10,4,500
2934,2023-09-11,21,48,13,5,650
3104,2023-09-17,23,48,5,4,250
4954,2023-11-19,2,48,18,5,900
5041,2023-11-22,3,48,5,5,250
5387,2023-12-03,3,48,5,5,250
9471,2024-06-07,2,48,18,4,900
9840,2024-07-26,4,48,12,5,600
10073,2024-08-23,4,48,12,5,600
2041,2023-07-09,2,48,18,4,900
2718,2023-09-04,24,48,10,5,500
5541,2023-12-08,10,48,36,4,1800
5562,2023-12-09,7,48,30,5,1500
7230,2024-02-07,1,48,7,5,350
970,2023-03-31,13,48,9,4,450
1571,2023-05-23,9,48,14,4,700
1627,2023-05-29,1,48,7,4,350
2870,2023-09-09,22,48,8,5,400
3361,2023-09-25,22,48,8,4,400
3252,2023-09-21,24,48,10,5,500
6256,2024-01-02,14,48,6.4,4,320
667,2023-03-03,19,48,6,4,300
8260,2024-03-10,4,48,12,4,600
8688,2024-03-25,3,48,5,5,250
8705,2024-03-26,2,48,18,4,900
9540,2024-06-17,2,48,18,5,900
10343,2024-09-26,4,48,12,5,600
1635,2023-05-29,24,48,10,5,500
1064,2023-04-08,11,49,11,4,550
1347,2023-05-03,19,49,6,4,300
1367,2023-05-04,20,49,16,4,800
2125,2023-07-17,13,49,9,4,450
2248,2023-07-27,8,49,15,5,750
2634,2023-09-01,24,49,10,5,500
3752,2023-10-07,7,49,30,5,1500
4583,2023-11-06,8,49,15,5,750
5400,2023-12-03,8,49,15,5,750
7219,2024-02-06,4,49,12,4,600
7601,2024-02-18,4,49,12,5,600
8464,2024-03-17,4,49,12,5,600
8617,2024-03-23,2,49,18,4,900
8838,2024-03-31,1,49,7,5,350
8859,2024-03-31,4,49,12,5,600
9393,2024-05-27,2,49,18,5,900
10184,2024-09-07,2,49,18,4,900
80,2023-01-10,8,49,15,4,750
405,2023-02-09,14,49,6.4,4,320
422,2023-02-10,20,49,16,5,800
594,2023-02-26,3,49,5,5,250
680,2023-03-04,14,49,6.4,5,320
2720,2023-09-04,24,49,10,4,500
3464,2023-09-28,24,49,10,5,500
3675,2023-10-05,7,49,30,4,1500
3851,2023-10-11,7,49,30,5,1500
5624,2023-12-11,8,49,15,5,750
8333,2024-03-13,3,49,5,5,250
8589,2024-03-22,2,49,18,4,900
10371,2024-09-30,2,49,18,5,900
2767,2023-09-06,24,49,10,4,500
3332,2023-09-24,22,49,8,5,400
3919,2023-10-13,11,49,11,5,550
4751,2023-11-12,6,49,24,4,1200
7001,2024-01-29,2,49,18,5,900
10333,2024-09-25,4,49,12,5,600
4643,2023-11-08,11,49,11,5,550
7411,2024-02-12,2,49,18,4,900
2705,2023-09-04,24,49,10,5,500
6079,2023-12-27,14,49,6.4,4,320
745,2023-03-09,22,49,8,5,400
1855,2023-06-19,12,49,6,5,300
4095,2023-10-20,8,49,15,5,750
9713,2024-07-09,2,49,18,4,900
445,2023-02-13,7,50,30,5,1500
1516,2023-05-18,10,50,36,4,1800
6919,2024-01-26,2,50,18,4,900
7280,2024-02-08,3,50,5,4,250
9132,2024-05-01,3,50,5,5,250
10373,2024-09-30,3,50,5,5,250
1805,2023-06-13,28,50,6,5,300
2284,2023-07-31,1,50,7,5,350
4063,2023-10-19,4,50,12,5,600
4253,2023-10-26,6,50,24,4,1200
5449,2023-12-05,8,50,15,5,750
5958,2023-12-23,14,50,6.4,4,320
6759,2024-01-20,3,50,5,4,250
6951,2024-01-27,2,50,18,4,900
8343,2024-03-14,1,50,7,5,350
8860,2024-03-31,4,50,12,4,600
9919,2024-08-05,4,50,12,4,600
10078,2024-08-24,3,50,5,4,250
10096,2024-08-27,1,50,7,4,350
644,2023-03-02,5,50,9,4,450
814,2023-03-15,17,50,12,4,600
4717,2023-11-11,5,50,9,4,450
4963,2023-11-19,5,50,9,5,450
5587,2023-12-10,4,50,12,4,600
8162,2024-03-07,2,50,18,5,900
9830,2024-07-25,3,50,5,4,250
2404,2023-08-11,24,50,10,4,500
4546,2023-11-05,6,50,24,4,1200
7915,2024-03-01,1,50,7,5,350
1354,2023-05-04,3,50,5,5,250
9697,2024-07-07,2,50,18,5,900
1649,2023-05-31,17,50,12,5,600
3991,2023-10-16,4,50,12,4,600
5824,2023-12-19,5,50,9,5,450
8077,2024-03-04,4,50,12,4,600
738,2023-03-09,9,51,14,4,700
2010,2023-07-06,5,51,9,4,450
5318,2023-12-01,8,51,15,4,750
6634,2024-01-15,4,51,12,5,600
7692,2024-02-22,2,51,18,4,900
7735,2024-02-24,1,51,7,4,350
9671,2024-07-03,4,51,12,5,600
10116,2024-08-29,4,51,12,4,600
501,2023-02-17,25,51,12,5,600
559,2023-02-23,9,51,14,4,700
2032,2023-07-08,9,51,14,5,700
2159,2023-07-20,12,51,6,5,300
3004,2023-09-14,21,51,13,5,650
3091,2023-09-17,21,51,13,4,650
3410,2023-09-27,21,51,13,5,650
4203,2023-10-24,6,51,24,4,1200
4406,2023-11-01,7,51,30,4,1500
5406,2023-12-04,2,51,18,4,900
5581,2023-12-10,3,51,5,5,250
5981,2023-12-24,14,51,6.4,4,320
6526,2024-01-12,2,51,18,5,900
7111,2024-02-02,3,51,5,5,250
7957,2024-03-01,4,51,12,4,600
8713,2024-03-26,3,51,5,5,250
9547,2024-06-18,1,51,7,4,350
9640,2024-06-30,1,51,7,5,350
10058,2024-08-22,2,51,18,4,900
132,2023-01-16,5,51,9,5,450
1210,2023-04-22,18,51,9,5,450
1357,2023-05-04,8,51,15,4,750
3558,2023-10-01,23,51,5,4,250
4016,2023-10-17,7,51,30,4,1500
5546,2023-12-09,2,51,18,5,900
8510,2024-03-19,2,51,18,4,900
9721,2024-07-10,2,51,18,4,900
10356,2024-09-28,4,51,12,4,600
6141,2023-12-29,14,51,6.4,4,320
2327,2023-08-03,24,51,10,5,500
9781,2024-07-19,3,51,5,5,250
1306,2023-04-30,26,51,18,4,900
3890,2023-10-12,9,51,14,4,700
5744,2023-12-16,8,51,15,5,750
7471,2024-02-14,1,51,7,5,350
7525,2024-02-16,2,51,18,4,900
9380,2024-05-26,3,51,5,5,250
1897,2023-06-24,24,52,10,5,500
2110,2023-07-16,9,52,14,4,700
3408,2023-09-26,24,52,10,4,500
3644,2023-10-04,5,52,9,5,450
4070,2023-10-19,5,52,9,5,450
5005,2023-11-20,10,52,36,4,1800
5210,2023-11-28,7,52,30,4,1500
6811,2024-01-22,1,52,7,4,350
7656,2024-02-21,2,52,18,5,900
8271,2024-03-11,2,52,18,5,900
9553,2024-06-18,3,52,5,4,250
221,2023-01-24,7,52,30,4,1500
543,2023-02-22,9,52,14,4,700
787,2023-03-13,8,52,15,4,750
1163,2023-04-17,20,52,16,4,800
1497,2023-05-16,22,52,8,4,400
1821,2023-06-15,9,52,14,4,700
2322,2023-08-03,24,52,10,4,500
3090,2023-09-17,21,52,13,5,650
3599,2023-10-02,21,52,13,4,650
3711,2023-10-06,7,52,30,5,1500
5156,2023-11-26,9,52,14,5,700
6065,2023-12-26,14,52,6.4,5,320
6665,2024-01-16,4,52,12,4,600
8810,2024-03-29,4,52,12,4,600
10135,2024-09-03,1,52,7,5,350
1042,2023-04-06,15,52,7,4,350
1117,2023-04-13,2,52,18,5,900
1240,2023-04-24,27,52,4,4,200
1763,2023-06-09,8,52,15,4,750
2176,2023-07-21,13,52,9,4,450
2527,2023-08-24,24,52,10,4,500
2607,2023-08-31,24,52,10,4,500
2951,2023-09-11,23,52,5,5,250
3089,2023-09-17,21,52,13,4,650
3287,2023-09-22,24,52,10,4,500
4171,2023-10-23,5,52,9,4,450
4435,2023-11-02,4,52,12,5,600
4587,2023-11-06,11,52,11,4,550
4688,2023-11-10,7,52,30,5,1500
6327,2024-01-05,14,52,6.4,4,320
6666,2024-01-16,4,52,12,5,600
3633,2023-10-03,11,52,11,4,550
2055,2023-07-10,15,52,7,5,350
5955,2023-12-23,14,52,6.4,5,320
5996,2023-12-24,14,52,6.4,5,320
6040,2023-12-26,14,52,6.4,4,320
6795,2024-01-21,2,52,18,5,900
9515,2024-06-14,1,52,7,5,350
3616,2023-10-03,4,52,12,4,600
3293,2023-09-23,21,53,13,5,650
3324,2023-09-23,24,53,10,4,500
8304,2024-03-12,2,53,18,4,900
430,2023-02-11,17,53,12,5,600
1415,2023-05-09,6,53,24,5,1200
2364,2023-08-08,24,53,10,4,500
3093,2023-09-17,21,53,13,5,650
3190,2023-09-19,24,53,10,5,500
3430,2023-09-27,24,53,10,5,500
3885,2023-10-12,8,53,15,5,750
5781,2023-12-18,1,53,7,4,350
6299,2024-01-04,14,53,6.4,4,320
6699,2024-01-18,2,53,18,4,900
7024,2024-01-29,4,53,12,4,600
7826,2024-02-27,1,53,7,5,350
7904,2024-02-29,4,53,12,4,600
9243,2024-05-11,3,53,5,5,250
1095,2023-04-10,7,53,30,5,1500
3274,2023-09-22,23,53,5,4,250
4965,2023-11-19,6,53,24,4,1200
7895,2024-02-29,3,53,5,4,250
701,2023-03-05,19,53,6,4,300
3202,2023-09-20,21,53,13,5,650
1963,2023-07-01,26,53,18,5,900
3307,2023-09-23,23,53,5,4,250
7198,2024-02-06,1,53,7,5,350
3133,2023-09-18,22,53,8,4,400
10145,2024-09-03,4,53,12,4,600
1291,2023-04-28,22,54,8,5,400
3569,2023-10-01,24,54,10,5,500
3971,2023-10-15,7,54,30,4,1500
4152,2023-10-22,10,54,36,5,1800
4425,2023-11-02,1,54,7,4,350
6331,2024-01-05,14,54,6.4,5,320
7403,2024-02-12,2,54,18,4,900
8061,2024-03-04,2,54,18,4,900
8128,2024-03-06,1,54,7,5,350
8347,2024-03-14,1,54,7,5,350
8366,2024-03-14,4,54,12,5,600
8921,2024-04-07,2,54,18,4,900
9109,2024-04-30,1,54,7,5,350
1130,2023-04-14,9,54,14,4,700
1625,2023-05-28,26,54,18,4,900
2778,2023-09-06,24,54,10,4,500
5176,2023-11-27,5,54,9,4,450
6591,2024-01-14,1,54,7,4,350
7740,2024-02-24,1,54,7,4,350
8135,2024-03-06,2,54,18,5,900
8249,2024-03-10,2,54,18,4,900
8548,2024-03-20,4,54,12,5,600
8842,2024-03-31,2,54,18,4,900
9104,2024-04-28,4,54,12,4,600
1168,2023-04-18,10,54,36,5,1800
2539,2023-08-25,24,54,10,5,500
4701,2023-11-10,10,54,36,5,1800
4796,2023-11-13,10,54,36,5,1800
7912,2024-03-01,1,54,7,5,350
8349,2024-03-14,1,54,7,5,350
8923,2024-04-07,4,54,12,5,600
10318,2024-09-24,4,54,12,4,600
3639,2023-10-04,2,54,18,4,900
5710,2023-12-15,6,54,24,5,1200
8145,2024-03-06,3,54,5,5,250
8975,2024-04-14,3,54,5,5,250
3049,2023-09-15,23,54,5,5,250
3096,2023-09-17,22,54,8,4,400
5209,2023-11-28,5,54,9,4,450
2405,2023-08-12,24,54,10,5,500
7775,2024-02-25,2,54,18,4,900
963,2023-03-31,2,55,18,5,900
1601,2023-05-26,17,55,12,5,600
3682,2023-10-05,8,55,15,5,750
4761,2023-11-12,9,55,14,5,700
5407,2023-12-04,3,55,5,5,250
7096,2024-02-01,4,55,12,5,600
7474,2024-02-14,2,55,18,4,900
9391,2024-05-27,2,55,18,5,900
557,2023-02-23,6,55,24,5,1200
2025,2023-07-07,25,55,12,5,600
2976,2023-09-12,24,55,10,4,500
3715,2023-10-06,9,55,14,4,700
4769,2023-11-13,2,55,18,4,900
5899,2023-12-21,14,55,6.4,5,320
6339,2024-01-05,14,55,6.4,5,320
10222,2024-09-13,1,55,7,4,350
401,2023-02-09,6,55,24,4,1200
677,2023-03-04,7,55,30,4,1500
1125,2023-04-13,25,55,12,4,600
4404,2023-11-01,6,55,24,4,1200
4471,2023-11-03,4,55,12,4,600
120,2023-01-14,22,55,8,5,400
1768,2023-06-10,2,55,18,5,900
4494,2023-11-04,1,55,7,5,350
1327,2023-05-01,24,55,10,5,500
4710,2023-11-11,1,55,7,4,350
5324,2023-12-01,9,55,14,4,700
8228,2024-03-09,3,55,5,4,250
8487,2024-03-18,4,55,12,4,600
8906,2024-04-05,2,55,18,4,900
658,2023-03-02,27,56,4,4,200
1088,2023-04-09,26,56,18,4,900
3238,2023-09-21,22,56,8,4,400
4514,2023-11-04,10,56,36,4,1800
6000,2023-12-24,14,56,6.4,5,320
9692,2024-07-05,4,56,12,5,600
1262,2023-04-26,23,56,5,5,250
2653,2023-09-02,24,56,10,4,500
2677,2023-09-03,24,56,10,5,500
3584,2023-10-02,4,56,12,5,600
6154,2023-12-29,14,56,6.4,5,320
6855,2024-01-23,4,56,12,5,600
7285,2024-02-08,3,56,5,5,250
7458,2024-02-13,4,56,12,4,600
10006,2024-08-14,3,56,5,5,250
1594,2023-05-25,26,56,18,5,900
2077,2023-07-12,16,56,10,4,500
3572,2023-10-01,24,56,10,4,500
3780,2023-10-09,2,56,18,4,900
3781,2023-10-09,2,56,18,5,900
6239,2024-01-02,14,56,6.4,5,320
18,2023-01-03,6,56,24,5,1200
5271,2023-11-30,8,56,15,5,750
6086,2023-12-27,14,56,6.4,5,320
9105,2024-04-29,1,56,7,4,350
1258,2023-04-26,16,56,10,5,500
3360,2023-09-25,22,56,8,5,400
7742,2024-02-24,2,56,18,4,900
298,2023-01-30,16,56,10,5,500
6683,2024-01-17,3,56,5,4,250
8030,2024-03-03,1,56,7,4,350
9081,2024-04-25,4,56,12,4,600
812,2023-03-15,9,57,14,5,700
1310,2023-04-30,28,57,6,4,300
1567,2023-05-23,1,57,7,5,350
1580,2023-05-24,7,57,30,4,1500
1689,2023-06-03,20,57,16,5,800
3658,2023-10-04,8,57,15,4,750
4301,2023-10-28,1,57,7,5,350
6289,2024-01-03,14,57,6.4,5,320
6726,2024-01-19,2,57,18,5,900
7092,2024-02-01,3,57,5,5,250
7145,2024-02-03,4,57,12,5,600
8691,2024-03-25,3,57,5,5,250
9143,2024-05-02,1,57,7,4,350
2031,2023-07-08,9,57,14,5,700
2897,2023-09-10,21,57,13,5,650
3086,2023-09-16,24,57,10,4,500
4632,2023-11-08,5,57,9,4,450
6089,2023-12-28,14,57,6.4,4,320
6765,2024-01-20,3,57,5,5,250
7375,2024-02-11,3,57,5,5,250
7726,2024-02-23,4,57,12,4,600
8672,2024-03-25,1,57,7,4,350
13,2023-01-02,22,57,8,5,400
228,2023-01-24,16,57,10,5,500
665,2023-03-03,10,57,36,5,1800
1289,2023-04-28,15,57,7,5,350
1671,2023-06-02,11,57,11,4,550
3950,2023-10-14,9,57,14,5,700
3118,2023-09-18,21,57,13,5,650
3243,2023-09-21,22,57,8,4,400
7917,2024-03-01,1,57,7,4,350
3235,2023-09-21,22,57,8,5,400
4763,2023-11-12,11,57,11,5,550
8639,2024-03-24,1,57,7,5,350
8367,2024-03-14,4,57,12,4,600
9415,2024-05-30,3,57,5,5,250
372,2023-02-05,28,58,6,4,300
1461,2023-05-13,12,58,6,5,300
4116,2023-10-21,7,58,30,5,1500
5712,2023-12-15,7,58,30,5,1500
5808,2023-12-18,10,58,36,4,1800
6175,2023-12-31,14,58,6.4,4,320
7038,2024-01-30,3,58,5,4,250
7562,2024-02-17,4,58,12,5,600
8846,2024-03-31,2,58,18,5,900
9602,2024-06-24,4,58,12,5,600
9785,2024-07-19,4,58,12,4,600
9834,2024-07-26,2,58,18,4,900
611,2023-02-27,12,58,6,4,300
924,2023-03-27,14,58,6.4,5,320
3328,2023-09-24,21,58,13,5,650
3371,2023-09-25,23,58,5,4,250
3375,2023-09-25,24,58,10,5,500
4211,2023-10-24,9,58,14,4,700
5242,2023-11-29,8,58,15,4,750
5330,2023-12-01,10,58,36,4,1800
6467,2024-01-09,14,58,6.4,5,320
7191,2024-02-05,4,58,12,5,600
7631,2024-02-20,1,58,7,5,350
181,2023-01-20,3,58,5,5,250
510,2023-02-19,10,58,36,5,1800
1489,2023-05-15,26,58,18,5,900
1753,2023-06-08,14,58,6.4,4,320
2304,2023-08-01,22,58,8,5,400
2810,2023-09-07,24,58,10,4,500
3443,2023-09-28,21,58,13,5,650
4329,2023-10-28,11,58,11,4,550
4808,2023-11-14,4,58,12,4,600
5891,2023-12-21,14,58,6.4,5,320
540,2023-02-22,2,58,18,5,900
4006,2023-10-16,11,58,11,5,550
8193,2024-03-08,2,58,18,4,900
3169,2023-09-19,22,58,8,4,400
4750,2023-11-12,6,58,24,4,1200
7578,2024-02-18,1,58,7,5,350
3601,2023-10-02,21,58,13,4,650
209,2023-01-23,16,59,10,4,500
288,2023-01-30,1,59,7,4,350
1275,2023-04-27,24,59,10,5,500
1948,2023-07-01,9,59,14,5,700
2442,2023-08-15,24,59,10,5,500
2533,2023-08-25,24,59,10,5,500
3259,2023-09-22,21,59,13,5,650
3754,2023-10-07,8,59,15,5,750
3911,2023-10-13,6,59,24,5,1200
4127,2023-10-22,1,59,7,5,350
5433,2023-12-05,1,59,7,4,350
7162,2024-02-04,3,59,5,5,250
8381,2024-03-15,1,59,7,4,350
8673,2024-03-25,1,59,7,4,350
8788,2024-03-29,2,59,18,4,900
8843,2024-03-31,2,59,18,5,900
2917,2023-09-10,23,59,5,4,250
2930,2023-09-10,24,59,10,4,500
3898,2023-10-13,2,59,18,5,900
5256,2023-11-30,2,59,18,4,900
5383,2023-12-03,2,59,18,5,900
6442,2024-01-08,14,59,6.4,4,320
45,2023-01-05,20,59,16,5,800
2048,2023-07-09,20,59,16,5,800
2698,2023-09-04,24,59,10,4,500
2780,2023-09-06,24,59,10,4,500
2803,2023-09-07,24,59,10,4,500
2910,2023-09-10,22,59,8,5,400
4046,2023-10-18,8,59,15,4,750
4906,2023-11-17,10,59,36,5,1800
5549,2023-12-09,2,59,18,5,900
5942,2023-12-22,14,59,6.4,4,320
5945,2023-12-23,14,59,6.4,4,320
8150,2024-03-07,1,59,7,5,350
275,2023-01-28,16,59,10,5,500
2057,2023-07-10,16,59,10,4,500
8480,2024-03-18,3,59,5,5,250
9876,2024-08-01,4,59,12,5,600
4284,2023-10-27,7,59,30,5,1500
4418,2023-11-01,10,59,36,4,1800
569,2023-02-24,5,60,9,4,450
653,2023-03-02,21,60,13,5,650
1164,2023-04-17,24,60,10,4,500
2708,2023-09-04,24,60,10,5,500
3568,2023-10-01,24,60,10,4,500
3585,2023-10-02,6,60,24,4,1200
4572,2023-11-06,4,60,12,5,600
6706,2024-01-18,3,60,5,4,250
7139,2024-02-03,4,60,12,5,600
8103,2024-03-05,3,60,5,5,250
9893,2024-08-03,4,60,12,4,600
10125,2024-08-31,4,60,12,5,600
485,2023-02-16,4,60,12,5,600
992,2023-04-02,4,60,12,5,600
1080,2023-04-09,12,60,6,5,300
1432,2023-05-10,11,60,11,5,550
3290,2023-09-22,24,60,10,5,500
3399,2023-09-26,23,60,5,5,250
3606,2023-10-02,23,60,5,5,250
5776,2023-12-17,11,60,11,4,550
5873,2023-12-20,14,60,6.4,5,320
7209,2024-02-06,2,60,18,4,900
8079,2024-03-04,4,60,12,4,600
10236,2024-09-14,1,60,7,5,350
350,2023-02-03,7,60,30,5,1500
3974,2023-10-15,9,60,14,4,700
4845,2023-11-15,4,60,12,4,600
8321,2024-03-13,1,60,7,5,350
9842,2024-07-27,2,60,18,4,900
1485,2023-05-15,12,60,6,5,300
6848,2024-01-23,3,60,5,5,250
7420,2024-02-12,3,60,5,4,250
5948,2023-12-23,14,60,6.4,4,320
7835,2024-02-27,3,60,5,4,250
489,2023-02-16,12,60,6,5,300
1630,2023-05-29,9,60,14,5,700
3514,2023-09-30,22,60,8,4,400
5371,2023-12-02,10,60,36,4,1800
5964,2023-12-23,14,60,6.4,4,320
2321,2023-08-03,24,61,10,5,500
4084,2023-10-20,1,61,7,4,350
4213,2023-10-24,9,61,14,4,700
5600,2023-12-10,9,61,14,5,700
5639,2023-12-12,5,61,9,5,450
6736,2024-01-19,3,61,5,5,250
6980,2024-01-28,3,61,5,4,250
7082,2024-02-01,2,61,18,5,900
7767,2024-02-25,2,61,18,5,900
7980,2024-03-02,2,61,18,5,900
8532,2024-03-20,1,61,7,5,350
8982,2024-04-15,3,61,5,5,250
250,2023-01-26,16,61,10,5,500
933,2023-03-28,25,61,12,5,600
2219,2023-07-24,24,61,10,5,500
2554,2023-08-26,24,61,10,5,500
3026,2023-09-14,24,61,10,5,500
5490,2023-12-07,5,61,9,5,450
5941,2023-12-22,14,61,6.4,4,320
6422,2024-01-08,14,61,6.4,4,320
8374,2024-03-15,1,61,7,4,350
9533,2024-06-16,1,61,7,5,350
9810,2024-07-23,2,61,18,5,900
511,2023-02-19,12,61,6,4,300
951,2023-03-30,9,61,14,5,700
1720,2023-06-05,28,61,6,4,300
2620,2023-09-01,24,61,10,5,500
2678,2023-09-03,24,61,10,5,500
3670,2023-10-05,4,61,12,4,600
4664,2023-11-09,7,61,30,5,1500
6371,2024-01-06,14,61,6.4,4,320
2222,2023-07-24,26,61,18,5,900
6800,2024-01-21,3,61,5,4,250
7395,2024-02-12,1,61,7,5,350
8932,2024-04-09,2,61,18,4,900
6335,2024-01-05,14,61,6.4,5,320
6837,2024-01-23,2,61,18,5,900
9077,2024-04-25,2,61,18,4,900
95,2023-01-11,22,61,8,5,400
400,2023-02-09,5,61,9,5,450
385,2023-02-07,14,62,6.4,4,320
1399,2023-05-08,9,62,14,4,700
1456,2023-05-12,24,62,10,5,500
1719,2023-06-05,28,62,6,5,300
2381,2023-08-10,24,62,10,5,500
2512,2023-08-22,24,62,10,5,500
2790,2023-09-07,21,62,13,5,650
2999,2023-09-13,24,62,10,5,500
4187,2023-10-23,9,62,14,4,700
5829,2023-12-19,9,62,14,5,700
7783,2024-02-25,3,62,5,5,250
8219,2024-03-09,2,62,18,5,900
9921,2024-08-06,1,62,7,4,350
1220,2023-04-23,4,62,12,5,600
1257,2023-04-26,16,62,10,5,500
4061,2023-10-19,4,62,12,4,600
6850,2024-01-23,3,62,5,4,250
7331,2024-02-10,1,62,7,5,350
8024,2024-03-03,1,62,7,5,350
8879,2024-04-02,3,62,5,5,250
9859,2024-07-30,1,62,7,5,350
102,2023-01-12,17,62,12,4,600
1633,2023-05-29,20,62,16,5,800
3817,2023-10-10,4,62,12,5,600
6055,2023-12-26,14,62,6.4,5,320
2202,2023-07-23,3,62,5,5,250
3689,2023-10-05,9,62,14,5,700
4586,2023-11-06,10,62,36,4,1800
6672,2024-01-17,2,62,18,5,900
7779,2024-02-25,3,62,5,5,250
8754,2024-03-28,2,62,18,4,900
5550,2023-12-09,3,62,5,4,250
3078,2023-09-16,22,62,8,5,400
4755,2023-11-12,8,62,15,4,750
5862,2023-12-20,14,62,6.4,4,320
1600,2023-05-26,12,63,6,5,300
1739,2023-06-07,2,63,18,5,900
2448,2023-08-16,24,63,10,5,500
3192,2023-09-19,24,63,10,4,500
3583,2023-10-02,4,63,12,5,600
3656,2023-10-04,8,63,15,4,750
3977,2023-10-15,9,63,14,4,700
5102,2023-11-24,7,63,30,5,1500
5240,2023-11-29,8,63,15,5,750
6490,2024-01-10,14,63,6.4,5,320
6994,2024-01-29,1,63,7,5,350
8606,2024-03-23,1,63,7,4,350
9287,2024-05-16,1,63,7,4,350
9500,2024-06-12,1,63,7,5,350
627,2023-03-01,6,63,24,5,1200
1443,2023-05-11,20,63,16,5,800
2005,2023-07-05,24,63,10,4,500
2038,2023-07-08,25,63,12,5,600
3400,2023-09-26,23,63,5,5,250
4848,2023-11-15,5,63,9,5,450
7897,2024-02-29,3,63,5,5,250
10014,2024-08-16,1,63,7,4,350
124,2023-01-15,7,63,30,4,1500
919,2023-03-26,23,63,5,5,250
2389,2023-08-10,24,63,10,5,500
3303,2023-09-23,22,63,8,5,400
3317,2023-09-23,24,63,10,5,500
4577,2023-11-06,5,63,9,4,450
5711,2023-12-15,6,63,24,5,1200
8186,2024-03-08,2,63,18,4,900
8279,2024-03-11,3,63,5,5,250
4981,2023-11-20,1,63,7,5,350
7172,2024-02-04,4,63,12,4,600
10147,2024-09-03,4,63,12,4,600
7658,2024-02-21,2,63,18,5,900
403,2023-02-09,11,64,11,5,550
645,2023-03-02,7,64,30,5,1500
768,2023-03-11,14,64,6.4,4,320
2652,2023-09-02,24,64,10,4,500
2907,2023-09-10,22,64,8,5,400
5866,2023-12-20,14,64,6.4,4,320
7570,2024-02-18,1,64,7,5,350
7902,2024-02-29,4,64,12,5,600
8674,2024-03-25,1,64,7,5,350
9126,2024-05-01,2,64,18,4,900
9982,2024-08-12,3,64,5,4,250
2028,2023-07-08,3,64,5,5,250
2852,2023-09-09,21,64,13,4,650
3643,2023-10-04,5,64,9,4,450
4075,2023-10-19,8,64,15,4,750
4412,2023-11-01,9,64,14,4,700
6381,2024-01-06,14,64,6.4,4,320
8195,2024-03-08,2,64,18,5,900
8968,2024-04-13,3,64,5,4,250
10038,2024-08-20,2,64,18,5,900
10136,2024-09-03,1,64,7,4,350
839,2023-03-17,24,64,10,4,500
1226,2023-04-23,19,64,6,4,300
2088,2023-07-13,22,64,8,5,400
2253,2023-07-27,27,64,4,5,200
3488,2023-09-29,22,64,8,5,400
3553,2023-10-01,23,64,5,5,250
9948,2024-08-08,4,64,12,5,600
2445,2023-08-16,24,64,10,5,500
2922,2023-09-10,23,64,5,5,250
3515,2023-09-30,22,64,8,5,400
8502,2024-03-19,1,64,7,5,350
9937,2024-08-07,3,64,5,5,250
3095,2023-09-17,22,64,8,4,400
5521,2023-12-08,4,64,12,4,600
9575,2024-06-22,1,64,7,4,350
1761,2023-06-09,3,64,5,4,250
5199,2023-11-28,2,64,18,4,900
6212,2024-01-01,14,64,6.4,5,320
7390,2024-02-11,4,64,12,4,600
898,2023-03-24,11,65,11,4,550
1011,2023-04-03,3,65,5,4,250
1102,2023-04-11,4,65,12,4,600
1462,2023-05-13,13,65,9,5,450
1814,2023-06-14,19,65,6,4,300
2017,2023-07-07,2,65,18,5,900
2580,2023-08-28,24,65,10,4,500
2840,2023-09-08,23,65,5,5,250
4199,2023-10-24,4,65,12,4,600
4871,2023-11-16,3,65,5,4,250
6788,2024-01-21,2,65,18,4,900
8041,2024-03-03,3,65,5,5,250
9084,2024-04-26,1,65,7,5,350
79,2023-01-10,8,65,15,5,750
521,2023-02-20,15,65,7,5,350
750,2023-03-10,10,65,36,5,1800
876,2023-03-21,27,65,4,5,200
1414,2023-05-09,5,65,9,4,450
1757,2023-06-08,19,65,6,4,300
2516,2023-08-23,24,65,10,4,500
3226,2023-09-21,21,65,13,5,650
3765,2023-10-08,2,65,18,4,900
4053,2023-10-18,11,65,11,5,550
4237,2023-10-25,11,65,11,5,550
4790,2023-11-13,8,65,15,5,750
5007,2023-11-20,11,65,11,5,550
5431,2023-12-04,11,65,11,5,550
7626,2024-02-19,4,65,12,5,600
8240,2024-03-10,1,65,7,4,350
8387,2024-03-15,2,65,18,4,900
8446,2024-03-17,2,65,18,5,900
8463,2024-03-17,4,65,12,5,600
9075,2024-04-25,2,65,18,5,900
9675,2024-07-03,4,65,12,5,600
10154,2024-09-04,3,65,5,5,250
340,2023-02-02,7,65,30,4,1500
1081,2023-04-09,13,65,9,4,450
1145,2023-04-15,9,65,14,5,700
2744,2023-09-05,24,65,10,5,500
2978,2023-09-12,24,65,10,4,500
3333,2023-09-24,22,65,8,4,400
3445,2023-09-28,21,65,13,4,650
3609,2023-10-02,24,65,10,4,500
3868,2023-10-12,2,65,18,4,900
3944,2023-10-14,7,65,30,4,1500
6320,2024-01-04,14,65,6.4,5,320
10155,2024-09-04,3,65,5,4,250
3154,2023-09-18,24,65,10,4,500
5905,2023-12-21,14,65,6.4,4,320
1885,2023-06-23,1,65,7,4,350
5120,2023-11-25,5,65,9,5,450
5454,2023-12-05,11,65,11,4,550
162,2023-01-18,11,65,11,4,550
3187,2023-09-19,24,65,10,5,500
286,2023-01-29,26,66,18,4,900
711,2023-03-06,28,66,6,5,300
836,2023-03-17,12,66,6,5,300
1389,2023-05-07,4,66,12,4,600
1552,2023-05-21,27,66,4,4,200
2345,2023-08-06,24,66,10,5,500
2777,2023-09-06,24,66,10,5,500
4735,2023-11-11,11,66,11,4,550
6370,2024-01-06,14,66,6.4,4,320
6592,2024-01-14,1,66,7,5,350
7362,2024-02-11,1,66,7,5,350
7363,2024-02-11,2,66,18,5,900
9983,2024-08-12,3,66,5,5,250
320,2023-02-01,2,66,18,4,900
577,2023-02-24,17,66,12,5,600
932,2023-03-28,19,66,6,5,300
1208,2023-04-22,10,66,36,5,1800
3654,2023-10-04,7,66,30,4,1500
3883,2023-10-12,8,66,15,5,750
4892,2023-11-17,5,66,9,4,450
4989,2023-11-20,3,66,5,4,250
6544,2024-01-12,3,66,5,4,250
9688,2024-07-05,2,66,18,4,900
10323,2024-09-25,2,66,18,5,900
352,2023-02-03,9,66,14,4,700
4451,2023-11-02,9,66,14,5,700
4839,2023-11-15,2,66,18,5,900
6906,2024-01-25,4,66,12,5,600
8303,2024-03-12,2,66,18,4,900
9372,2024-05-25,4,66,12,5,600
9766,2024-07-17,2,66,18,4,900
2506,2023-08-22,24,66,10,5,500
3468,2023-09-28,24,66,10,5,500
4682,2023-11-10,4,66,12,5,600
5046,2023-11-22,3,66,5,5,250
4647,2023-11-09,1,66,7,5,350
530,2023-02-21,16,66,10,5,500
3075,2023-09-16,22,66,8,4,400
3270,2023-09-22,22,66,8,4,400
4496,2023-11-04,2,66,18,5,900
7333,2024-02-10,2,66,18,5,900
621,2023-02-28,24,67,10,5,500
1762,2023-06-09,5,67,9,4,450
2916,2023-09-10,23,67,5,5,250
2945,2023-09-11,22,67,8,4,400
3039,2023-09-15,22,67,8,5,400
3331,2023-09-24,22,67,8,4,400
3428,2023-09-27,23,67,5,4,250
3821,2023-10-10,5,67,9,5,450
5251,2023-11-29,11,67,11,5,550
6704,2024-01-18,2,67,18,4,900
7935,2024-03-01,2,67,18,4,900
9051,2024-04-22,3,67,5,5,250
492,2023-02-16,17,67,12,5,600
2400,2023-08-11,24,67,10,4,500
3608,2023-10-02,24,67,10,4,500
4904,2023-11-17,9,67,14,4,700
5100,2023-11-24,6,67,24,5,1200
5508,2023-12-08,1,67,7,4,350
8407,2024-03-16,1,67,7,5,350
8819,2024-03-30,2,67,18,4,900
9635,2024-06-29,3,67,5,4,250
269,2023-01-27,20,67,16,4,800
338,2023-02-02,5,67,9,4,450
428,2023-02-11,12,67,6,4,300
6531,2024-01-12,2,67,18,5,900
10261,2024-09-18,1,67,7,4,350
6340,2024-01-05,14,67,6.4,4,320
6798,2024-01-21,3,67,5,5,250
5943,2023-12-22,14,67,6.4,5,320
258,2023-01-26,26,67,18,5,900
1134,2023-04-14,12,67,6,4,300
2505,2023-08-22,24,67,10,5,500
3706,2023-10-06,5,67,9,4,450
4899,2023-11-17,6,67,24,5,1200
6454,2024-01-09,14,67,6.4,4,320
662,2023-03-03,4,68,12,5,600
1397,2023-05-07,28,68,6,5,300
1898,2023-06-24,24,68,10,4,500
2896,2023-09-10,21,68,13,5,650
3756,2023-10-07,9,68,14,5,700
6134,2023-12-29,14,68,6.4,4,320
6520,2024-01-12,1,68,7,4,350
8311,2024-03-12,3,68,5,4,250
8597,2024-03-22,3,68,5,4,250
9015,2024-04-18,4,68,12,4,600
9741,2024-07-13,2,68,18,5,900
10018,2024-08-16,4,68,12,5,600
8,2023-01-02,2,68,18,5,900
301,2023-01-30,23,68,5,5,250
865,2023-03-21,1,68,7,5,350
3696,2023-10-06,1,68,7,5,350
4571,2023-11-06,3,68,5,5,250
4684,2023-11-10,5,68,9,5,450
5067,2023-11-23,1,68,7,4,350
5263,2023-11-30,3,68,5,5,250
6434,2024-01-08,14,68,6.4,5,320
6438,2024-01-08,14,68,6.4,5,320
6853,2024-01-23,4,68,12,4,600
8527,2024-03-19,4,68,12,5,600
9087,2024-04-26,3,68,5,4,250
9093,2024-04-27,3,68,5,5,250
9136,2024-05-01,4,68,12,5,600
9657,2024-07-01,4,68,12,4,600
9682,2024-07-04,4,68,12,4,600
2062,2023-07-11,9,68,14,5,700
2223,2023-07-25,3,68,5,5,250
3811,2023-10-10,2,68,18,4,900
4330,2023-10-28,11,68,11,4,550
6631,2024-01-15,4,68,12,4,600
7204,2024-02-06,1,68,7,4,350
7872,2024-02-28,3,68,5,4,250
9882,2024-08-02,3,68,5,5,250
2640,2023-09-02,24,68,10,5,500
4497,2023-11-04,2,68,18,4,900
4555,2023-11-05,8,68,15,4,750
6851,2024-01-23,4,68,12,4,600
146,2023-01-17,1,68,7,5,350
1797,2023-06-12,14,68,6.4,4,320
3055,2023-09-15,24,68,10,4,500
625,2023-03-01,4,68,12,4,600
6407,2024-01-07,14,68,6.4,4,320
7183,2024-02-05,2,68,18,4,900
7218,2024-02-06,3,68,5,5,250
1802,2023-06-13,20,69,16,4,800
2702,2023-09-04,24,69,10,4,500
3591,2023-10-02,9,69,14,5,700
3634,2023-10-04,1,69,7,5,350
3835,2023-10-10,10,69,36,4,1800
7425,2024-02-12,3,69,5,4,250
9832,2024-07-25,4,69,12,5,600
10367,2024-09-30,1,69,7,5,350
10382,2024-10-01,1,69,7,4,350
175,2023-01-19,14,69,6.4,5,320
554,2023-02-22,27,69,4,5,200
2187,2023-07-22,4,69,12,4,600
2548,2023-08-26,24,69,10,5,500
2633,2023-09-01,24,69,10,4,500
3356,2023-09-25,21,69,13,5,650
4190,2023-10-23,10,69,36,5,1800
4526,2023-11-05,1,69,7,4,350
4852,2023-11-15,8,69,15,4,750
7148,2024-02-04,1,69,7,4,350
7841,2024-02-27,3,69,5,5,250
8072,2024-03-04,3,69,5,4,250
8621,2024-03-23,2,69,18,4,900
9043,2024-04-21,4,69,12,5,600
52,2023-01-06,15,69,7,5,350
678,2023-03-04,12,69,6,4,300
1149,2023-04-15,20,69,16,4,800
2270,2023-07-29,23,69,5,4,250
6603,2024-01-14,3,69,5,5,250
10069,2024-08-23,2,69,18,4,900
6721,2024-01-19,1,69,7,4,350
6955,2024-01-27,3,69,5,5,250
7604,2024-02-19,1,69,7,5,350
1508,2023-05-17,20,69,16,4,800
3294,2023-09-23,21,69,13,5,650
5896,2023-12-21,14,69,6.4,4,320
7846,2024-02-27,3,69,5,4,250
10225,2024-09-13,2,69,18,4,900
8584,2024-03-22,1,69,7,5,350
2328,2023-08-03,24,70,10,4,500
4366,2023-10-30,10,70,36,4,1800
5197,2023-11-28,1,70,7,5,350
5553,2023-12-09,4,70,12,5,600
5934,2023-12-22,14,70,6.4,5,320
6224,2024-01-01,14,70,6.4,5,320
6321,2024-01-04,14,70,6.4,4,320
8481,2024-03-18,3,70,5,4,250
9008,2024-04-18,1,70,7,5,350
9823,2024-07-24,3,70,5,4,250
10062,2024-08-22,3,70,5,4,250
1417,2023-05-09,12,70,6,5,300
1586,2023-05-24,20,70,16,5,800
2279,2023-07-30,11,70,11,5,550
2940,2023-09-11,22,70,8,5,400
3871,2023-10-12,4,70,12,5,600
3906,2023-10-13,5,70,9,4,450
5306,2023-12-01,6,70,24,5,1200
6686,2024-01-17,4,70,12,5,600
7193,2024-02-05,4,70,12,4,600
8273,2024-03-11,2,70,18,4,900
8431,2024-03-16,4,70,12,5,600
9383,2024-05-26,4,70,12,4,600
3271,2023-09-22,22,70,8,5,400
3914,2023-10-13,7,70,30,5,1500
5655,2023-12-12,11,70,11,5,550
8298,2024-03-12,1,70,7,5,350
8913,2024-04-06,1,70,7,5,350
141,2023-01-16,14,70,6.4,5,320
1227,2023-04-23,20,70,16,5,800
5377,2023-12-03,1,70,7,4,350
5421,2023-12-04,8,70,15,4,750
5730,2023-12-16,3,70,5,5,250
9621,2024-06-27,3,70,5,4,250
9883,2024-08-02,3,70,5,5,250
1772,2023-06-10,12,70,6,5,300
3279,2023-09-22,23,70,5,5,250
4569,2023-11-06,3,70,5,4,250
105,2023-01-12,21,71,13,4,650
3204,2023-09-20,21,71,13,5,650
4738,2023-11-12,2,71,18,4,900
7355,2024-02-11,1,71,7,4,350
7448,2024-02-13,3,71,5,5,250
10235,2024-09-13,4,71,12,4,600
513,2023-02-19,28,71,6,5,300
689,2023-03-04,26,71,18,4,900
1674,2023-06-02,14,71,6.4,4,320
1784,2023-06-11,7,71,30,5,1500
1835,2023-06-16,12,71,6,5,300
5620,2023-12-11,6,71,24,4,1200
6139,2023-12-29,14,71,6.4,4,320
7134,2024-02-03,3,71,5,4,250
7210,2024-02-06,2,71,18,4,900
7498,2024-02-15,3,71,5,5,250
7928,2024-03-01,2,71,18,5,900
8248,2024-03-10,2,71,18,5,900
9478,2024-06-08,3,71,5,4,250
10196,2024-09-09,2,71,18,4,900
179,2023-01-20,1,71,7,4,350
1845,2023-06-17,26,71,18,5,900
2011,2023-07-06,5,71,9,5,450
2216,2023-07-24,20,71,16,4,800
2542,2023-08-26,24,71,10,5,500
3668,2023-10-05,2,71,18,5,900
3873,2023-10-12,4,71,12,5,600
4409,2023-11-01,8,71,15,4,750
4511,2023-11-04,8,71,15,4,750
7013,2024-01-29,3,71,5,5,250
6213,2024-01-01,14,71,6.4,4,320
7645,2024-02-20,3,71,5,5,250
1062,2023-04-08,6,71,24,4,1200
7076,2024-01-31,4,71,12,4,600
8930,2024-04-09,1,71,7,5,350
237,2023-01-25,4,71,12,4,600
7016,2024-01-29,3,71,5,5,250
331,2023-02-01,23,72,5,4,250
855,2023-03-19,9,72,14,5,700
1836,2023-06-16,17,72,12,4,600
3037,2023-09-15,21,72,13,4,650
3341,2023-09-24,23,72,5,5,250
4154,2023-10-22,11,72,11,5,550
6098,2023-12-28,14,72,6.4,5,320
7033,2024-01-30,2,72,18,4,900
9041,2024-04-21,3,72,5,5,250
9607,2024-06-25,2,72,18,5,900
1400,2023-05-08,10,72,36,4,1800
1733,2023-06-06,18,72,9,4,450
1865,2023-06-21,1,72,7,5,350
3348,2023-09-24,24,72,10,4,500
3554,2023-10-01,23,72,5,5,250
4582,2023-11-06,8,72,15,4,750
4913,2023-11-18,1,72,7,5,350
5059,2023-11-22,11,72,11,4,550
6024,2023-12-25,14,72,6.4,4,320
6650,2024-01-16,3,72,5,5,250
7161,2024-02-04,2,72,18,4,900
8435,2024-03-17,1,72,7,4,350
8644,2024-03-24,2,72,18,5,900
9345,2024-05-23,3,72,5,5,250
10164,2024-09-05,3,72,5,4,250
314,2023-01-31,21,72,13,5,650
503,2023-02-18,11,72,11,5,550
767,2023-03-11,14,72,6.4,5,320
1126,2023-04-13,25,72,12,5,600
2029,2023-07-08,4,72,12,5,600
2359,2023-08-07,24,72,10,5,500
2428,2023-08-14,24,72,10,4,500
3496,2023-09-29,23,72,5,5,250
4722,2023-11-11,8,72,15,4,750
6356,2024-01-05,14,72,6.4,4,320
6756,2024-01-20,2,72,18,5,900
6930,2024-01-26,3,72,5,5,250
7584,2024-02-18,2,72,18,4,900
2693,2023-09-03,24,72,10,4,500
3997,2023-10-16,8,72,15,4,750
5349,2023-12-02,3,72,5,4,250
2049,2023-07-09,27,72,4,4,200
9215,2024-05-09,1,72,7,4,350
133,2023-01-16,5,72,9,4,450
1236,2023-04-24,12,73,6,5,300
3921,2023-10-13,11,73,11,4,550
5544,2023-12-09,1,73,7,5,350
5727,2023-12-16,2,73,18,4,900
6113,2023-12-28,14,73,6.4,5,320
7306,2024-02-09,3,73,5,4,250
7542,2024-02-17,1,73,7,5,350
8148,2024-03-06,4,73,12,4,600
8177,2024-03-08,1,73,7,5,350
9918,2024-08-05,4,73,12,4,600
824,2023-03-16,15,73,7,4,350
1244,2023-04-25,6,73,24,4,1200
1392,2023-05-07,9,73,14,5,700
3681,2023-10-05,8,73,15,4,750
3740,2023-10-07,4,73,12,5,600
4147,2023-10-22,9,73,14,5,700
4492,2023-11-03,11,73,11,5,550
6048,2023-12-26,14,73,6.4,4,320
8021,2024-03-02,4,73,12,4,600
8525,2024-03-19,3,73,5,4,250
9010,2024-04-18,2,73,18,5,900
10219,2024-09-12,4,73,12,4,600
10253,2024-09-16,4,73,12,5,600
215,2023-01-24,1,73,7,4,350
242,2023-01-25,15,73,7,4,350
1108,2023-04-11,26,73,18,5,900
1293,2023-04-29,1,73,7,4,350
1820,2023-06-15,8,73,15,5,750
1950,2023-07-01,10,73,36,5,1800
4507,2023-11-04,6,73,24,4,1200
4847,2023-11-15,5,73,9,4,450
8669,2024-03-24,4,73,12,5,600
1350,2023-05-03,22,73,8,5,400
3967,2023-10-15,5,73,9,5,450
10245,2024-09-15,1,73,7,4,350
2337,2023-08-05,24,73,10,5,500
3163,2023-09-19,21,73,13,5,650
4675,2023-11-10,1,73,7,4,350
5167,2023-11-27,3,73,5,4,250
7310,2024-02-09,3,73,5,4,250
131,2023-01-16,3,74,5,5,250
1782,2023-06-11,5,74,9,4,450
1816,2023-06-14,26,74,18,4,900
1860,2023-06-20,12,74,6,4,300
2654,2023-09-02,24,74,10,4,500
4994,2023-11-20,5,74,9,5,450
5090,2023-11-24,1,74,7,4,350
7228,2024-02-07,1,74,7,4,350
7392,2024-02-11,4,74,12,5,600
8470,2024-03-18,1,74,7,4,350
9434,2024-06-01,3,74,5,5,250
84,2023-01-10,20,74,16,4,800
2167,2023-07-21,1,74,7,5,350
2920,2023-09-10,23,74,5,4,250
3456,2023-09-28,23,74,5,5,250
4792,2023-11-13,9,74,14,4,700
5604,2023-12-10,11,74,11,5,550
7577,2024-02-18,1,74,7,5,350
8474,2024-03-18,2,74,18,4,900
9458,2024-06-05,2,74,18,5,900
10361,2024-09-29,2,74,18,4,900
117,2023-01-14,15,74,7,5,350
1039,2023-04-06,14,74,6.4,5,320
1531,2023-05-19,13,74,9,4,450
1727,2023-06-06,12,74,6,5,300
2308,2023-08-02,11,74,11,4,550
3497,2023-09-29,23,74,5,5,250
3562,2023-10-01,23,74,5,5,250
3840,2023-10-10,11,74,11,5,550
3891,2023-10-12,9,74,14,5,700
4173,2023-10-23,5,74,9,5,450
9193,2024-05-07,3,74,5,4,250
2592,2023-08-30,24,74,10,5,500
2972,2023-09-12,23,74,5,4,250
7251,2024-02-07,4,74,12,4,600
1990,2023-07-04,9,74,14,5,700
6203,2023-12-31,14,74,6.4,4,320
7496,2024-02-15,2,74,18,4,900
7666,2024-02-21,3,74,5,4,250
7708,2024-02-23,1,74,7,5,350
2625,2023-09-01,24,74,10,4,500
5985,2023-12-24,14,74,6.4,5,320
7965,2024-03-02,1,74,7,4,350
9998,2024-08-13,4,74,12,4,600
203,2023-01-22,26,75,18,4,900
576,2023-02-24,17,75,12,5,600
1899,2023-06-24,26,75,18,4,900
2302,2023-08-01,18,75,9,5,450
3602,2023-10-02,21,75,13,5,650
5821,2023-12-19,5,75,9,4,450
7128,2024-02-03,2,75,18,4,900
7785,2024-02-25,4,75,12,4,600
10264,2024-09-18,3,75,5,5,250
1664,2023-06-01,24,75,10,5,500
1947,2023-07-01,6,75,24,5,1200
2757,2023-09-06,24,75,10,5,500
3834,2023-10-10,9,75,14,4,700
4850,2023-11-15,7,75,30,4,1500
8084,2024-03-04,4,75,12,5,600
9115,2024-04-30,4,75,12,4,600
414,2023-02-10,1,75,7,5,350
2313,2023-08-02,24,75,10,5,500
2467,2023-08-18,24,75,10,5,500
2797,2023-09-07,23,75,5,5,250
6566,2024-01-13,2,75,18,4,900
6787,2024-01-21,2,75,18,4,900
8421,2024-03-16,4,75,12,4,600
2675,2023-09-03,24,75,10,4,500
8904,2024-04-05,2,75,18,4,900
6655,2024-01-16,3,75,5,5,250
7112,2024-02-02,3,75,5,4,250
8476,2024-03-18,2,75,18,4,900
67,2023-01-08,21,76,13,4,650
622,2023-02-28,27,76,4,5,200
883,2023-03-22,18,76,9,5,450
1535,2023-05-19,23,76,5,4,250
2315,2023-08-02,24,76,10,4,500
2525,2023-08-24,24,76,10,5,500
4928,2023-11-18,7,76,30,4,1500
7196,2024-02-05,4,76,12,5,600
8217,2024-03-09,2,76,18,4,900
9913,2024-08-05,2,76,18,4,900
10198,2024-09-09,4,76,12,5,600
10232,2024-09-13,4,76,12,5,600
10246,2024-09-15,2,76,18,5,900
36,2023-01-04,22,76,8,4,400
4681,2023-11-10,4,76,12,5,600
5152,2023-11-26,6,76,24,4,1200
5159,2023-11-26,10,76,36,4,1800
5190,2023-11-27,9,76,14,5,700
5491,2023-12-07,6,76,24,5,1200
6009,2023-12-25,14,76,6.4,4,320
6484,2024-01-10,14,76,6.4,5,320
9754,2024-07-14,4,76,12,5,600
183,2023-01-20,13,76,9,4,450
415,2023-02-10,2,76,18,4,900
597,2023-02-26,13,76,9,4,450
1913,2023-06-27,10,76,36,4,1800
2550,2023-08-26,24,76,10,5,500
2553,2023-08-26,24,76,10,4,500
2565,2023-08-28,24,76,10,5,500
2894,2023-09-10,21,76,13,4,650
3419,2023-09-27,22,76,8,5,400
3603,2023-10-02,22,76,8,5,400
3650,2023-10-04,6,76,24,5,1200
4513,2023-11-04,9,76,14,5,700
5465,2023-12-06,7,76,30,4,1500
5702,2023-12-15,1,76,7,4,350
574,2023-02-24,12,76,6,5,300
7389,2024-02-11,4,76,12,4,600
8701,2024-03-26,1,76,7,5,350
9248,2024-05-11,4,76,12,5,600
7832,2024-02-27,2,76,18,5,900
10083,2024-08-25,3,76,5,5,250
10130,2024-09-01,3,76,5,5,250
1440,2023-05-11,10,77,36,5,1800
1629,2023-05-29,4,77,12,4,600
4338,2023-10-29,2,77,18,5,900
5261,2023-11-30,3,77,5,5,250
5526,2023-12-08,7,77,30,4,1500
6382,2024-01-06,14,77,6.4,5,320
6741,2024-01-19,3,77,5,5,250
7401,2024-02-12,1,77,7,5,350
7970,2024-03-02,1,77,7,5,350
8353,2024-03-14,2,77,18,4,900
9689,2024-07-05,2,77,18,4,900
9959,2024-08-10,2,77,18,5,900
10079,2024-08-25,1,77,7,4,350
94,2023-01-11,20,77,16,5,800
1175,2023-04-19,7,77,30,4,1500
2560,2023-08-27,24,77,10,4,500
2598,2023-08-31,24,77,10,4,500
3278,2023-09-22,23,77,5,4,250
6061,2023-12-26,14,77,6.4,4,320
7062,2024-01-31,3,77,5,4,250
7464,2024-02-13,4,77,12,5,600
7597,2024-02-18,4,77,12,4,600
591,2023-02-25,28,77,6,5,300
1014,2023-04-03,9,77,14,5,700
1599,2023-05-26,11,77,11,5,550
4042,2023-10-18,6,77,24,5,1200
4915,2023-11-18,3,77,5,5,250
10206,2024-09-11,1,77,7,5,350
461,2023-02-14,19,77,6,4,300
1317,2023-05-01,12,77,6,4,300
5924,2023-12-22,14,77,6.4,4,320
7250,2024-02-07,4,77,12,4,600
442,2023-02-12,26,77,18,4,900
3770,2023-10-08,7,77,30,5,1500
6271,2024-01-03,14,77,6.4,4,320
8129,2024-03-06,1,77,7,4,350
9025,2024-04-19,3,77,5,4,250
9045,2024-04-22,1,77,7,4,350
327,2023-02-01,13,77,9,5,450
1372,2023-05-05,15,77,7,5,350
3624,2023-10-03,7,77,30,4,1500
4523,2023-11-04,11,77,11,4,550
5099,2023-11-24,4,77,12,4,600
5456,2023-12-06,2,77,18,4,900
8335,2024-03-13,3,77,5,4,250
578,2023-02-24,23,78,5,5,250
605,2023-02-26,28,78,6,5,300
1457,2023-05-13,3,78,5,4,250
1669,2023-06-02,9,78,14,4,700
3524,2023-09-30,23,78,5,5,250
4186,2023-10-23,9,78,14,5,700
5611,2023-12-11,2,78,18,4,900
6637,2024-01-16,1,78,7,5,350
6985,2024-01-28,4,78,12,5,600
7465,2024-02-13,4,78,12,4,600
7621,2024-02-19,4,78,12,4,600
8101,2024-03-05,2,78,18,4,900
9351,2024-05-23,4,78,12,5,600
9651,2024-07-01,3,78,5,4,250
9929,2024-08-06,4,78,12,5,600
1385,2023-05-06,18,78,9,5,450
1790,2023-06-11,17,78,12,4,600
2104,2023-07-15,19,78,6,4,300
3229,2023-09-21,21,78,13,4,650
3929,2023-10-14,2,78,18,5,900
5754,2023-12-17,2,78,18,4,900
5884,2023-12-21,14,78,6.4,4,320
6536,2024-01-12,3,78,5,5,250
8753,2024-03-28,2,78,18,4,900
9030,2024-04-20,1,78,7,5,350
10029,2024-08-18,4,78,12,4,600
684,2023-03-04,20,78,16,5,800
2630,2023-09-01,24,78,10,5,500
2903,2023-09-10,22,78,8,5,400
3749,2023-10-07,6,78,24,5,1200
4106,2023-10-21,2,78,18,5,900
4530,2023-11-05,2,78,18,5,900
5536,2023-12-08,9,78,14,4,700
9260,2024-05-13,3,78,5,4,250
3291,2023-09-22,24,78,10,4,500
6244,2024-01-02,14,78,6.4,4,320
6806,2024-01-22,1,78,7,4,350
572,2023-02-24,9,78,14,4,700
2198,2023-07-22,23,78,5,4,250
4859,2023-11-15,9,78,14,4,700
8257,2024-03-10,4,78,12,5,600
78,2023-01-10,4,78,12,4,600
1129,2023-04-14,8,78,15,5,750
1938,2023-06-30,6,78,24,5,1200
3206,2023-09-20,22,78,8,5,400
7206,2024-02-06,1,78,7,4,350
3261,2023-09-22,21,79,13,5,650
6778,2024-01-21,1,79,7,5,350
6864,2024-01-24,1,79,7,4,350
6968,2024-01-28,1,79,7,4,350
7098,2024-02-01,4,79,12,4,600
1034,2023-04-05,26,79,18,4,900
1321,2023-05-01,19,79,6,5,300
1610,2023-05-27,3,79,5,4,250
2905,2023-09-10,22,79,8,4,400
4436,2023-11-02,4,79,12,4,600
6535,2024-01-12,3,79,5,4,250
6679,2024-01-17,3,79,5,5,250
7140,2024-02-03,4,79,12,5,600
7595,2024-02-18,4,79,12,5,600
7722,2024-02-23,3,79,5,4,250
8033,2024-03-03,1,79,7,4,350
8139,2024-03-06,2,79,18,4,900
8198,2024-03-08,3,79,5,5,250
8605,2024-03-23,1,79,7,5,350
8635,2024-03-23,4,79,12,5,600
9676,2024-07-04,1,79,7,4,350
360,2023-02-04,1,79,7,5,350
1651,2023-05-31,26,79,18,5,900
2199,2023-07-22,24,79,10,5,500
2242,2023-07-26,20,79,16,4,800
5058,2023-11-22,10,79,36,4,1800
4250,2023-10-26,4,79,12,5,600
6260,2024-01-03,14,79,6.4,5,320
10221,2024-09-13,1,79,7,4,350
534,2023-02-21,19,80,6,4,300
1729,2023-06-06,15,80,7,5,350
3280,2023-09-22,23,80,5,5,250
4469,2023-11-03,3,80,5,5,250
5301,2023-12-01,5,80,9,5,450
7703,2024-02-23,1,80,7,4,350
9874,2024-08-01,3,80,5,4,250
1112,2023-04-12,3,80,5,5,250
1672,2023-06-02,12,80,6,5,300
3533,2023-10-01,21,80,13,4,650
3854,2023-10-11,8,80,15,4,750
6528,2024-01-12,2,80,18,5,900
7057,2024-01-31,2,80,18,5,900
7305,2024-02-09,3,80,5,5,250
7796,2024-02-26,1,80,7,4,350
2965,2023-09-12,22,80,8,5,400
3768,2023-10-08,6,80,24,4,1200
4270,2023-10-27,4,80,12,4,600
345,2023-02-02,28,80,6,4,300
853,2023-03-19,8,80,15,4,750
3598,2023-10-02,21,80,13,4,650
10070,2024-08-23,2,80,18,5,900
416,2023-02-10,6,80,24,4,1200
4440,2023-11-02,5,80,9,4,450
8199,2024-03-08,3,80,5,5,250
8511,2024-03-19,2,80,18,4,900
1155,2023-04-16,11,81,11,4,550
1403,2023-05-08,18,81,9,5,450
1568,2023-05-23,2,81,18,4,900
1724,2023-06-06,8,81,15,4,750
3511,2023-09-30,22,81,8,5,400
3755,2023-10-07,8,81,15,5,750
4183,2023-10-23,8,81,15,5,750
6425,2024-01-08,14,81,6.4,5,320
6969,2024-01-28,1,81,7,5,350
9642,2024-06-30,2,81,18,5,900
213,2023-01-23,26,81,18,5,900
2090,2023-07-14,2,81,18,5,900
2140,2023-07-18,15,81,7,5,350
2182,2023-07-21,25,81,12,5,600
2206,2023-07-23,20,81,16,5,800
3722,2023-10-06,11,81,11,4,550
3917,2023-10-13,9,81,14,5,700
4093,2023-10-20,5,81,9,5,450
4462,2023-11-02,11,81,11,5,550
4602,2023-11-07,9,81,14,5,700
4803,2023-11-14,3,81,5,4,250
4805,2023-11-14,4,81,12,4,600
7552,2024-02-17,2,81,18,4,900
9137,2024-05-01,4,81,12,5,600
9273,2024-05-14,3,81,5,5,250
9490,2024-06-10,2,81,18,5,900
10081,2024-08-25,2,81,18,5,900
10249,2024-09-15,4,81,12,5,600
1017,2023-04-03,20,81,16,5,800
1158,2023-04-17,6,81,24,5,1200
3989,2023-10-16,4,81,12,4,600
4247,2023-10-26,3,81,5,4,250
7133,2024-02-03,3,81,5,4,250
9332,2024-05-21,3,81,5,4,250
1314,2023-05-01,4,81,12,4,600
5212,2023-11-28,8,81,15,5,750
7701,2024-02-22,4,81,12,4,600
1076,2023-04-09,5,81,9,5,450
1905,2023-06-25,28,81,6,4,300
5045,2023-11-22,3,81,5,5,250
6593,2024-01-14,1,81,7,5,350
8038,2024-03-03,2,81,18,5,900
8762,2024-03-28,3,81,5,4,250
9300,2024-05-17,1,81,7,4,350
252,2023-01-26,18,81,9,5,450
4375,2023-10-31,4,81,12,5,600
5286,2023-12-01,2,81,18,5,900
8225,2024-03-09,2,81,18,5,900
444,2023-02-13,5,82,9,5,450
506,2023-02-18,22,82,8,4,400
851,2023-03-18,26,82,18,4,900
1817,2023-06-14,27,82,4,5,200
1901,2023-06-25,9,82,14,4,700
2701,2023-09-04,24,82,10,4,500
3321,2023-09-23,24,82,10,5,500
3344,2023-09-24,23,82,5,5,250
6594,2024-01-14,1,82,7,4,350
566,2023-02-23,22,82,8,4,400
1868,2023-06-21,4,82,12,5,600
2060,2023-07-11,6,82,24,4,1200
2373,2023-08-09,24,82,10,4,500
2846,2023-09-08,24,82,10,5,500
4204,2023-10-24,6,82,24,5,1200
4860,2023-11-15,9,82,14,4,700
5501,2023-12-07,10,82,36,5,1800
6349,2024-01-05,14,82,6.4,5,320
8106,2024-03-05,3,82,5,4,250
9910,2024-08-05,2,82,18,5,900
409,2023-02-09,23,82,5,4,250
491,2023-02-16,14,82,6.4,5,320
1000,2023-04-02,17,82,12,4,600
2154,2023-07-19,26,82,18,4,900
2994,2023-09-13,23,82,5,5,250
3166,2023-09-19,21,82,13,5,650
1431,2023-05-10,10,82,36,5,1800
347,2023-02-03,4,82,12,4,600
6191,2023-12-31,14,82,6.4,4,320
6319,2024-01-04,14,82,6.4,5,320
1520,2023-05-18,12,82,6,5,300
4493,2023-11-03,11,82,11,5,550
5069,2023-11-23,3,82,5,5,250
192,2023-01-21,22,83,8,4,400
424,2023-02-10,28,83,6,4,300
1245,2023-04-25,6,83,24,4,1200
1308,2023-04-30,27,83,4,4,200
1642,2023-05-30,21,83,13,5,650
1773,2023-06-10,13,83,9,4,450
2286,2023-07-31,8,83,15,4,750
2379,2023-08-10,24,83,10,4,500
4635,2023-11-08,7,83,30,5,1500
4901,2023-11-17,8,83,15,5,750
5317,2023-12-01,8,83,15,4,750
6380,2024-01-06,14,83,6.4,4,320
129,2023-01-15,20,83,16,4,800
3557,2023-10-01,23,83,5,4,250
7472,2024-02-14,2,83,18,4,900
2046,2023-07-09,15,83,7,4,350
4077,2023-10-19,9,83,14,4,700
4503,2023-11-04,4,83,12,4,600
4595,2023-11-07,3,83,5,4,250
4971,2023-11-19,7,83,30,4,1500
7924,2024-03-01,2,83,18,4,900
2455,2023-08-17,24,83,10,5,500
8137,2024-03-06,2,83,18,4,900
456,2023-02-14,3,83,5,5,250
4297,2023-10-27,11,83,11,4,550
4509,2023-11-04,8,83,15,5,750
1046,2023-04-06,22,83,8,5,400
7249,2024-02-07,3,83,5,4,250
2370,2023-08-09,24,84,10,5,500
2536,2023-08-25,24,84,10,4,500
3767,2023-10-08,6,84,24,4,1200
5750,2023-12-16,11,84,11,4,550
6179,2023-12-31,14,84,6.4,4,320
6274,2024-01-03,14,84,6.4,4,320
7695,2024-02-22,3,84,5,5,250
8675,2024-03-25,1,84,7,4,350
9088,2024-04-26,4,84,12,5,600
944,2023-03-29,22,84,8,4,400
1822,2023-06-15,11,84,11,5,550
2362,2023-08-08,24,84,10,4,500
2498,2023-08-21,24,84,10,4,500
2825,2023-09-08,21,84,13,5,650
2929,2023-09-10,24,84,10,5,500
2943,2023-09-11,22,84,8,4,400
6669,2024-01-17,1,84,7,4,350
6827,2024-01-23,1,84,7,5,350
8783,2024-03-29,1,84,7,4,350
9667,2024-07-02,4,84,12,5,600
257,2023-01-26,25,84,12,4,600
542,2023-02-22,5,84,9,5,450
2594,2023-08-30,24,84,10,5,500
2992,2023-09-13,22,84,8,4,400
4167,2023-10-23,4,84,12,5,600
4668,2023-11-09,9,84,14,4,700
6171,2023-12-30,14,84,6.4,4,320
9261,2024-05-13,3,84,5,5,250
4417,2023-11-01,10,84,36,4,1800
7637,2024-02-20,2,84,18,5,900
180,2023-01-20,2,84,18,5,900
899,2023-03-24,17,84,12,4,600
1558,2023-05-22,9,84,14,5,700
5656,2023-12-12,11,84,11,5,550
10337,2024-09-26,1,84,7,4,350
150,2023-01-17,17,85,12,4,600
189,2023-01-21,18,85,9,5,450
388,2023-02-07,27,85,4,5,200
563,2023-02-23,19,85,6,4,300
983,2023-04-01,8,85,15,5,750
2209,2023-07-23,25,85,12,5,600
7515,2024-02-15,4,85,12,4,600
8568,2024-03-21,4,85,12,5,600
9570,2024-06-21,3,85,5,5,250
10120,2024-08-31,1,85,7,5,350
961,2023-03-30,27,85,4,4,200
1146,2023-04-15,11,85,11,4,550
1595,2023-05-25,26,85,18,4,900
2150,2023-07-19,22,85,8,4,400
2923,2023-09-10,24,85,10,5,500
3563,2023-10-01,23,85,5,4,250
4671,2023-11-09,10,85,36,4,1800
5206,2023-11-28,4,85,12,5,600
5968,2023-12-23,14,85,6.4,5,320
754,2023-03-10,20,85,16,5,800
909,2023-03-25,14,85,6.4,4,320
1113,2023-04-12,5,85,9,4,450
2688,2023-09-03,24,85,10,4,500
4742,2023-11-12,3,85,5,4,250
5805,2023-12-18,9,85,14,4,700
4562,2023-11-06,1,85,7,4,350
6430,2024-01-08,14,85,6.4,5,320
7032,2024-01-30,2,85,18,5,900
207,2023-01-23,12,85,6,5,300
389,2023-02-07,28,85,6,4,300
2418,2023-08-13,24,85,10,5,500
9680,2024-07-04,4,85,12,5,600
927,2023-03-27,19,86,6,4,300
4028,2023-10-17,11,86,11,5,550
6892,2024-01-25,2,86,18,4,900
7547,2024-02-17,2,86,18,5,900
9049,2024-04-22,3,86,5,5,250
9377,2024-05-26,2,86,18,5,900
9460,2024-06-05,3,86,5,5,250
10332,2024-09-25,4,86,12,5,600
69,2023-01-08,23,86,5,5,250
3676,2023-10-05,7,86,30,4,1500
4085,2023-10-20,2,86,18,4,900
4719,2023-11-11,6,86,24,4,1200
4788,2023-11-13,8,86,15,5,750
5154,2023-11-26,8,86,15,4,750
5807,2023-12-18,10,86,36,4,1800
5832,2023-12-19,11,86,11,5,550
6317,2024-01-04,14,86,6.4,4,320
6993,2024-01-29,1,86,7,4,350
7650,2024-02-20,4,86,12,5,600
9812,2024-07-23,3,86,5,5,250
9942,2024-08-08,2,86,18,4,900
310,2023-01-31,9,86,14,4,700
703,2023-03-05,23,86,5,4,250
2087,2023-07-13,22,86,8,4,400
3820,2023-10-10,5,86,9,5,450
4111,2023-10-21,5,86,9,5,450
6052,2023-12-26,14,86,6.4,5,320
7130,2024-02-03,3,86,5,4,250
8676,2024-03-25,2,86,18,5,900
9768,2024-07-17,4,86,12,4,600
3786,2023-10-09,2,86,18,4,900
6928,2024-01-26,3,86,5,5,250
8990,2024-04-16,2,86,18,4,900
1010,2023-04-03,1,86,7,5,350
6577,2024-01-13,3,86,5,5,250
9333,2024-05-21,4,86,12,4,600
3446,2023-09-28,21,86,13,4,650
4249,2023-10-26,4,86,12,5,600
9596,2024-06-24,1,86,7,4,350
835,2023-03-17,12,87,6,5,300
916,2023-03-26,17,87,12,5,600
1525,2023-05-19,1,87,7,4,350
2139,2023-07-18,14,87,6.4,4,320
2501,2023-08-22,24,87,10,5,500
4125,2023-10-21,11,87,11,5,550
4535,2023-11-05,2,87,18,5,900
4612,2023-11-07,11,87,11,4,550
6984,2024-01-28,4,87,12,4,600
7690,2024-02-22,2,87,18,4,900
8039,2024-03-03,2,87,18,5,900
8115,2024-03-05,4,87,12,5,600
4843,2023-11-15,3,87,5,4,250
5322,2023-12-01,9,87,14,4,700
5645,2023-12-12,7,87,30,5,1500
5949,2023-12-23,14,87,6.4,5,320
6571,2024-01-13,3,87,5,4,250
2249,2023-07-27,8,87,15,5,750
4450,2023-11-02,8,87,15,4,750
9954,2024-08-09,3,87,5,5,250
2092,2023-07-14,8,87,15,4,750
5817,2023-12-18,11,87,11,5,550
9130,2024-05-01,3,87,5,4,250
10247,2024-09-15,3,87,5,5,250
1349,2023-05-03,22,87,8,4,400
4618,2023-11-08,1,87,7,4,350
6129,2023-12-29,14,87,6.4,5,320
6940,2024-01-26,4,87,12,5,600
7192,2024-02-05,4,87,12,5,600
7887,2024-02-29,2,87,18,4,900
8996,2024-04-16,4,87,12,4,600
1345,2023-05-03,7,87,30,5,1500
2113,2023-07-16,13,87,9,5,450
4534,2023-11-05,2,87,18,4,900
10060,2024-08-22,2,87,18,5,900
770,2023-03-11,20,88,16,5,800
1832,2023-06-16,7,88,30,4,1500
2099,2023-07-14,26,88,18,5,900
2728,2023-09-05,24,88,10,5,500
4078,2023-10-19,10,88,36,5,1800
4188,2023-10-23,10,88,36,5,1800
5323,2023-12-01,9,88,14,4,700
6462,2024-01-09,14,88,6.4,5,320
6820,2024-01-22,2,88,18,4,900
7585,2024-02-18,3,88,5,5,250
7919,2024-03-01,1,88,7,4,350
9868,2024-07-31,3,88,5,4,250
329,2023-02-01,20,88,16,4,800
800,2023-03-14,11,88,11,5,550
896,2023-03-24,2,88,18,4,900
1047,2023-04-06,22,88,8,4,400
1624,2023-05-28,17,88,12,4,600
2037,2023-07-08,22,88,8,4,400
2662,2023-09-02,24,88,10,4,500
2734,2023-09-05,24,88,10,5,500
3395,2023-09-26,22,88,8,4,400
7182,2024-02-05,2,88,18,5,900
7588,2024-02-18,3,88,5,4,250
8241,2024-03-10,1,88,7,4,350
9370,2024-05-25,3,88,5,5,250
429,2023-02-11,14,88,6.4,4,320
467,2023-02-15,6,88,24,4,1200
596,2023-02-26,10,88,36,4,1800
1959,2023-07-01,21,88,13,5,650
1967,2023-07-02,7,88,30,4,1500
2042,2023-07-09,3,88,5,5,250
4773,2023-11-13,3,88,5,4,250
6943,2024-01-27,1,88,7,5,350
720,2023-03-07,21,88,13,5,650
2097,2023-07-14,15,88,7,5,350
2383,2023-08-10,24,88,10,5,500
6766,2024-01-20,3,88,5,4,250
5506,2023-12-07,11,88,11,4,550
5854,2023-12-20,14,88,6.4,5,320
994,2023-04-02,9,88,14,4,700
2713,2023-09-04,24,88,10,4,500
5664,2023-12-13,7,88,30,4,1500
7335,2024-02-10,2,88,18,4,900
8018,2024-03-02,4,88,12,5,600
9064,2024-04-24,2,88,18,5,900
1837,2023-06-16,17,89,12,4,600
2008,2023-07-06,3,89,5,5,250
3196,2023-09-20,21,89,13,4,650
3866,2023-10-12,2,89,18,5,900
4696,2023-11-10,9,89,14,5,700
5956,2023-12-23,14,89,6.4,4,320
6041,2023-12-26,14,89,6.4,4,320
6653,2024-01-16,3,89,5,5,250
7623,2024-02-19,4,89,12,5,600
7732,2024-02-23,4,89,12,4,600
9899,2024-08-04,2,89,18,5,900
330,2023-02-01,21,89,13,5,650
2481,2023-08-19,24,89,10,4,500
3508,2023-09-30,21,89,13,5,650
3720,2023-10-06,11,89,11,5,550
5547,2023-12-09,2,89,18,5,900
7901,2024-02-29,3,89,5,5,250
7993,2024-03-02,2,89,18,4,900
8768,2024-03-28,3,89,5,5,250
819,2023-03-15,27,89,4,5,200
1069,2023-04-08,22,89,8,4,400
5253,2023-11-29,11,89,11,5,550
6155,2023-12-29,14,89,6.4,4,320
6261,2024-01-03,14,89,6.4,4,320
6713,2024-01-18,4,89,12,5,600
6977,2024-01-28,2,89,18,4,900
3147,2023-09-18,23,89,5,4,250
5347,2023-12-02,3,89,5,5,250
2168,2023-07-21,7,89,30,4,1500
3343,2023-09-24,23,89,5,4,250
6258,2024-01-02,14,89,6.4,5,320
6343,2024-01-05,14,89,6.4,5,320
115,2023-01-14,13,89,9,5,450
3056,2023-09-15,24,89,10,4,500
8456,2024-03-17,3,89,5,5,250
1094,2023-04-10,6,90,24,5,1200
2354,2023-08-07,24,90,10,4,500
3663,2023-10-04,11,90,11,4,550
5882,2023-12-21,14,90,6.4,5,320
6184,2023-12-31,14,90,6.4,4,320
6696,2024-01-18,1,90,7,5,350
8297,2024-03-12,1,90,7,4,350
8390,2024-03-15,2,90,18,4,900
8769,2024-03-28,4,90,12,5,600
9318,2024-05-19,4,90,12,5,600
9445,2024-06-04,2,90,18,4,900
9611,2024-06-26,1,90,7,4,350
9715,2024-07-09,3,90,5,4,250
10161,2024-09-05,2,90,18,5,900
211,2023-01-23,20,90,16,4,800
270,2023-01-27,22,90,8,4,400
470,2023-02-15,16,90,10,5,500
687,2023-03-04,23,90,5,4,250
779,2023-03-12,12,90,6,4,300
791,2023-03-13,18,90,9,5,450
1142,2023-04-14,28,90,6,5,300
2447,2023-08-16,24,90,10,5,500
2665,2023-09-02,24,90,10,5,500
3054,2023-09-15,24,90,10,4,500
3902,2023-10-13,3,90,5,4,250
4421,2023-11-01,11,90,11,4,550
4960,2023-11-19,3,90,5,5,250
5574,2023-12-09,11,90,11,5,550
6804,2024-01-22,1,90,7,5,350
7107,2024-02-02,2,90,18,4,900
7494,2024-02-15,2,90,18,4,900
8022,2024-03-02,4,90,12,5,600
1545,2023-05-21,10,90,36,4,1800
2823,2023-09-08,21,90,13,5,650
4930,2023-11-18,7,90,30,4,1500
8417,2024-03-16,3,90,5,5,250
8579,2024-03-22,1,90,7,5,350
9223,2024-05-09,4,90,12,5,600
3065,2023-09-16,21,90,13,4,650
2589,2023-08-30,24,90,10,4,500
5732,2023-12-16,4,90,12,4,600
5975,2023-12-23,14,90,6.4,4,320
91,2023-01-11,6,91,24,4,1200
208,2023-01-23,16,91,10,4,500
498,2023-02-17,20,91,16,5,800
3099,2023-09-17,22,91,8,5,400
3699,2023-10-06,2,91,18,4,900
4799,2023-11-14,1,91,7,5,350
4955,2023-11-19,2,91,18,5,900
6178,2023-12-31,14,91,6.4,4,320
7596,2024-02-18,4,91,12,5,600
8364,2024-03-14,3,91,5,5,250
9188,2024-05-06,4,91,12,5,600
10366,2024-09-29,4,91,12,4,600
1024,2023-04-04,24,91,10,5,500
1621,2023-05-28,13,91,9,4,450
1975,2023-07-02,24,91,10,5,500
2711,2023-09-04,24,91,10,5,500
3357,2023-09-25,21,91,13,5,650
4381,2023-10-31,6,91,24,5,1200
4413,2023-11-01,9,91,14,4,700
5039,2023-11-22,2,91,18,4,900
5245,2023-11-29,9,91,14,4,700
6251,2024-01-02,14,91,6.4,4,320
6744,2024-01-20,1,91,7,4,350
6752,2024-01-20,1,91,7,5,350
7269,2024-02-08,2,91,18,5,900
7659,2024-02-21,2,91,18,5,900
7776,2024-02-25,2,91,18,5,900
9612,2024-06-26,1,91,7,4,350
822,2023-03-16,8,91,15,5,750
1949,2023-07-01,10,91,36,5,1800
2745,2023-09-05,24,91,10,5,500
9068,2024-04-24,3,91,5,4,250
10273,2024-09-19,2,91,18,5,900
10319,2024-09-24,4,91,12,5,600
695,2023-03-05,9,91,14,5,700
6248,2024-01-02,14,91,6.4,4,320
8576,2024-03-22,1,91,7,4,350
5009,2023-11-20,11,91,11,5,550
5590,2023-12-10,6,91,24,4,1200
571,2023-02-24,7,91,30,4,1500
4376,2023-10-31,4,91,12,4,600
10104,2024-08-28,1,91,7,5,350
1923,2023-06-28,22,92,8,5,400
3180,2023-09-19,23,92,5,4,250
3651,2023-10-04,6,92,24,4,1200
4782,2023-11-13,6,92,24,4,1200
5213,2023-11-28,9,92,14,5,700
6152,2023-12-29,14,92,6.4,5,320
6173,2023-12-30,14,92,6.4,5,320
6671,2024-01-17,1,92,7,5,350
6715,2024-01-18,4,92,12,5,600
8245,2024-03-10,2,92,18,4,900
8608,2024-03-23,1,92,7,5,350
8666,2024-03-24,4,92,12,5,600
9326,2024-05-20,2,92,18,4,900
9659,2024-07-01,4,92,12,4,600
10087,2024-08-26,1,92,7,5,350
274,2023-01-28,12,92,6,5,300
390,2023-02-08,12,92,6,4,300
2012,2023-07-06,9,92,14,4,700
3943,2023-10-14,7,92,30,4,1500
4161,2023-10-23,2,92,18,4,900
4255,2023-10-26,7,92,30,5,1500
4474,2023-11-03,5,92,9,4,450
4830,2023-11-14,10,92,36,5,1800
7017,2024-01-29,3,92,5,4,250
7086,2024-02-01,2,92,18,5,900
7737,2024-02-24,1,92,7,5,350
9183,2024-05-06,1,92,7,5,350
10049,2024-08-21,2,92,18,4,900
10168,2024-09-05,4,92,12,4,600
2018,2023-07-07,10,92,36,5,1800
2811,2023-09-07,24,92,10,5,500
3460,2023-09-28,23,92,5,5,250
6409,2024-01-07,14,92,6.4,5,320
6772,2024-01-20,4,92,12,4,600
4278,2023-10-27,6,92,24,5,1200
7627,2024-02-19,4,92,12,4,600
10016,2024-08-16,2,92,18,5,900
2760,2023-09-06,24,92,10,4,500
3869,2023-10-12,3,92,5,4,250
4527,2023-11-05,1,92,7,4,350
7852,2024-02-27,4,92,12,4,600
96,2023-01-11,22,93,8,4,400
159,2023-01-18,7,93,30,4,1500
985,2023-04-01,18,93,9,5,450
1935,2023-06-29,15,93,7,4,350
2621,2023-09-01,24,93,10,4,500
3746,2023-10-07,5,93,9,5,450
5123,2023-11-25,7,93,30,5,1500
5783,2023-12-18,2,93,18,5,900
6347,2024-01-05,14,93,6.4,4,320
8623,2024-03-23,2,93,18,4,900
8991,2024-04-16,3,93,5,5,250
380,2023-02-06,25,93,12,4,600
502,2023-02-17,28,93,6,4,300
508,2023-02-19,2,93,18,4,900
1888,2023-06-23,14,93,6.4,5,320
2094,2023-07-14,11,93,11,5,550
2482,2023-08-19,24,93,10,4,500
3457,2023-09-28,23,93,5,4,250
4411,2023-11-01,9,93,14,4,700
8239,2024-03-10,1,93,7,4,350
9563,2024-06-20,3,93,5,5,250
2229,2023-07-25,21,93,13,4,650
3298,2023-09-23,21,93,13,4,650
3713,2023-10-06,7,93,30,5,1500
4098,2023-10-20,10,93,36,5,1800
4944,2023-11-18,11,93,11,4,550
4609,2023-11-07,10,93,36,4,1800
8188,2024-03-08,2,93,18,5,900
2316,2023-08-02,24,93,10,5,500
3785,2023-10-09,2,93,18,5,900
7945,2024-03-01,3,93,5,4,250
481,2023-02-16,1,93,7,4,350
7486,2024-02-14,4,93,12,5,600
9717,2024-07-09,4,93,12,4,600
1936,2023-06-29,19,93,6,5,300
3628,2023-10-03,10,93,36,4,1800
5020,2023-11-21,6,93,24,4,1200
396,2023-02-08,24,94,10,5,500
452,2023-02-13,28,94,6,5,300
784,2023-03-12,23,94,5,5,250
1513,2023-05-17,26,94,18,4,900
2131,2023-07-17,25,94,12,4,600
3513,2023-09-30,22,94,8,5,400
3730,2023-10-07,2,94,18,4,900
5794,2023-12-18,5,94,9,4,450
5901,2023-12-21,14,94,6.4,4,320
6022,2023-12-25,14,94,6.4,4,320
7007,2024-01-29,2,94,18,5,900
7300,2024-02-09,2,94,18,5,900
9246,2024-05-11,4,94,12,4,600
356,2023-02-03,16,94,10,5,500
1114,2023-04-12,9,94,14,5,700
2134,2023-07-18,4,94,12,5,600
2595,2023-08-31,24,94,10,4,500
4229,2023-10-25,6,94,24,5,1200
4783,2023-11-13,6,94,24,4,1200
5778,2023-12-18,1,94,7,4,350
6292,2024-01-03,14,94,6.4,4,320
6981,2024-01-28,3,94,5,5,250
7466,2024-02-13,4,94,12,5,600
1878,2023-06-22,17,94,12,5,600
3548,2023-10-01,22,94,8,5,400
7129,2024-02-03,3,94,5,5,250
10352,2024-09-28,1,94,7,4,350
1008,2023-04-02,28,94,6,4,300
4214,2023-10-24,10,94,36,5,1800
5172,2023-11-27,4,94,12,5,600
9684,2024-07-05,1,94,7,4,350
4288,2023-10-27,8,94,15,4,750
6496,2024-01-10,14,94,6.4,5,320
10134,2024-09-02,2,94,18,5,900
4002,2023-10-16,10,94,36,4,1800
89,2023-01-11,1,95,7,4,350
969,2023-03-31,11,95,11,4,550
1333,2023-05-02,1,95,7,4,350
2872,2023-09-09,23,95,5,4,250
3157,2023-09-18,24,95,10,4,500
3201,2023-09-20,21,95,13,5,650
3265,2023-09-22,22,95,8,5,400
3695,2023-10-05,11,95,11,5,550
4100,2023-10-20,11,95,11,5,550
5095,2023-11-24,4,95,12,5,600
7154,2024-02-04,2,95,18,4,900
9162,2024-05-04,1,95,7,5,350
10286,2024-09-20,2,95,18,5,900
421,2023-02-10,19,95,6,4,300
1026,2023-04-04,27,95,4,4,200
1749,2023-06-07,23,95,5,4,250
3308,2023-09-23,23,95,5,4,250
4522,2023-11-04,11,95,11,4,550
7352,2024-02-10,4,95,12,4,600
8000,2024-03-02,3,95,5,5,250
8395,2024-03-15,4,95,12,4,600
9373,2024-05-25,4,95,12,4,600
10313,2024-09-23,4,95,12,5,600
1384,2023-05-06,17,95,12,4,600
2184,2023-07-22,1,95,7,5,350
3376,2023-09-25,24,95,10,4,500
3440,2023-09-28,21,95,13,4,650
4153,2023-10-22,11,95,11,4,550
4156,2023-10-22,11,95,11,5,550
4720,2023-11-11,6,95,24,4,1200
7215,2024-02-06,3,95,5,4,250
9359,2024-05-24,4,95,12,4,600
939,2023-03-29,12,96,6,5,300
1960,2023-07-01,24,96,10,4,500
3339,2023-09-24,23,96,5,4,250
6618,2024-01-15,2,96,18,5,900
6690,2024-01-18,1,96,7,4,350
6881,2024-01-24,4,96,12,5,600
7461,2024-02-13,4,96,12,5,600
7797,2024-02-26,1,96,7,4,350
9003,2024-04-17,3,96,5,4,250
9033,2024-04-20,3,96,5,4,250
1961,2023-07-01,25,96,12,5,600
5582,2023-12-10,3,96,5,5,250
6362,2024-01-06,14,96,6.4,4,320
7136,2024-02-03,4,96,12,5,600
7437,2024-02-13,1,96,7,4,350
8189,2024-03-08,2,96,18,4,900
2513,2023-08-23,24,96,10,5,500
3560,2023-10-01,23,96,5,4,250
5940,2023-12-22,14,96,6.4,5,320
6197,2023-12-31,14,96,6.4,5,320
6346,2024-01-05,14,96,6.4,4,320
6770,2024-01-20,4,96,12,4,600
7939,2024-03-01,2,96,18,5,900
1304,2023-04-30,21,96,13,4,650
4056,2023-10-19,1,96,7,5,350
6026,2023-12-25,14,96,6.4,4,320
6456,2024-01-09,14,96,6.4,4,320
7823,2024-02-27,1,96,7,4,350
9266,2024-05-14,1,96,7,4,350
631,2023-03-01,10,96,36,4,1800
5443,2023-12-05,4,96,12,4,600
5668,2023-12-13,8,96,15,4,750
9285,2024-05-16,1,96,7,4,350
9617,2024-06-27,1,96,7,4,350
1356,2023-05-04,6,96,24,4,1200
5493,2023-12-07,7,96,30,4,1500
8896,2024-04-04,2,96,18,5,900
63,2023-01-07,18,97,9,5,450
595,2023-02-26,8,97,15,5,750
866,2023-03-21,5,97,9,5,450
1358,2023-05-04,9,97,14,5,700
1424,2023-05-09,26,97,18,5,900
1482,2023-05-15,5,97,9,5,450
1628,2023-05-29,2,97,18,4,900
2225,2023-07-25,11,97,11,4,550
3903,2023-10-13,3,97,5,5,250
4254,2023-10-26,6,97,24,4,1200
4346,2023-10-29,8,97,15,5,750
4601,2023-11-07,8,97,15,4,750
9227,2024-05-09,4,97,12,5,600
9286,2024-05-16,1,97,7,4,350
9566,2024-06-20,3,97,5,5,250
25,2023-01-03,14,97,6.4,4,320
296,2023-01-30,13,97,9,4,450
2081,2023-07-12,24,97,10,4,500
2096,2023-07-14,15,97,7,4,350
3665,2023-10-05,1,97,7,4,350
3941,2023-10-14,6,97,24,4,1200
5577,2023-12-10,1,97,7,4,350
6492,2024-01-10,14,97,6.4,4,320
8714,2024-03-26,3,97,5,4,250
9399,2024-05-28,2,97,18,5,900
2195,2023-07-22,21,97,13,4,650
4610,2023-11-07,11,97,11,5,550
4947,2023-11-18,11,97,11,4,550
8940,2024-04-10,3,97,5,4,250
3874,2023-10-12,4,97,12,5,600
6796,2024-01-21,3,97,5,5,250
8052,2024-03-03,4,97,12,4,600
8087,2024-03-05,1,97,7,5,350
9529,2024-06-15,4,97,12,5,600
100,2023-01-12,14,98,6.4,4,320
210,2023-01-23,16,98,10,4,500
3525,2023-09-30,24,98,10,5,500
3620,2023-10-03,6,98,24,4,1200
3996,2023-10-16,8,98,15,5,750
4219,2023-10-25,1,98,7,5,350
4704,2023-11-10,11,98,11,5,550
5405,2023-12-04,1,98,7,4,350
5592,2023-12-10,6,98,24,4,1200
5743,2023-12-16,8,98,15,4,750
5921,2023-12-22,14,98,6.4,5,320
6078,2023-12-27,14,98,6.4,5,320
6290,2024-01-03,14,98,6.4,5,320
6692,2024-01-18,1,98,7,5,350
6825,2024-01-22,3,98,5,4,250
8272,2024-03-11,2,98,18,4,900
8693,2024-03-25,4,98,12,5,600
8761,2024-03-28,3,98,5,4,250
9708,2024-07-08,4,98,12,4,600
315,2023-01-31,22,98,8,4,400
593,2023-02-26,2,98,18,4,900
1993,2023-07-04,18,98,9,5,450
2435,2023-08-15,24,98,10,5,500
2558,2023-08-27,24,98,10,4,500
2586,2023-08-29,24,98,10,4,500
3239,2023-09-21,22,98,8,5,400
3652,2023-10-04,7,98,30,5,1500
3672,2023-10-05,5,98,9,5,450
6946,2024-01-27,1,98,7,4,350
8504,2024-03-19,1,98,7,5,350
9946,2024-08-08,4,98,12,5,600
670,2023-03-03,22,98,8,5,400
1767,2023-06-10,2,98,18,5,900
2566,2023-08-28,24,98,10,5,500
5703,2023-12-15,1,98,7,5,350
672,2023-03-03,25,98,12,4,600
8614,2024-03-23,1,98,7,4,350
2421,2023-08-13,24,98,10,4,500
9039,2024-04-21,1,98,7,5,350
10216,2024-09-12,3,98,5,5,250
6724,2024-01-19,1,98,7,4,350
6797,2024-01-21,3,98,5,4,250
7885,2024-02-29,1,98,7,5,350
834,2023-03-17,8,99,15,4,750
1547,2023-05-21,19,99,6,4,300
1562,2023-05-22,24,99,10,4,500
2759,2023-09-06,24,99,10,5,500
4865,2023-11-16,1,99,7,5,350
5086,2023-11-23,10,99,36,4,1800
6210,2024-01-01,14,99,6.4,5,320
6609,2024-01-14,4,99,12,4,600
6857,2024-01-23,4,99,12,4,600
7260,2024-02-08,1,99,7,5,350
7979,2024-03-02,2,99,18,4,900
8903,2024-04-05,1,99,7,5,350
8927,2024-04-08,3,99,5,5,250
2408,2023-08-12,24,99,10,5,500
2686,2023-09-03,24,99,10,4,500
2824,2023-09-08,21,99,13,5,650
3128,2023-09-18,22,99,8,5,400
3218,2023-09-20,24,99,10,4,500
3311,2023-09-23,23,99,5,4,250
4666,2023-11-09,8,99,15,5,750
5402,2023-12-04,1,99,7,5,350
6144,2023-12-29,14,99,6.4,5,320
6216,2024-01-01,14,99,6.4,4,320
6608,2024-01-14,4,99,12,5,600
8862,2024-03-31,4,99,12,5,600
8955,2024-04-12,4,99,12,4,600
10100,2024-08-27,3,99,5,5,250
690,2023-03-05,4,99,12,5,600
3859,2023-10-11,11,99,11,4,550
3957,2023-10-15,1,99,7,4,350
4991,2023-11-20,4,99,12,4,600
4806,2023-11-14,4,99,12,4,600
8670,2024-03-24,4,99,12,4,600
548,2023-02-22,16,99,10,4,500
2857,2023-09-09,22,99,8,5,400
4049,2023-10-18,10,99,36,5,1800
4983,2023-11-20,1,99,7,4,350
3940,2023-10-14,6,99,24,4,1200
6927,2024-01-26,3,99,5,5,250
7632,2024-02-20,1,99,7,5,350
9536,2024-06-16,2,99,18,5,900
4973,2023-11-19,7,99,30,4,1500
6136,2023-12-29,14,99,6.4,4,320
7745,2024-02-24,2,99,18,4,900
10229,2024-09-13,2,99,18,5,900
940,2023-03-29,13,100,9,4,450
964,2023-03-31,3,100,5,4,250
2083,2023-07-13,13,100,9,5,450
2397,2023-08-11,24,100,10,5,500
3384,2023-09-26,21,100,13,5,650
4520,2023-11-04,10,100,36,4,1800
5177,2023-11-27,6,100,24,4,1200
5352,2023-12-02,4,100,12,5,600
6186,2023-12-31,14,100,6.4,5,320
7110,2024-02-02,3,100,5,4,250
7521,2024-02-16,1,100,7,5,350
9343,2024-05-23,1,100,7,5,350
9501,2024-06-12,2,100,18,5,900
9827,2024-07-25,1,100,7,5,350
9945,2024-08-08,4,100,12,5,600
406,2023-02-09,15,100,7,5,350
2101,2023-07-15,6,100,24,5,1200
2813,2023-09-07,24,100,10,4,500
2909,2023-09-10,22,100,8,5,400
4289,2023-10-27,8,100,15,4,750
4537,2023-11-05,3,100,5,4,250
4740,2023-11-12,3,100,5,5,250
5692,2023-12-14,7,100,30,4,1500
6379,2024-01-06,14,100,6.4,4,320
6405,2024-01-07,14,100,6.4,4,320
6767,2024-01-20,3,100,5,4,250
7021,2024-01-29,4,100,12,4,600
7707,2024-02-23,1,100,7,5,350
8491,2024-03-18,4,100,12,4,600
844,2023-03-18,4,100,12,4,600
4141,2023-10-22,8,100,15,4,750
4309,2023-10-28,4,100,12,5,600
4836,2023-11-15,1,100,7,4,350
6747,2024-01-20,1,100,7,5,350
1989,2023-07-04,9,100,14,4,700
5315,2023-12-01,7,100,30,5,1500
7709,2024-02-23,1,100,7,5,350
3316,2023-09-23,23,100,5,4,250
4894,2023-11-17,5,100,9,4,450
6440,2024-01-08,14,100,6.4,4,320
9593,2024-06-23,3,100,5,4,250
9811,2024-07-23,3,100,5,4,250
5947,2023-12-23,14,100,6.4,5,320
306,2023-01-30,27,101,4,4,200
1290,2023-04-28,22,101,8,4,400
3123,2023-09-18,21,101,13,5,650
3330,2023-09-24,21,101,13,4,650
5584,2023-12-10,4,101,12,5,600
7273,2024-02-08,2,101,18,4,900
8153,2024-03-07,1,101,7,4,350
8799,2024-03-29,3,101,5,4,250
9614,2024-06-26,3,101,5,5,250
10250,2024-09-15,4,101,12,5,600
157,2023-01-18,3,101,5,5,250
462,2023-02-14,25,101,12,5,600
952,2023-03-30,9,101,14,4,700
3447,2023-09-28,21,101,13,5,650
3908,2023-10-13,5,101,9,4,450
6441,2024-01-08,14,101,6.4,4,320
6938,2024-01-26,4,101,12,5,600
8244,2024-03-10,2,101,18,5,900
9808,2024-07-23,1,101,7,5,350
328,2023-02-01,17,101,12,5,600
499,2023-02-17,20,101,16,5,800
1331,2023-05-01,28,101,6,5,300
2326,2023-08-03,24,101,10,5,500
2489,2023-08-20,24,101,10,5,500
2807,2023-09-07,24,101,10,4,500
6288,2024-01-03,14,101,6.4,5,320
7350,2024-02-10,4,101,12,4,600
478,2023-02-15,26,101,18,4,900
4444,2023-11-02,6,101,24,4,1200
7927,2024-03-01,2,101,18,5,900
10269,2024-09-18,4,101,12,4,600
5,2023-01-01,17,101,12,4,600
357,2023-02-03,22,101,8,4,400
1597,2023-05-26,9,101,14,5,700
895,2023-03-24,1,102,7,4,350
1546,2023-05-21,17,102,12,5,600
2165,2023-07-20,25,102,12,4,600
2391,2023-08-10,24,102,10,5,500
4292,2023-10-27,10,102,36,4,1800
4893,2023-11-17,5,102,9,4,450
5868,2023-12-20,14,102,6.4,4,320
6809,2024-01-22,1,102,7,5,350
6874,2024-01-24,3,102,5,4,250
7428,2024-02-12,4,102,12,5,600
8710,2024-03-26,3,102,5,4,250
8866,2024-04-01,1,102,7,5,350
8918,2024-04-07,1,102,7,5,350
9013,2024-04-18,3,102,5,4,250
9981,2024-08-12,2,102,18,4,900
1402,2023-05-08,16,102,10,4,500
1980,2023-07-03,2,102,18,5,900
4626,2023-11-08,4,102,12,4,600
4936,2023-11-18,9,102,14,5,700
6276,2024-01-03,14,102,6.4,4,320
7208,2024-02-06,2,102,18,4,900
7916,2024-03-01,1,102,7,5,350
8383,2024-03-15,2,102,18,5,900
9379,2024-05-26,3,102,5,4,250
10162,2024-09-05,2,102,18,4,900
147,2023-01-17,7,102,30,4,1500
570,2023-02-24,5,102,9,5,450
793,2023-03-13,20,102,16,4,800
4069,2023-10-19,5,102,9,4,450
8815,2024-03-30,1,102,7,5,350
3798,2023-10-09,7,102,30,4,1500
697,2023-03-05,10,102,36,4,1800
6341,2024-01-05,14,102,6.4,5,320
1205,2023-04-22,2,103,18,5,900
2691,2023-09-03,24,103,10,4,500
4749,2023-11-12,6,103,24,5,1200
7761,2024-02-25,1,103,7,5,350
8591,2024-03-22,2,103,18,4,900
8883,2024-04-02,4,103,12,5,600
169,2023-01-19,1,103,7,4,350
1181,2023-04-19,20,103,16,4,800
1268,2023-04-27,8,103,15,4,750
1487,2023-05-15,14,103,6.4,4,320
1755,2023-06-08,17,103,12,4,600
4263,2023-10-27,1,103,7,5,350
4515,2023-11-04,10,103,36,4,1800
6306,2024-01-04,14,103,6.4,4,320
6845,2024-01-23,3,103,5,5,250
6963,2024-01-27,4,103,12,4,600
9214,2024-05-09,1,103,7,4,350
9908,2024-08-05,1,103,7,4,350
10363,2024-09-29,3,103,5,5,250
1890,2023-06-23,17,103,12,5,600
9066,2024-04-24,3,103,5,5,250
1299,2023-04-30,1,103,7,5,350
2427,2023-08-14,24,103,10,4,500
2555,2023-08-27,24,103,10,5,500
10203,2024-09-10,3,103,5,4,250
2137,2023-07-18,10,103,36,5,1800
4811,2023-11-14,5,103,9,4,450
5826,2023-12-19,7,103,30,4,1500
8203,2024-03-08,3,103,5,5,250
9059,2024-04-23,3,103,5,5,250
9076,2024-04-25,2,103,18,4,900
9991,2024-08-13,1,103,7,4,350
322,2023-02-01,9,104,14,4,700
336,2023-02-02,4,104,12,4,600
412,2023-02-09,26,104,18,4,900
1751,2023-06-08,3,104,5,4,250
2763,2023-09-06,24,104,10,4,500
3612,2023-10-03,1,104,7,4,350
4779,2023-11-13,5,104,9,4,450
5652,2023-12-12,11,104,11,5,550
5872,2023-12-20,14,104,6.4,5,320
5911,2023-12-22,14,104,6.4,4,320
6097,2023-12-28,14,104,6.4,5,320
6170,2023-12-30,14,104,6.4,5,320
6888,2024-01-25,1,104,7,4,350
7264,2024-02-08,1,104,7,4,350
8632,2024-03-23,4,104,12,5,600
8638,2024-03-24,1,104,7,5,350
1031,2023-04-05,14,104,6.4,4,320
2893,2023-09-10,21,104,13,5,650
3167,2023-09-19,22,104,8,5,400
4298,2023-10-27,11,104,11,5,550
5098,2023-11-24,4,104,12,5,600
6304,2024-01-04,14,104,6.4,5,320
8477,2024-03-18,2,104,18,4,900
10084,2024-08-25,4,104,12,5,600
1387,2023-05-06,28,104,6,5,300
1798,2023-06-12,19,104,6,5,300
4961,2023-11-19,4,104,12,4,600
9489,2024-06-10,1,104,7,5,350
6092,2023-12-28,14,104,6.4,4,320
6487,2024-01-10,14,104,6.4,5,320
8183,2024-03-08,2,104,18,5,900
1465,2023-05-13,22,104,8,4,400
3904,2023-10-13,4,104,12,5,600
5814,2023-12-18,11,104,11,4,550
6058,2023-12-26,14,104,6.4,5,320
7981,2024-03-02,2,104,18,4,900
2292,2023-07-31,27,104,4,5,200
7171,2024-02-04,4,104,12,5,600
641,2023-03-01,27,105,4,5,200
1879,2023-06-22,18,105,9,5,450
3335,2023-09-24,22,105,8,5,400
3476,2023-09-29,21,105,13,5,650
4736,2023-11-12,2,105,18,4,900
4809,2023-11-14,4,105,12,4,600
4982,2023-11-20,1,105,7,5,350
5780,2023-12-18,1,105,7,5,350
6562,2024-01-13,2,105,18,5,900
7555,2024-02-17,3,105,5,5,250
8001,2024-03-02,3,105,5,4,250
8598,2024-03-22,3,105,5,5,250
9806,2024-07-22,3,105,5,5,250
623,2023-03-01,1,105,7,4,350
1529,2023-05-19,11,105,11,4,550
2175,2023-07-21,12,105,6,5,300
5434,2023-12-05,2,105,18,5,900
5967,2023-12-23,14,105,6.4,4,320
6250,2024-01-02,14,105,6.4,4,320
7229,2024-02-07,1,105,7,5,350
7502,2024-02-15,3,105,5,5,250
8182,2024-03-08,1,105,7,4,350
8571,2024-03-21,4,105,12,4,600
9762,2024-07-16,2,105,18,4,900
143,2023-01-16,22,105,8,5,400
861,2023-03-20,16,105,10,4,500
4114,2023-10-21,6,105,24,5,1200
4604,2023-11-07,9,105,14,5,700
4925,2023-11-18,6,105,24,4,1200
4950,2023-11-19,1,105,7,4,350
7056,2024-01-31,2,105,18,5,900
8872,2024-04-01,3,105,5,5,250
4485,2023-11-03,8,105,15,4,750
1786,2023-06-11,11,105,11,4,550
6308,2024-01-04,14,105,6.4,4,320
6337,2024-01-05,14,105,6.4,5,320
1153,2023-04-16,3,105,5,4,250
3792,2023-10-09,5,105,9,4,450
35,2023-01-04,15,106,7,5,350
564,2023-02-23,19,106,6,5,300
1769,2023-06-10,3,106,5,4,250
2232,2023-07-26,1,106,7,5,350
2689,2023-09-03,24,106,10,4,500
3131,2023-09-18,22,106,8,4,400
4597,2023-11-07,4,106,12,4,600
4646,2023-11-08,11,106,11,4,550
5143,2023-11-26,4,106,12,5,600
5267,2023-11-30,6,106,24,4,1200
6893,2024-01-25,2,106,18,5,900
7579,2024-02-18,2,106,18,4,900
9410,2024-05-30,1,106,7,4,350
10307,2024-09-22,3,106,5,5,250
1954,2023-07-01,14,106,6.4,5,320
2472,2023-08-19,24,106,10,4,500
2504,2023-08-22,24,106,10,4,500
3416,2023-09-27,22,106,8,5,400
3842,2023-10-11,2,106,18,4,900
4221,2023-10-25,2,106,18,4,900
4772,2023-11-13,3,106,5,5,250
5296,2023-12-01,5,106,9,4,450
8646,2024-03-24,2,106,18,5,900
8774,2024-03-28,4,106,12,4,600
8871,2024-04-01,3,106,5,4,250
9740,2024-07-13,1,106,7,4,350
10082,2024-08-25,3,106,5,5,250
539,2023-02-22,1,106,7,5,350
1228,2023-04-23,22,106,8,5,400
1721,2023-06-06,1,106,7,5,350
3578,2023-10-02,1,106,7,4,350
3677,2023-10-05,7,106,30,5,1500
4368,2023-10-30,11,106,11,5,550
5125,2023-11-25,8,106,15,4,750
7963,2024-03-02,1,106,7,4,350
7383,2024-02-11,3,106,5,4,250
7441,2024-02-13,2,106,18,4,900
9491,2024-06-10,3,106,5,4,250
8136,2024-03-06,2,106,18,4,900
8839,2024-03-31,1,106,7,4,350
558,2023-02-23,9,107,14,4,700
648,2023-03-02,8,107,15,5,750
1283,2023-04-28,10,107,36,5,1800
2117,2023-07-16,21,107,13,4,650
2458,2023-08-17,24,107,10,4,500
2769,2023-09-06,24,107,10,4,500
3566,2023-10-01,24,107,10,5,500
3882,2023-10-12,7,107,30,4,1500
4129,2023-10-22,2,107,18,4,900
4702,2023-11-10,10,107,36,4,1800
5080,2023-11-23,8,107,15,5,750
5841,2023-12-19,14,107,6.4,4,320
5951,2023-12-23,14,107,6.4,5,320
7127,2024-02-03,2,107,18,4,900
8031,2024-03-03,1,107,7,4,350
8318,2024-03-13,1,107,7,5,350
8814,2024-03-30,1,107,7,5,350
9146,2024-05-02,3,107,5,4,250
9474,2024-06-08,1,107,7,4,350
10170,2024-09-05,4,107,12,5,600
116,2023-01-14,14,107,6.4,5,320
509,2023-02-19,8,107,15,5,750
1104,2023-04-11,8,107,15,4,750
2067,2023-07-11,26,107,18,4,900
2208,2023-07-23,23,107,5,4,250
3846,2023-10-11,4,107,12,5,600
5973,2023-12-23,14,107,6.4,5,320
6450,2024-01-09,14,107,6.4,4,320
6843,2024-01-23,2,107,18,4,900
7022,2024-01-29,4,107,12,4,600
8933,2024-04-09,2,107,18,5,900
8953,2024-04-12,3,107,5,4,250
1582,2023-05-24,14,107,6.4,4,320
2079,2023-07-12,17,107,12,4,600
3092,2023-09-17,21,107,13,4,650
4781,2023-11-13,5,107,9,4,450
4914,2023-11-18,2,107,18,5,900
5399,2023-12-03,7,107,30,4,1500
7810,2024-02-26,3,107,5,5,250
7856,2024-02-28,1,107,7,5,350
1006,2023-04-02,25,107,12,5,600
7272,2024-02-08,2,107,18,4,900
8338,2024-03-13,4,107,12,4,600
5633,2023-12-12,2,107,18,4,900
7991,2024-03-02,2,107,18,4,900
9951,2024-08-09,2,107,18,4,900
6172,2023-12-30,14,107,6.4,5,320
8013,2024-03-02,4,107,12,5,600
8414,2024-03-16,2,107,18,4,900
1486,2023-05-15,14,108,6.4,4,320
1713,2023-06-05,10,108,36,5,1800
2956,2023-09-11,24,108,10,4,500
3895,2023-10-12,11,108,11,4,550
5698,2023-12-14,9,108,14,5,700
7622,2024-02-19,4,108,12,5,600
9334,2024-05-22,1,108,7,4,350
9779,2024-07-19,1,108,7,4,350
9964,2024-08-10,3,108,5,5,250
1157,2023-04-16,23,108,5,4,250
1842,2023-06-17,12,108,6,5,300
6718,2024-01-19,1,108,7,4,350
7462,2024-02-13,4,108,12,4,600
7506,2024-02-15,3,108,5,4,250
8009,2024-03-02,3,108,5,5,250
9707,2024-07-08,3,108,5,4,250
9966,2024-08-10,4,108,12,4,600
10089,2024-08-26,2,108,18,5,900
10126,2024-09-01,1,108,7,5,350
815,2023-03-15,24,108,10,4,500
1301,2023-04-30,8,108,15,5,750
1469,2023-05-14,3,108,5,4,250
3231,2023-09-21,21,108,13,4,650
3618,2023-10-03,6,108,24,5,1200
4952,2023-11-19,2,108,18,4,900
7900,2024-02-29,3,108,5,5,250
8680,2024-03-25,2,108,18,5,900
4262,2023-10-26,11,108,11,5,550
7955,2024-03-01,4,108,12,5,600
8283,2024-03-11,4,108,12,4,600
10388,2024-10-01,4,109,12,4,600
359,2023-02-03,25,109,12,5,600
704,2023-03-05,25,109,12,4,600
1078,2023-04-09,11,109,11,4,550
1634,2023-05-29,22,109,8,5,400
3529,2023-09-30,24,109,10,5,500
3709,2023-10-06,7,109,30,4,1500
5685,2023-12-14,5,109,9,4,450
6047,2023-12-26,14,109,6.4,4,320
6805,2024-01-22,1,109,7,5,350
8840,2024-03-31,1,109,7,5,350
9369,2024-05-25,3,109,5,5,250
10067,2024-08-23,1,109,7,4,350
2076,2023-07-12,15,109,7,4,350
2456,2023-08-17,24,109,10,4,500
3048,2023-09-15,23,109,5,4,250
4031,2023-10-18,2,109,18,5,900
4833,2023-11-15,1,109,7,4,350
5704,2023-12-15,2,109,18,4,900
6458,2024-01-09,14,109,6.4,5,320
6812,2024-01-22,2,109,18,4,900
6982,2024-01-28,3,109,5,4,250
7083,2024-02-01,2,109,18,4,900
7256,2024-02-08,1,109,7,5,350
8796,2024-03-29,3,109,5,4,250
10317,2024-09-24,3,109,5,4,250
111,2023-01-13,22,109,8,5,400
1895,2023-06-24,11,109,11,5,550
2153,2023-07-19,25,109,12,4,600
2964,2023-09-12,22,109,8,4,400
3244,2023-09-21,23,109,5,4,250
3491,2023-09-29,22,109,8,5,400
3741,2023-10-07,5,109,9,5,450
4103,2023-10-20,11,109,11,4,550
6318,2024-01-04,14,109,6.4,5,320
9,2023-01-02,3,109,5,4,250
5016,2023-11-21,5,109,9,4,450
1383,2023-05-06,17,109,12,5,600
1676,2023-06-02,15,109,7,4,350
891,2023-03-23,16,109,10,4,500
7343,2024-02-10,3,109,5,5,250
460,2023-02-14,19,110,6,4,300
1686,2023-06-03,11,110,11,5,550
2908,2023-09-10,22,110,8,4,400
3951,2023-10-14,9,110,14,4,700
4352,2023-10-29,10,110,36,5,1800
4486,2023-11-03,8,110,15,5,750
5150,2023-11-26,5,110,9,4,450
5181,2023-11-27,7,110,30,4,1500
6056,2023-12-26,14,110,6.4,5,320
7289,2024-02-08,4,110,12,5,600
7749,2024-02-24,3,110,5,5,250
9189,2024-05-06,4,110,12,4,600
9234,2024-05-10,4,110,12,5,600
9933,2024-08-07,1,110,7,5,350
10204,2024-09-10,3,110,5,4,250
12,2023-01-02,21,110,13,4,650
2948,2023-09-11,23,110,5,5,250
3843,2023-10-11,3,110,5,5,250
4996,2023-11-20,6,110,24,5,1200
5111,2023-11-25,1,110,7,4,350
6234,2024-01-01,14,110,6.4,5,320
7434,2024-02-12,4,110,12,4,600
7855,2024-02-27,4,110,12,4,600
7925,2024-03-01,2,110,18,4,900
7931,2024-03-01,2,110,18,5,900
8316,2024-03-12,4,110,12,4,600
8394,2024-03-15,3,110,5,4,250
9176,2024-05-05,3,110,5,4,250
9353,2024-05-24,1,110,7,4,350
528,2023-02-21,8,110,15,5,750
828,2023-03-16,27,110,4,4,200
2147,2023-07-19,9,110,14,4,700
2256,2023-07-28,13,110,9,4,450
2766,2023-09-06,24,110,10,5,500
2821,2023-09-08,21,110,13,4,650
3002,2023-09-14,21,110,13,4,650
3662,2023-10-04,11,110,11,5,550
4384,2023-10-31,8,110,15,4,750
6123,2023-12-28,14,110,6.4,5,320
7581,2024-02-18,2,110,18,4,900
62,2023-01-07,14,110,6.4,5,320
1044,2023-04-06,18,110,9,5,450
3374,2023-09-25,23,110,5,5,250
4552,2023-11-05,8,110,15,5,750
8733,2024-03-27,2,110,18,5,900
5081,2023-11-23,9,110,14,5,700
7984,2024-03-02,2,110,18,4,900
3739,2023-10-07,4,110,12,4,600
5006,2023-11-20,11,110,11,4,550
6102,2023-12-28,14,110,6.4,4,320
1232,2023-04-23,28,111,6,4,300
1328,2023-05-01,24,111,10,4,500
3005,2023-09-14,21,111,13,4,650
3575,2023-10-01,24,111,10,4,500
4863,2023-11-15,11,111,11,4,550
8010,2024-03-02,3,111,5,5,250
8793,2024-03-29,2,111,18,4,900
9085,2024-04-26,3,111,5,4,250
9686,2024-07-05,1,111,7,5,350
10276,2024-09-19,3,111,5,4,250
10287,2024-09-20,2,111,18,5,900
1693,2023-06-03,27,111,4,4,200
1875,2023-06-22,1,111,7,4,350
3769,2023-10-08,6,111,24,4,1200
4277,2023-10-27,6,111,24,5,1200
5051,2023-11-22,7,111,30,5,1500
3028,2023-09-14,24,111,10,5,500
6137,2023-12-29,14,111,6.4,5,320
9116,2024-05-01,1,111,7,4,350
5191,2023-11-27,10,111,36,5,1800
10348,2024-09-27,3,111,5,5,250
3422,2023-09-27,23,111,5,4,250
2547,2023-08-26,24,111,10,4,500
4026,2023-10-17,10,111,36,5,1800
6257,2024-01-02,14,111,6.4,5,320
6898,2024-01-25,3,111,5,5,250
3022,2023-09-14,24,112,10,5,500
3035,2023-09-15,21,112,13,5,650
5140,2023-11-26,2,112,18,4,900
5283,2023-12-01,2,112,18,5,900
5907,2023-12-21,14,112,6.4,4,320
6166,2023-12-30,14,112,6.4,4,320
6228,2024-01-01,14,112,6.4,5,320
7173,2024-02-04,4,112,12,4,600
325,2023-02-01,10,112,36,4,1800
813,2023-03-15,17,112,12,5,600
947,2023-03-30,5,112,9,4,450
3296,2023-09-23,21,112,13,5,650
3776,2023-10-08,11,112,11,5,550
6094,2023-12-28,14,112,6.4,4,320
7296,2024-02-09,1,112,7,5,350
7387,2024-02-11,4,112,12,5,600
8168,2024-03-07,3,112,5,4,250
8292,2024-03-12,1,112,7,5,350
9251,2024-05-12,3,112,5,4,250
9438,2024-06-02,3,112,5,5,250
9658,2024-07-01,4,112,12,4,600
77,2023-01-10,3,112,5,5,250
922,2023-03-27,7,112,30,5,1500
1569,2023-05-23,5,112,9,5,450
2289,2023-07-31,11,112,11,5,550
3698,2023-10-06,2,112,18,4,900
4482,2023-11-03,6,112,24,5,1200
6597,2024-01-14,2,112,18,4,900
9877,2024-08-02,1,112,7,5,350
999,2023-04-02,16,112,10,5,500
6693,2024-01-18,1,112,7,4,350
9520,2024-06-15,1,112,7,5,350
652,2023-03-02,19,112,6,5,300
6083,2023-12-27,14,112,6.4,4,320
3115,2023-09-17,24,112,10,4,500
7571,2024-02-18,1,112,7,4,350
9613,2024-06-26,3,112,5,4,250
757,2023-03-10,24,113,10,4,500
4408,2023-11-01,8,113,15,5,750
4622,2023-11-08,2,113,18,5,900
6163,2023-12-30,14,113,6.4,5,320
6281,2024-01-03,14,113,6.4,4,320
6903,2024-01-25,3,113,5,5,250
7962,2024-03-01,4,113,12,4,600
8226,2024-03-09,2,113,18,4,900
8409,2024-03-16,1,113,7,4,350
9341,2024-05-23,1,113,7,5,350
9854,2024-07-29,3,113,5,5,250
747,2023-03-10,2,113,18,4,900
1593,2023-05-25,20,113,16,5,800
2221,2023-07-24,25,113,12,4,600
4060,2023-10-19,3,113,5,5,250
7010,2024-01-29,2,113,18,4,900
7446,2024-02-13,3,113,5,4,250
8076,2024-03-04,4,113,12,5,600
1483,2023-05-15,6,113,24,4,1200
2109,2023-07-16,5,113,9,5,450
2247,2023-07-27,5,113,9,4,450
2581,2023-08-28,24,113,10,5,500
4228,2023-10-25,5,113,9,5,450
4818,2023-11-14,7,113,30,5,1500
4942,2023-11-18,10,113,36,5,1800
9786,2024-07-19,4,113,12,5,600
4624,2023-11-08,4,113,12,4,600
3958,2023-10-15,2,113,18,5,900
4732,2023-11-11,11,113,11,4,550
10059,2024-08-22,2,113,18,5,900
2913,2023-09-10,22,113,8,4,400
2968,2023-09-12,22,113,8,5,400
6275,2024-01-03,14,113,6.4,5,320
731,2023-03-08,24,114,10,4,500
2858,2023-09-09,22,114,8,4,400
3245,2023-09-21,23,114,5,5,250
3684,2023-10-05,8,114,15,4,750
3912,2023-10-13,7,114,30,5,1500
4024,2023-10-17,10,114,36,5,1800
5232,2023-11-29,6,114,24,4,1200
7014,2024-01-29,3,114,5,5,250
7190,2024-02-05,3,114,5,5,250
7544,2024-02-17,2,114,18,4,900
8619,2024-03-23,2,114,18,5,900
9567,2024-06-21,1,114,7,4,350
9691,2024-07-05,3,114,5,4,250
9777,2024-07-18,4,114,12,4,600
10346,2024-09-27,2,114,18,5,900
355,2023-02-03,12,114,6,4,300
801,2023-03-14,13,114,9,4,450
923,2023-03-27,10,114,36,5,1800
1378,2023-05-06,2,114,18,4,900
2990,2023-09-13,22,114,8,5,400
3161,2023-09-19,21,114,13,5,650
6702,2024-01-18,2,114,18,5,900
7560,2024-02-17,3,114,5,4,250
7905,2024-02-29,4,114,12,5,600
8264,2024-03-11,1,114,7,4,350
8678,2024-03-25,2,114,18,4,900
377,2023-02-06,18,114,9,5,450
949,2023-03-30,6,114,24,4,1200
1032,2023-04-05,25,114,12,5,600
2578,2023-08-28,24,114,10,4,500
3968,2023-10-15,5,114,9,5,450
4822,2023-11-14,8,114,15,4,750
6807,2024-01-22,1,114,7,5,350
8682,2024-03-25,2,114,18,4,900
1,2023-01-01,2,114,18,4,900
113,2023-01-13,25,114,12,4,600
333,2023-02-01,25,114,12,4,600
5987,2023-12-24,14,114,6.4,4,320
8253,2024-03-10,3,114,5,4,250
5155,2023-11-26,9,114,14,5,700
2764,2023-09-06,24,114,10,4,500
5689,2023-12-14,6,114,24,5,1200
6369,2024-01-06,14,114,6.4,4,320
142,2023-01-16,19,115,6,4,300
323,2023-02-01,9,115,14,5,700
507,2023-02-18,25,115,12,4,600
958,2023-03-30,25,115,12,5,600
1393,2023-05-07,11,115,11,5,550
2732,2023-09-05,24,115,10,4,500
3141,2023-09-18,23,115,5,5,250
3809,2023-10-09,11,115,11,5,550
4565,2023-11-06,2,115,18,4,900
4757,2023-11-12,8,115,15,4,750
6725,2024-01-19,2,115,18,5,900
7780,2024-02-25,3,115,5,4,250
156,2023-01-18,3,115,5,5,250
2735,2023-09-05,24,115,10,5,500
7992,2024-03-02,2,115,18,4,900
8625,2024-03-23,3,115,5,4,250
9259,2024-05-13,1,115,7,5,350
9348,2024-05-23,4,115,12,4,600
9829,2024-07-25,2,115,18,4,900
226,2023-01-24,11,115,11,4,550
583,2023-02-25,8,115,15,5,750
1344,2023-05-03,4,115,12,5,600
2636,2023-09-01,24,115,10,5,500
3060,2023-09-15,24,115,10,5,500
3134,2023-09-18,22,115,8,4,400
4065,2023-10-19,4,115,12,5,600
8854,2024-03-31,3,115,5,5,250
8235,2024-03-09,4,115,12,4,600
10312,2024-09-23,4,115,12,5,600
6656,2024-01-16,3,115,5,5,250
9357,2024-05-24,2,115,18,4,900
1018,2023-04-03,26,115,18,5,900
1396,2023-05-07,26,115,18,4,900
4800,2023-11-14,1,115,7,5,350
5334,2023-12-01,10,115,36,4,1800
6105,2023-12-28,14,115,6.4,4,320
8881,2024-04-02,3,115,5,5,250
1618,2023-05-28,3,116,5,4,250
4025,2023-10-17,10,116,36,4,1800
4379,2023-10-31,6,116,24,4,1200
4778,2023-11-13,5,116,9,5,450
4804,2023-11-14,4,116,12,5,600
5632,2023-12-12,1,116,7,5,350
6192,2023-12-31,14,116,6.4,4,320
6896,2024-01-25,3,116,5,5,250
9174,2024-05-05,3,116,5,4,250
9272,2024-05-14,3,116,5,4,250
9763,2024-07-16,3,116,5,5,250
10176,2024-09-06,4,116,12,5,600
273,2023-01-28,12,116,6,4,300
1296,2023-04-29,10,116,36,5,1800
1548,2023-05-21,19,116,6,4,300
3893,2023-10-12,9,116,14,4,700
4013,2023-10-17,5,116,9,4,450
5532,2023-12-08,8,116,15,5,750
5818,2023-12-19,1,116,7,4,350
6508,2024-01-11,3,116,5,4,250
6540,2024-01-12,3,116,5,5,250
8295,2024-03-12,1,116,7,5,350
8416,2024-03-16,3,116,5,4,250
8802,2024-03-29,3,116,5,5,250
9006,2024-04-18,1,116,7,5,350
9209,2024-05-08,2,116,18,4,900
9225,2024-05-09,4,116,12,4,600
9663,2024-07-02,1,116,7,4,350
9734,2024-07-12,2,116,18,4,900
3366,2023-09-25,23,116,5,5,250
3907,2023-10-13,5,116,9,4,450
4613,2023-11-08,1,116,7,5,350
10256,2024-09-17,2,116,18,5,900
10298,2024-09-21,2,116,18,5,900
8583,2024-03-22,1,116,7,4,350
4883,2023-11-16,9,116,14,5,700
8900,2024-04-04,4,116,12,4,600
2582,2023-08-29,24,116,10,4,500
7099,2024-02-01,4,116,12,4,600
7427,2024-02-12,4,116,12,5,600
9386,2024-05-27,1,116,7,5,350
22,2023-01-03,9,117,14,5,700
910,2023-03-25,16,117,10,5,500
1099,2023-04-10,19,117,6,5,300
1523,2023-05-18,21,117,13,5,650
3409,2023-09-27,21,117,13,4,650
4968,2023-11-19,6,117,24,5,1200
5063,2023-11-22,11,117,11,4,550
6455,2024-01-09,14,117,6.4,5,320
6814,2024-01-22,2,117,18,4,900
7122,2024-02-03,1,117,7,5,350
7971,2024-03-02,1,117,7,4,350
8310,2024-03-12,3,117,5,4,250
8703,2024-03-26,2,117,18,4,900
9405,2024-05-28,4,117,12,4,600
110,2023-01-13,22,117,8,4,400
808,2023-03-15,2,117,18,4,900
849,2023-03-18,17,117,12,4,600
1433,2023-05-10,12,117,6,5,300
1681,2023-06-03,2,117,18,4,900
2477,2023-08-19,24,117,10,5,500
3667,2023-10-05,2,117,18,5,900
4536,2023-11-05,2,117,18,4,900
4615,2023-11-08,1,117,7,4,350
5343,2023-12-02,1,117,7,4,350
5699,2023-12-14,10,117,36,4,1800
5700,2023-12-14,10,117,36,4,1800
6498,2024-01-11,1,117,7,5,350
7338,2024-02-10,2,117,18,4,900
7777,2024-02-25,2,117,18,5,900
7848,2024-02-27,3,117,5,5,250
7936,2024-03-01,2,117,18,5,900
8324,2024-03-13,2,117,18,5,900
903,2023-03-25,2,117,18,5,900
2755,2023-09-06,24,117,10,5,500
3031,2023-09-15,21,117,13,4,650
3945,2023-10-14,7,117,30,5,1500
4310,2023-10-28,5,117,9,5,450
7685,2024-02-22,1,117,7,4,350
8661,2024-03-24,4,117,12,5,600
10019,2024-08-16,4,117,12,4,600
7240,2024-02-07,2,117,18,4,900
8700,2024-03-26,1,117,7,4,350
1856,2023-06-19,18,117,9,4,450
4356,2023-10-30,1,117,7,5,350
4948,2023-11-19,1,117,7,5,350
6518,2024-01-11,14,117,6.4,4,320
8444,2024-03-17,1,117,7,4,350
5861,2023-12-20,14,117,6.4,5,320
8557,2024-03-21,2,117,18,4,900
9086,2024-04-26,3,117,5,5,250
47,2023-01-06,5,118,9,5,450
153,2023-01-17,24,118,10,4,500
3110,2023-09-17,24,118,10,5,500
4236,2023-10-25,11,118,11,5,550
4920,2023-11-18,4,118,12,5,600
5277,2023-12-01,1,118,7,5,350
8064,2024-03-04,2,118,18,5,900
9140,2024-05-01,4,118,12,4,600
9871,2024-08-01,1,118,7,5,350
9881,2024-08-02,2,118,18,4,900
64,2023-01-08,13,118,9,4,450
643,2023-03-02,4,118,12,5,600
661,2023-03-03,4,118,12,5,600
1007,2023-04-02,25,118,12,4,600
1427,2023-05-10,6,118,24,4,1200
3080,2023-09-16,23,118,5,5,250
3461,2023-09-28,24,118,10,5,500
3506,2023-09-30,21,118,13,5,650
5189,2023-11-27,9,118,14,4,700
5254,2023-11-30,1,118,7,4,350
5375,2023-12-02,11,118,11,4,550
5798,2023-12-18,6,118,24,4,1200
6332,2024-01-05,14,118,6.4,4,320
7429,2024-02-12,4,118,12,5,600
7470,2024-02-14,1,118,7,4,350
9107,2024-04-29,2,118,18,4,900
9290,2024-05-16,2,118,18,4,900
10358,2024-09-28,4,118,12,4,600
86,2023-01-10,28,118,6,4,300
3203,2023-09-20,21,118,13,4,650
4058,2023-10-19,1,118,7,5,350
6373,2024-01-06,14,118,6.4,4,320
497,2023-02-17,16,118,10,5,500
759,2023-03-10,26,118,18,4,900
1259,2023-04-26,17,118,12,5,600
4956,2023-11-19,2,118,18,5,900
5676,2023-12-14,1,118,7,5,350
8354,2024-03-14,2,118,18,5,900
9623,2024-06-27,4,118,12,4,600
920,2023-03-26,26,118,18,5,900
7323,2024-02-10,1,118,7,4,350
9770,2024-07-18,1,118,7,5,350
721,2023-03-07,23,119,5,5,250
2186,2023-07-22,3,119,5,4,250
2268,2023-07-29,11,119,11,4,550
5138,2023-11-26,2,119,18,5,900
5447,2023-12-05,6,119,24,5,1200
7876,2024-02-28,4,119,12,4,600
8110,2024-03-05,3,119,5,4,250
9242,2024-05-11,3,119,5,4,250
1841,2023-06-17,7,119,30,5,1500
3481,2023-09-29,22,119,8,4,400
3784,2023-10-09,2,119,18,4,900
4389,2023-11-01,1,119,7,5,350
4437,2023-11-02,4,119,12,5,600
4640,2023-11-08,10,119,36,4,1800
5300,2023-12-01,5,119,9,4,450
5485,2023-12-07,5,119,9,5,450
6242,2024-01-02,14,119,6.4,4,320
6336,2024-01-05,14,119,6.4,5,320
8167,2024-03-07,3,119,5,5,250
8243,2024-03-10,2,119,18,5,900
8561,2024-03-21,3,119,5,5,250
880,2023-03-22,12,119,6,5,300
1544,2023-05-21,6,119,24,5,1200
1965,2023-07-02,3,119,5,5,250
4340,2023-10-29,4,119,12,5,600
4645,2023-11-08,11,119,11,4,550
4639,2023-11-08,9,119,14,5,700
6939,2024-01-26,4,119,12,5,600
9153,2024-05-03,2,119,18,5,900
5827,2023-12-19,8,119,15,4,750
7416,2024-02-12,3,119,5,5,250
8213,2024-03-09,1,119,7,5,350
8075,2024-03-04,4,119,12,4,600
1468,2023-05-13,27,119,4,5,200
8724,2024-03-27,1,119,7,5,350
10027,2024-08-18,3,119,5,4,250
376,2023-02-06,18,120,9,5,450
633,2023-03-01,15,120,7,5,350
5105,2023-11-24,9,120,14,4,700
5752,2023-12-17,1,120,7,5,350
6539,2024-01-12,3,120,5,5,250
6775,2024-01-20,4,120,12,5,600
7849,2024-02-27,3,120,5,4,250
7943,2024-03-01,3,120,5,4,250
8637,2024-03-23,4,120,12,4,600
155,2023-01-17,28,120,6,4,300
1927,2023-06-29,1,120,7,5,350
3531,2023-10-01,21,120,13,5,650
3916,2023-10-13,9,120,14,4,700
4011,2023-10-17,2,120,18,5,900
5310,2023-12-01,7,120,30,4,1500
5717,2023-12-15,9,120,14,4,700
6156,2023-12-29,14,120,6.4,5,320
6502,2024-01-11,2,120,18,4,900
9035,2024-04-20,3,120,5,5,250
432,2023-02-11,22,120,8,4,400
1184,2023-04-20,3,120,5,5,250
1918,2023-06-28,2,120,18,4,900
2984,2023-09-13,21,120,13,5,650
3058,2023-09-15,24,120,10,5,500
3537,2023-10-01,21,120,13,5,650
3559,2023-10-01,23,120,5,4,250
4136,2023-10-22,4,120,12,4,600
4201,2023-10-24,5,120,9,5,450
6965,2024-01-28,1,120,7,5,350
7491,2024-02-15,2,120,18,4,900
7603,2024-02-19,1,120,7,5,350
7999,2024-03-02,2,120,18,4,900
8363,2024-03-14,3,120,5,4,250
8424,2024-03-16,4,120,12,4,600
8586,2024-03-22,2,120,18,4,900
8643,2024-03-24,1,120,7,5,350
9319,2024-05-20,1,120,7,4,350
61,2023-01-07,13,120,9,5,450
1533,2023-05-19,17,120,12,4,600
7519,2024-02-16,1,120,7,5,350
8489,2024-03-18,4,120,12,4,600
136,2023-01-16,7,120,30,5,1500
1247,2023-04-25,16,120,10,4,500
3249,2023-09-21,24,120,10,4,500
3073,2023-09-16,22,120,8,4,400
3507,2023-09-30,21,120,13,5,650
7827,2024-02-27,2,120,18,5,900
10051,2024-08-22,1,120,7,5,350
926,2023-03-27,17,121,12,5,600
1391,2023-05-07,9,121,14,5,700
2614,2023-09-01,24,121,10,4,500
5558,2023-12-09,6,121,24,5,1200
7594,2024-02-18,4,121,12,5,600
8577,2024-03-22,1,121,7,5,350
8800,2024-03-29,3,121,5,4,250
9495,2024-06-11,3,121,5,4,250
1770,2023-06-10,12,121,6,4,300
2431,2023-08-14,24,121,10,4,500
2882,2023-09-09,24,121,10,5,500
4747,2023-11-12,5,121,9,4,450
6685,2024-01-17,4,121,12,4,600
7131,2024-02-03,3,121,5,5,250
3791,2023-10-09,5,121,9,5,450
4374,2023-10-31,4,121,12,4,600
4479,2023-11-03,6,121,24,5,1200
5103,2023-11-24,8,121,15,4,750
6478,2024-01-10,14,121,6.4,4,320
7043,2024-01-30,4,121,12,4,600
7512,2024-02-15,4,121,12,5,600
8890,2024-04-03,4,121,12,5,600
9171,2024-05-05,1,121,7,4,350
201,2023-01-22,20,121,16,5,800
494,2023-02-17,3,121,5,5,250
1253,2023-04-25,27,121,4,4,200
1285,2023-04-28,10,121,36,5,1800
3657,2023-10-04,8,121,15,5,750
7768,2024-02-25,2,121,18,4,900
10028,2024-08-18,4,121,12,5,600
10050,2024-08-21,3,121,5,4,250
772,2023-03-11,27,121,4,4,200
5200,2023-11-28,2,121,18,5,900
9027,2024-04-19,4,121,12,5,600
4434,2023-11-02,3,121,5,4,250
6342,2024-01-05,14,121,6.4,5,320
8405,2024-03-16,1,121,7,5,350
9118,2024-05-01,1,121,7,4,350
2709,2023-09-04,24,121,10,5,500
3627,2023-10-03,9,121,14,4,700
5573,2023-12-09,11,121,11,5,550
6007,2023-12-24,14,121,6.4,5,320
6255,2024-01-02,14,121,6.4,5,320
6325,2024-01-05,14,121,6.4,4,320
7314,2024-02-09,4,121,12,4,600
974,2023-03-31,19,122,6,5,300
2563,2023-08-27,24,122,10,4,500
2706,2023-09-04,24,122,10,4,500
4455,2023-11-02,9,122,14,5,700
5050,2023-11-22,6,122,24,5,1200
5215,2023-11-28,10,122,36,5,1800
6112,2023-12-28,14,122,6.4,5,320
7794,2024-02-25,4,122,12,4,600
8737,2024-03-27,3,122,5,5,250
9347,2024-05-23,3,122,5,5,250
1025,2023-04-04,24,122,10,4,500
2754,2023-09-06,24,122,10,5,500
5237,2023-11-29,7,122,30,5,1500
5876,2023-12-20,14,122,6.4,4,320
7049,2024-01-31,1,122,7,4,350
8738,2024-03-27,3,122,5,5,250
9276,2024-05-14,4,122,12,4,600
9747,2024-07-14,1,122,7,4,350
9960,2024-08-10,2,122,18,4,900
1507,2023-05-17,16,122,10,5,500
3072,2023-09-16,22,122,8,4,400
4027,2023-10-17,10,122,36,4,1800
4269,2023-10-27,3,122,5,4,250
4370,2023-10-31,2,122,18,5,900
4591,2023-11-07,1,122,7,4,350
6749,2024-01-20,1,122,7,5,350
6785,2024-01-21,2,122,18,4,900
7554,2024-02-17,2,122,18,4,900
8546,2024-03-20,4,122,12,4,600
9403,2024-05-28,4,122,12,4,600
9573,2024-06-22,1,122,7,4,350
850,2023-03-18,19,122,6,4,300
2163,2023-07-20,19,122,6,4,300
2695,2023-09-03,24,122,10,5,500
3452,2023-09-28,22,122,8,5,400
3819,2023-10-10,5,122,9,4,450
4160,2023-10-23,2,122,18,5,900
4396,2023-11-01,5,122,9,4,450
6016,2023-12-25,14,122,6.4,5,320
6823,2024-01-22,3,122,5,5,250
931,2023-03-28,16,122,10,4,500
8540,2024-03-20,3,122,5,5,250
671,2023-03-03,22,122,8,5,400
4985,2023-11-20,1,122,7,4,350
5455,2023-12-05,11,122,11,5,550
960,2023-03-30,25,123,12,4,600
2196,2023-07-22,21,123,13,5,650
2618,2023-09-01,24,123,10,5,500
3397,2023-09-26,23,123,5,5,250
3849,2023-10-11,6,123,24,4,1200
4918,2023-11-18,3,123,5,4,250
6627,2024-01-15,3,123,5,5,250
7490,2024-02-15,1,123,7,5,350
8350,2024-03-14,2,123,18,4,900
8891,2024-04-03,4,123,12,4,600
384,2023-02-07,8,123,15,5,750
455,2023-02-14,2,123,18,4,900
3159,2023-09-18,24,123,10,5,500
3935,2023-10-14,4,123,12,4,600
5094,2023-11-24,3,123,5,4,250
6196,2023-12-31,14,123,6.4,5,320
7679,2024-02-22,1,123,7,5,350
8749,2024-03-28,1,123,7,5,350
9080,2024-04-25,3,123,5,4,250
9797,2024-07-21,1,123,7,5,350
309,2023-01-31,9,123,14,4,700
536,2023-02-21,23,123,5,5,250
796,2023-03-13,23,123,5,5,250
2647,2023-09-02,24,123,10,4,500
2928,2023-09-10,24,123,10,4,500
3007,2023-09-14,21,123,13,4,650
6081,2023-12-27,14,123,6.4,5,320
6127,2023-12-29,14,123,6.4,4,320
6646,2024-01-16,2,123,18,4,900
8422,2024-03-16,4,123,12,5,600
283,2023-01-29,21,123,13,5,650
1093,2023-04-10,4,123,12,5,600
1988,2023-07-04,5,123,9,4,450
7369,2024-02-11,2,123,18,4,900
9311,2024-05-18,4,123,12,5,600
10149,2024-09-03,4,123,12,5,600
682,2023-03-04,16,123,10,5,500
3666,2023-10-05,2,123,18,5,900
4599,2023-11-07,7,123,30,5,1500
4180,2023-10-23,7,123,30,4,1500
4500,2023-11-04,3,123,5,5,250
6510,2024-01-11,3,123,5,4,250
2973,2023-09-12,23,123,5,4,250
7482,2024-02-14,3,123,5,5,250
9378,2024-05-26,3,123,5,4,250
198,2023-01-22,8,124,15,5,750
986,2023-04-01,19,124,6,5,300
1501,2023-05-17,2,124,18,4,900
1743,2023-06-07,10,124,36,4,1800
2725,2023-09-05,24,124,10,5,500
4355,2023-10-29,11,124,11,4,550
5511,2023-12-08,2,124,18,4,900
6265,2024-01-03,14,124,6.4,4,320
9089,2024-04-26,4,124,12,4,600
9660,2024-07-01,4,124,12,4,600
9997,2024-08-13,4,124,12,4,600
10129,2024-09-01,3,124,5,4,250
10173,2024-09-06,3,124,5,4,250
3266,2023-09-22,22,124,8,5,400
3377,2023-09-25,24,124,10,5,500
5147,2023-11-26,4,124,12,4,600
6612,2024-01-15,1,124,7,5,350
6731,2024-01-19,2,124,18,5,900
6918,2024-01-26,1,124,7,5,350
9062,2024-04-24,1,124,7,4,350
9070,2024-04-24,4,124,12,5,600
9211,2024-05-08,3,124,5,5,250
9817,2024-07-23,4,124,12,4,600
10061,2024-08-22,2,124,18,4,900
735,2023-03-08,27,124,4,5,200
2007,2023-07-06,1,124,7,4,350
2173,2023-07-21,10,124,36,5,1800
4415,2023-11-01,9,124,14,5,700
4905,2023-11-17,10,124,36,5,1800
4976,2023-11-19,8,124,15,5,750
5011,2023-11-21,1,124,7,4,350
5049,2023-11-22,6,124,24,4,1200
9967,2024-08-10,4,124,12,4,600
823,2023-03-16,15,124,7,4,350
2747,2023-09-05,24,124,10,4,500
2756,2023-09-06,24,124,10,4,500
2770,2023-09-06,24,124,10,4,500
4673,2023-11-09,11,124,11,4,550
1617,2023-05-28,1,124,7,4,350
8690,2024-03-25,3,124,5,4,250
10042,2024-08-20,4,124,12,5,600
19,2023-01-03,8,124,15,4,750
435,2023-02-12,1,124,7,5,350
5287,2023-12-01,2,124,18,4,900
6777,2024-01-20,4,124,12,4,600
573,2023-02-24,11,125,11,4,550
2939,2023-09-11,21,125,13,4,650
3150,2023-09-18,24,125,10,4,500
5626,2023-12-11,8,125,15,5,750
6500,2024-01-11,1,125,7,4,350
7879,2024-02-28,4,125,12,5,600
9317,2024-05-19,4,125,12,5,600
9336,2024-05-22,2,125,18,5,900
9862,2024-07-30,2,125,18,5,900
794,2023-03-13,22,125,8,4,400
3509,2023-09-30,21,125,13,5,650
4550,2023-11-05,8,125,15,5,750
4979,2023-11-19,10,125,36,4,1800
5903,2023-12-21,14,125,6.4,4,320
8210,2024-03-08,4,125,12,4,600
54,2023-01-06,21,125,13,5,650
3438,2023-09-28,21,125,13,4,650
4051,2023-10-18,10,125,36,5,1800
4088,2023-10-20,4,125,12,5,600
5784,2023-12-18,2,125,18,4,900
6424,2024-01-08,14,125,6.4,4,320
7569,2024-02-18,1,125,7,5,350
9588,2024-06-23,2,125,18,4,900
118,2023-01-14,15,125,7,5,350
321,2023-02-01,9,125,14,5,700
1847,2023-06-18,6,125,24,4,1200
1917,2023-06-27,27,125,4,4,200
2311,2023-08-02,24,125,10,5,500
3831,2023-10-10,8,125,15,4,750
5043,2023-11-22,3,125,5,5,250
349,2023-02-03,5,125,9,5,450
2127,2023-07-17,15,125,7,5,350
5678,2023-12-14,1,125,7,5,350
5952,2023-12-23,14,125,6.4,4,320
2570,2023-08-28,24,125,10,5,500
2714,2023-09-04,24,125,10,4,500
3594,2023-10-02,11,125,11,5,550
7546,2024-02-17,2,125,18,5,900
8402,2024-03-16,1,125,7,5,350
1799,2023-06-13,7,125,30,5,1500
4140,2023-10-22,8,125,15,5,750
5439,2023-12-05,3,125,5,5,250
6776,2024-01-20,4,125,12,5,600
399,2023-02-09,2,126,18,5,900
1106,2023-04-11,24,126,10,4,500
2534,2023-08-25,24,126,10,4,500
2953,2023-09-11,24,126,10,5,500
4467,2023-11-03,2,126,18,5,900
4502,2023-11-04,3,126,5,4,250
5118,2023-11-25,3,126,5,4,250
5665,2023-12-13,7,126,30,5,1500
5753,2023-12-17,2,126,18,4,900
6464,2024-01-09,14,126,6.4,5,320
7664,2024-02-21,3,126,5,4,250
8379,2024-03-15,1,126,7,5,350
8898,2024-04-04,3,126,5,5,250
10065,2024-08-22,3,126,5,4,250
1806,2023-06-14,4,126,12,4,600
4193,2023-10-24,2,126,18,4,900
5602,2023-12-10,10,126,36,5,1800
6295,2024-01-04,14,126,6.4,5,320
6554,2024-01-12,4,126,12,5,600
6852,2024-01-23,4,126,12,5,600
6905,2024-01-25,4,126,12,5,600
8971,2024-04-14,2,126,18,4,900
9108,2024-04-29,3,126,5,4,250
9664,2024-07-02,1,126,7,5,350
370,2023-02-05,19,126,6,5,300
1060,2023-04-08,3,126,5,4,250
5938,2023-12-22,14,126,6.4,4,320
6844,2024-01-23,3,126,5,4,250
7291,2024-02-08,4,126,12,5,600
8274,2024-03-11,3,126,5,5,250
9483,2024-06-09,1,126,7,4,350
9644,2024-06-30,3,126,5,4,250
10334,2024-09-25,4,126,12,4,600
618,2023-02-28,16,126,10,5,500
751,2023-03-10,12,126,6,4,300
1844,2023-06-17,25,126,12,4,600
2340,2023-08-05,24,126,10,5,500
5856,2023-12-20,14,126,6.4,5,320
2642,2023-09-02,24,126,10,5,500
5634,2023-12-12,2,126,18,5,900
3432,2023-09-27,24,126,10,5,500
3915,2023-10-13,8,126,15,5,750
7159,2024-02-04,2,126,18,5,900
7617,2024-02-19,3,126,5,4,250
2950,2023-09-11,23,126,5,5,250
5648,2023-12-12,8,126,15,5,750
436,2023-02-12,2,127,18,5,900
3538,2023-10-01,21,127,13,4,650
3712,2023-10-06,7,127,30,5,1500
4935,2023-11-18,9,127,14,5,700
6128,2023-12-29,14,127,6.4,4,320
6402,2024-01-07,14,127,6.4,5,320
8654,2024-03-24,3,127,5,5,250
9867,2024-07-31,3,127,5,5,250
10258,2024-09-17,4,127,12,5,600
1646,2023-05-31,5,127,9,4,450
4045,2023-10-18,8,127,15,4,750
4305,2023-10-28,3,127,5,4,250
4491,2023-11-03,11,127,11,4,550
4651,2023-11-09,2,127,18,5,900
5666,2023-12-13,7,127,30,5,1500
6043,2023-12-26,14,127,6.4,4,320
7619,2024-02-19,3,127,5,4,250
7713,2024-02-23,2,127,18,4,900
7818,2024-02-26,4,127,12,4,600
9457,2024-06-05,2,127,18,5,900
9516,2024-06-14,3,127,5,5,250
799,2023-03-14,7,127,30,5,1500
2241,2023-07-26,18,127,9,5,450
3458,2023-09-28,23,127,5,5,250
3614,2023-10-03,1,127,7,4,350
4465,2023-11-02,11,127,11,4,550
4656,2023-11-09,5,127,9,5,450
4699,2023-11-10,10,127,36,4,1800
7592,2024-02-18,4,127,12,5,600
8112,2024-03-05,3,127,5,4,250
8208,2024-03-08,4,127,12,5,600
9590,2024-06-23,2,127,18,5,900
9863,2024-07-30,3,127,5,4,250
10080,2024-08-25,2,127,18,5,900
10364,2024-09-29,3,127,5,5,250
1251,2023-04-25,25,127,12,5,600
2220,2023-07-24,25,127,12,4,600
2319,2023-08-03,24,127,10,4,500
3158,2023-09-18,24,127,10,5,500
5543,2023-12-09,1,127,7,5,350
8221,2024-03-09,2,127,18,4,900
1655,2023-06-01,5,127,9,4,450
1742,2023-06-07,3,127,5,5,250
4762,2023-11-12,11,127,11,4,550
806,2023-03-14,27,127,4,5,200
4282,2023-10-27,6,127,24,4,1200
2446,2023-08-16,24,127,10,4,500
4158,2023-10-22,11,127,11,5,550
5915,2023-12-22,14,127,6.4,4,320
6042,2023-12-26,14,127,6.4,4,320
6087,2023-12-27,14,127,6.4,5,320
6446,2024-01-09,14,127,6.4,5,320
10105,2024-08-28,2,127,18,4,900
112,2023-01-13,23,128,5,4,250
272,2023-01-27,24,128,10,5,500
1295,2023-04-29,2,128,18,5,900
1931,2023-06-29,7,128,30,5,1500
4010,2023-10-17,1,128,7,5,350
5136,2023-11-26,1,128,7,4,350
6519,2024-01-12,1,128,7,5,350
9028,2024-04-20,1,128,7,5,350
9325,2024-05-20,2,128,18,5,900
1178,2023-04-19,11,128,11,5,550
1766,2023-06-09,24,128,10,5,500
2267,2023-07-29,10,128,36,5,1800
2449,2023-08-16,24,128,10,5,500
3173,2023-09-19,22,128,8,4,400
3241,2023-09-21,22,128,8,5,400
3346,2023-09-24,23,128,5,4,250
7529,2024-02-16,2,128,18,4,900
8804,2024-03-29,4,128,12,5,600
9196,2024-05-07,4,128,12,5,600
934,2023-03-29,3,128,5,4,250
1985,2023-07-03,22,128,8,5,400
2535,2023-08-25,24,128,10,4,500
3120,2023-09-18,21,128,13,4,650
8146,2024-03-06,3,128,5,4,250
8694,2024-03-25,4,128,12,4,600
8947,2024-04-11,2,128,18,5,900
14,2023-01-02,23,128,5,4,250
1052,2023-04-07,8,128,15,4,750
1536,2023-05-19,26,128,18,5,900
1758,2023-06-08,26,128,18,5,900
2144,2023-07-18,26,128,18,5,900
2205,2023-07-23,19,128,6,4,300
2341,2023-08-05,24,128,10,5,500
8305,2024-03-12,2,128,18,4,900
2843,2023-09-08,24,128,10,5,500
4073,2023-10-19,7,128,30,5,1500
5838,2023-12-19,14,128,6.4,5,320
6663,2024-01-16,4,128,12,4,600
8149,2024-03-06,4,128,12,4,600
10377,2024-09-30,4,128,12,5,600
599,2023-02-26,14,128,6.4,5,320
1423,2023-05-09,26,128,18,4,900
2121,2023-07-17,2,128,18,4,900
2499,2023-08-21,24,128,10,4,500
3543,2023-10-01,22,128,8,4,400
6838,2024-01-23,2,128,18,4,900
9337,2024-05-22,4,128,12,4,600
9338,2024-05-23,1,128,7,5,350
3477,2023-09-29,21,128,13,5,650
4621,2023-11-08,2,128,18,4,900
5055,2023-11-22,7,128,30,5,1500
1115,2023-04-12,12,129,6,5,300
1723,2023-06-06,5,129,9,4,450
3032,2023-09-15,21,129,13,5,650
3795,2023-10-09,7,129,30,5,1500
4143,2023-10-22,9,129,14,5,700
5842,2023-12-19,14,129,6.4,5,320
6728,2024-01-19,2,129,18,5,900
7774,2024-02-25,2,129,18,5,900
7998,2024-03-02,2,129,18,4,900
8596,2024-03-22,3,129,5,4,250
8742,2024-03-27,3,129,5,4,250
10004,2024-08-14,3,129,5,4,250
1051,2023-04-07,5,129,9,4,450
1246,2023-04-25,11,129,11,4,550
1904,2023-06-25,26,129,18,5,900
2629,2023-09-01,24,129,10,4,500
3459,2023-09-28,23,129,5,5,250
4359,2023-10-30,2,129,18,4,900
4911,2023-11-18,1,129,7,4,350
5038,2023-11-22,2,129,18,4,900
6165,2023-12-30,14,129,6.4,5,320
6225,2024-01-01,14,129,6.4,5,320
7778,2024-02-25,2,129,18,4,900
9250,2024-05-12,1,129,7,4,350
9685,2024-07-05,1,129,7,5,350
9864,2024-07-30,4,129,12,4,600
10252,2024-09-16,4,129,12,4,600
860,2023-03-20,6,129,24,5,1200
2853,2023-09-09,21,129,13,5,650
5293,2023-12-01,4,129,12,5,600
5351,2023-12-02,4,129,12,4,600
5825,2023-12-19,6,129,24,4,1200
6025,2023-12-25,14,129,6.4,4,320
6377,2024-01-06,14,129,6.4,4,320
8468,2024-03-18,1,129,7,4,350
8812,2024-03-30,1,129,7,4,350
9653,2024-07-01,3,129,5,4,250
1215,2023-04-22,26,129,18,4,900
1911,2023-06-27,5,129,9,5,450
3136,2023-09-18,22,129,8,5,400
3759,2023-10-07,10,129,36,4,1800
4548,2023-11-05,7,129,30,4,1500
8415,2024-03-16,2,129,18,4,900
8600,2024-03-22,3,129,5,4,250
3372,2023-09-25,23,129,5,4,250
9389,2024-05-27,1,129,7,4,350
2484,2023-08-19,24,129,10,4,500
3815,2023-10-10,3,129,5,5,250
5983,2023-12-24,14,129,6.4,4,320
9652,2024-07-01,3,129,5,4,250
2891,2023-09-10,21,129,13,4,650
6473,2024-01-10,14,129,6.4,4,320
979,2023-03-31,28,130,6,5,300
1005,2023-04-02,23,130,5,4,250
1237,2023-04-24,15,130,7,5,350
1941,2023-06-30,21,130,13,5,650
1977,2023-07-02,28,130,6,4,300
2814,2023-09-07,24,130,10,4,500
3540,2023-10-01,21,130,13,4,650
4422,2023-11-01,11,130,11,5,550
4533,2023-11-05,2,130,18,4,900
4584,2023-11-06,8,130,15,4,750
5718,2023-12-15,9,130,14,4,700
5869,2023-12-20,14,130,6.4,4,320
6636,2024-01-16,1,130,7,5,350
8824,2024-03-30,4,130,12,5,600
9001,2024-04-17,3,130,5,4,250
9263,2024-05-14,1,130,7,4,350
361,2023-02-04,10,130,36,5,1800
529,2023-02-21,11,130,11,5,550
811,2023-03-15,6,130,24,4,1200
1297,2023-04-29,15,130,7,4,350
2696,2023-09-03,24,130,10,5,500
3589,2023-10-02,8,130,15,5,750
5595,2023-12-10,8,130,15,5,750
6988,2024-01-28,4,130,12,4,600
7058,2024-01-31,2,130,18,5,900
8093,2024-03-05,2,130,18,4,900
9279,2024-05-15,1,130,7,4,350
9841,2024-07-27,2,130,18,4,900
10309,2024-09-22,4,130,12,5,600
76,2023-01-09,27,130,4,4,200
433,2023-02-11,23,130,5,4,250
3897,2023-10-13,1,130,7,5,350
4030,2023-10-18,1,130,7,4,350
4460,2023-11-02,10,130,36,5,1800
4691,2023-11-10,8,130,15,4,750
9934,2024-08-07,2,130,18,5,900
10350,2024-09-27,4,130,12,5,600
10386,2024-10-01,3,130,5,5,250
1418,2023-05-09,13,130,9,4,450
2275,2023-07-30,1,130,7,5,350
2856,2023-09-09,21,130,13,5,650
3946,2023-10-14,7,130,30,5,1500
4291,2023-10-27,9,130,14,4,700
5461,2023-12-06,5,130,9,4,450
6395,2024-01-07,14,130,6.4,5,320
683,2023-03-04,20,130,16,4,800
1575,2023-05-23,19,130,6,4,300
6070,2023-12-27,14,130,6.4,5,320
7539,2024-02-17,1,130,7,5,350
4327,2023-10-28,10,130,36,5,1800
5214,2023-11-28,10,130,36,5,1800
9255,2024-05-12,4,130,12,4,600
49,2023-01-06,8,131,15,5,750
297,2023-01-30,14,131,6.4,4,320
1394,2023-05-07,12,131,6,4,300
1476,2023-05-14,19,131,6,5,300
2610,2023-09-01,24,131,10,5,500
4953,2023-11-19,2,131,18,5,900
5255,2023-11-30,1,131,7,5,350
7540,2024-02-17,1,131,7,4,350
8262,2024-03-11,1,131,7,4,350
8526,2024-03-19,4,131,12,5,600
8671,2024-03-25,1,131,7,4,350
8764,2024-03-28,3,131,5,4,250
9122,2024-05-01,2,131,18,5,900
1303,2023-04-30,19,131,6,4,300
2086,2023-07-13,20,131,16,5,800
3109,2023-09-17,24,131,10,5,500
3726,2023-10-07,1,131,7,4,350
5025,2023-11-21,7,131,30,4,1500
6028,2023-12-25,14,131,6.4,5,320
6133,2023-12-29,14,131,6.4,5,320
6549,2024-01-12,4,131,12,5,600
7216,2024-02-06,3,131,5,4,250
7454,2024-02-13,3,131,5,5,250
7670,2024-02-21,4,131,12,5,600
7940,2024-03-01,3,131,5,4,250
9112,2024-04-30,2,131,18,4,900
9125,2024-05-01,2,131,18,5,900
9131,2024-05-01,3,131,5,5,250
9217,2024-05-09,2,131,18,4,900
10093,2024-08-26,4,131,12,5,600
579,2023-02-24,23,131,5,4,250
1172,2023-04-18,27,131,4,5,200
2227,2023-07-25,17,131,12,4,600
3766,2023-10-08,2,131,18,5,900
4657,2023-11-09,5,131,9,5,450
5957,2023-12-23,14,131,6.4,4,320
7628,2024-02-20,1,131,7,5,350
7994,2024-03-02,2,131,18,5,900
264,2023-01-27,15,131,7,5,350
760,2023-03-10,26,131,18,5,900
4121,2023-10-21,10,131,36,5,1800
4603,2023-11-07,9,131,14,5,700
5145,2023-11-26,4,131,12,4,600
5796,2023-12-18,6,131,24,4,1200
5852,2023-12-20,14,131,6.4,5,320
9385,2024-05-26,4,131,12,5,600
1735,2023-06-06,21,131,13,5,650
6551,2024-01-12,4,131,12,5,600
9519,2024-06-15,1,131,7,4,350
9662,2024-07-02,1,131,7,5,350
1043,2023-04-06,16,132,10,5,500
1252,2023-04-25,25,132,12,5,600
2179,2023-07-21,16,132,10,5,500
3013,2023-09-14,22,132,8,5,400
3504,2023-09-29,24,132,10,5,500
4566,2023-11-06,2,132,18,5,900
5282,2023-12-01,2,132,18,4,900
5760,2023-12-17,4,132,12,4,600
7117,2024-02-02,4,132,12,4,600
7170,2024-02-04,4,132,12,5,600
7187,2024-02-05,2,132,18,5,900
7641,2024-02-20,2,132,18,5,900
7812,2024-02-26,3,132,5,5,250
9480,2024-06-08,4,132,12,5,600
9943,2024-08-08,3,132,5,5,250
505,2023-02-18,15,132,7,4,350
1419,2023-05-09,14,132,6.4,4,320
1962,2023-07-01,25,132,12,4,600
2264,2023-07-29,6,132,24,4,1200
2280,2023-07-30,12,132,6,5,300
2468,2023-08-18,24,132,10,4,500
3001,2023-09-13,24,132,10,5,500
4144,2023-10-22,9,132,14,4,700
4274,2023-10-27,5,132,9,4,450
4826,2023-11-14,10,132,36,4,1800
5360,2023-12-02,7,132,30,5,1500
6106,2023-12-28,14,132,6.4,5,320
6514,2024-01-11,4,132,12,5,600
7669,2024-02-21,3,132,5,4,250
8105,2024-03-05,3,132,5,5,250
9335,2024-05-22,2,132,18,5,900
10283,2024-09-20,2,132,18,4,900
267,2023-01-27,19,132,6,5,300
634,2023-03-01,18,132,9,5,450
1590,2023-05-24,27,132,4,5,200
2006,2023-07-06,1,132,7,5,350
2183,2023-07-21,27,132,4,4,200
2306,2023-08-01,28,132,6,4,300
3345,2023-09-24,23,132,5,5,250
3963,2023-10-15,3,132,5,5,250
4619,2023-11-08,1,132,7,4,350
4819,2023-11-14,8,132,15,4,750
5749,2023-12-16,11,132,11,5,550
6548,2024-01-12,4,132,12,4,600
6707,2024-01-18,3,132,5,4,250
6794,2024-01-21,2,132,18,5,900
7125,2024-02-03,1,132,7,5,350
10186,2024-09-07,4,132,12,5,600
517,2023-02-20,6,132,24,5,1200
2626,2023-09-01,24,132,10,4,500
3297,2023-09-23,21,132,13,5,650
3860,2023-10-11,11,132,11,5,550
5238,2023-11-29,7,132,30,5,1500
5588,2023-12-10,4,132,12,5,600
1177,2023-04-19,11,132,11,4,550
2126,2023-07-17,14,132,6.4,4,320
4849,2023-11-15,7,132,30,4,1500
5344,2023-12-02,2,132,18,4,900
9900,2024-08-04,3,132,5,5,250
3083,2023-09-16,24,132,10,5,500
3981,2023-10-16,1,132,7,4,350
2392,2023-08-11,24,132,10,5,500
3586,2023-10-02,6,132,24,5,1200
7152,2024-02-04,1,132,7,4,350
46,2023-01-06,1,133,7,5,350
278,2023-01-29,10,133,36,5,1800
797,2023-03-13,25,133,12,4,600
2236,2023-07-26,12,133,6,4,300
3285,2023-09-22,24,133,10,4,500
4091,2023-10-20,4,133,12,5,600
4672,2023-11-09,10,133,36,5,1800
4857,2023-11-15,9,133,14,5,700
5264,2023-11-30,4,133,12,5,600
7135,2024-02-03,3,133,5,5,250
7520,2024-02-16,1,133,7,5,350
8094,2024-03-05,2,133,18,5,900
9292,2024-05-16,3,133,5,4,250
10278,2024-09-19,3,133,5,4,250
938,2023-03-29,8,133,15,4,750
2120,2023-07-17,1,133,7,4,350
3250,2023-09-21,24,133,10,5,500
3362,2023-09-25,22,133,8,4,400
4470,2023-11-03,4,133,12,4,600
5087,2023-11-23,10,133,36,4,1800
5281,2023-12-01,1,133,7,3,350
5412,2023-12-04,5,133,9,5,450
5473,2023-12-06,11,133,11,5,550
5986,2023-12-24,14,133,6.4,5,320
7069,2024-01-31,3,133,5,3,250
7124,2024-02-03,1,133,7,4,350
7587,2024-02-18,3,133,5,3,250
7821,2024-02-27,1,133,7,3,350
8037,2024-03-03,2,133,18,3,900
9016,2024-04-18,4,133,12,2,600
9158,2024-05-03,3,133,5,2,250
9712,2024-07-09,1,133,7,2,350
10152,2024-09-04,1,133,7,2,350
1495,2023-05-16,18,133,9,5,450
3828,2023-10-10,7,133,30,5,1500
3930,2023-10-14,2,133,18,3,900
5529,2023-12-08,8,133,15,4,750
6587,2024-01-13,4,133,12,2,600
8181,2024-03-08,1,133,7,4,350
8523,2024-03-19,3,133,5,3,250
9907,2024-08-05,1,133,7,3,350
9993,2024-08-13,2,133,18,4,900
10338,2024-09-26,2,133,18,4,900
878,2023-03-22,6,133,24,4,1200
2673,2023-09-03,24,133,10,2,500
8376,2024-03-15,1,133,7,2,350
220,2023-01-24,5,133,9,4,450
2966,2023-09-12,22,133,8,3,400
9468,2024-06-06,4,133,12,5,600
1100,2023-04-10,22,133,8,4,400
2066,2023-07-11,20,133,16,3,800
5459,2023-12-06,4,133,12,2,600
5757,2023-12-17,2,133,18,2,900
2957,2023-09-12,21,134,13,4,650
4163,2023-10-23,3,134,5,2,250
5148,2023-11-26,5,134,9,5,450
5631,2023-12-12,1,134,7,5,350
7048,2024-01-31,1,134,7,4,350
2245,2023-07-26,23,134,5,5,250
2318,2023-08-02,26,134,18,4,900
2826,2023-09-08,21,134,13,2,650
3283,2023-09-22,24,134,10,2,500
5472,2023-12-06,11,134,11,2,550
7263,2024-02-08,1,134,7,2,350
8060,2024-03-04,1,134,7,5,350
2384,2023-08-10,24,134,10,5,500
2587,2023-08-30,24,134,10,4,500
4347,2023-10-29,8,134,15,5,750
4683,2023-11-10,5,134,9,2,450
9835,2024-07-26,3,134,5,2,250
10190,2024-09-08,4,134,12,3,600
10301,2024-09-21,4,134,12,2,600
235,2023-01-25,1,134,7,5,350
771,2023-03-11,26,134,18,4,900
837,2023-03-17,18,134,9,2,450
1049,2023-04-06,26,134,18,3,900
1765,2023-06-09,12,134,6,4,300
2056,2023-07-10,16,134,10,5,500
2065,2023-07-11,19,134,6,2,300
4487,2023-11-03,9,134,14,3,700
4949,2023-11-19,1,134,7,2,350
1725,2023-06-06,10,134,36,4,1800
1854,2023-06-19,11,134,11,5,550
3413,2023-09-27,21,134,13,4,650
7600,2024-02-18,4,134,12,5,600
1138,2023-04-14,14,134,6.4,4,320
1964,2023-07-01,28,134,6,4,300
4629,2023-11-08,5,134,9,2,450
5205,2023-11-28,4,134,12,5,600
7662,2024-02-21,3,134,5,5,250
10306,2024-09-22,2,134,18,5,900
423,2023-02-10,21,135,13,5,650
477,2023-02-15,25,135,12,4,600
1778,2023-06-10,26,135,18,4,900
2883,2023-09-09,24,135,10,2,500
9514,2024-06-13,4,135,12,4,600
10365,2024-09-29,4,135,12,4,600
1760,2023-06-09,1,135,7,4,350
2070,2023-07-12,2,135,18,3,900
2166,2023-07-20,26,135,18,5,900
4261,2023-10-26,10,135,36,2,1800
7370,2024-02-11,2,135,18,3,900
8040,2024-03-03,2,135,18,3,900
8601,2024-03-22,3,135,5,3,250
9751,2024-07-14,2,135,18,2,900
10055,2024-08-22,1,135,7,5,350
83,2023-01-10,18,135,9,3,450
1096,2023-04-10,11,135,11,2,550
1362,2023-05-04,16,135,10,5,500
1438,2023-05-10,25,135,12,3,600
1673,2023-06-02,12,135,6,5,300
2970,2023-09-12,22,135,8,4,400
3985,2023-10-16,2,135,18,5,900
4407,2023-11-01,8,135,15,5,750
7409,2024-02-12,2,135,18,3,900
9773,2024-07-18,3,135,5,4,250
538,2023-02-21,25,135,12,3,600
935,2023-03-29,4,135,12,2,600
2360,2023-08-08,24,135,10,5,500
4104,2023-10-21,1,135,7,4,350
4777,2023-11-13,4,135,12,2,600
8850,2024-03-31,2,135,18,3,900
3315,2023-09-23,23,135,5,3,250
4784,2023-11-13,7,135,30,5,1500
5513,2023-12-08,2,136,18,3,900
5756,2023-12-17,2,136,18,5,900
7402,2024-02-12,1,136,7,3,350
8775,2024-03-28,4,136,12,2,600
9475,2024-06-08,1,136,7,2,350
718,2023-03-07,15,136,7,2,350
2310,2023-08-02,24,136,10,2,500
3527,2023-09-30,24,136,10,2,500
3725,2023-10-07,1,136,7,5,350
3728,2023-10-07,1,136,7,3,350
3983,2023-10-16,2,136,18,5,900
5229,2023-11-29,5,136,9,5,450
7630,2024-02-20,1,136,7,5,350
8426,2024-03-16,4,136,12,4,600
1097,2023-04-10,11,136,11,4,550
5795,2023-12-18,5,136,9,5,450
7714,2024-02-23,2,136,18,2,900
8371,2024-03-14,4,136,12,5,600
10032,2024-08-19,1,136,7,2,350
5073,2023-11-23,6,136,24,5,1200
9696,2024-07-07,1,136,7,3,350
171,2023-01-19,5,136,9,4,450
173,2023-01-19,11,136,11,4,550
2293,2023-07-31,28,136,6,5,300
6996,2024-01-29,1,136,7,5,350
5004,2023-11-20,9,137,14,4,700
6338,2024-01-05,14,137,6.4,2,320
6472,2024-01-10,14,137,6.4,3,320
6941,2024-01-26,4,137,12,2,600
2837,2023-09-08,22,137,8,5,400
3542,2023-10-01,22,137,8,3,400
5137,2023-11-26,2,137,18,4,900
1740,2023-06-07,3,137,5,3,250
4870,2023-11-16,3,137,5,3,250
6117,2023-12-28,14,137,6.4,5,320
5510,2023-12-08,2,137,18,3,900
6301,2024-01-04,14,138,6.4,4,320
7068,2024-01-31,3,138,5,5,250
487,2023-02-16,8,138,15,4,750
679,2023-03-04,14,138,6.4,5,320
2191,2023-07-22,19,138,6,4,300
3437,2023-09-28,21,138,13,2,650
4551,2023-11-05,8,138,15,4,750
8124,2024-03-06,1,138,7,3,350
8521,2024-03-19,3,138,5,3,250
2659,2023-09-02,24,138,10,2,500
3117,2023-09-18,21,138,13,3,650
7523,2024-02-16,1,138,7,2,350
8734,2024-03-27,3,138,5,5,250
1401,2023-05-08,13,138,9,4,450
3003,2023-09-14,21,138,13,2,650
5243,2023-11-29,9,138,14,5,700
7026,2024-01-29,4,138,12,4,600
7839,2024-02-27,3,138,5,4,250
7988,2024-03-02,2,138,18,5,900
9726,2024-07-10,3,138,5,5,250
3877,2023-10-12,5,138,9,2,450
6476,2024-01-10,14,138,6.4,3,320
8397,2024-03-15,4,138,12,4,600
6475,2024-01-10,14,139,6.4,5,320
6849,2024-01-23,3,139,5,5,250
7303,2024-02-09,2,139,18,3,900
10011,2024-08-15,2,139,18,3,900
10241,2024-09-14,2,139,18,5,900
1159,2023-04-17,8,139,15,4,750
1338,2023-05-02,12,139,6,2,300
1498,2023-05-16,22,139,8,5,400
2312,2023-08-02,24,139,10,3,500
3925,2023-10-14,2,139,18,2,900
4000,2023-10-16,9,139,14,3,700
7538,2024-02-17,1,139,7,2,350
10195,2024-09-09,2,139,18,2,900
10266,2024-09-18,3,139,5,3,250
371,2023-02-05,20,139,16,4,800
2486,2023-08-19,24,139,10,4,500
1849,2023-06-18,8,139,15,5,750
1880,2023-06-22,20,139,16,5,800
5994,2023-12-24,14,139,6.4,2,320
6049,2023-12-26,14,139,6.4,2,320
5880,2023-12-20,14,139,6.4,5,320
6878,2024-01-24,4,139,12,4,600
7155,2024-02-04,2,139,18,2,900
8554,2024-03-21,1,139,7,4,350
8895,2024-04-04,2,139,18,4,900
10369,2024-09-30,1,139,7,3,350
7951,2024-03-01,4,140,12,4,600
604,2023-02-26,26,140,18,3,900
1201,2023-04-21,18,140,9,2,450
4934,2023-11-18,8,140,15,4,750
2273,2023-07-30,1,140,7,5,350
3135,2023-09-18,22,140,8,3,400
10175,2024-09-06,3,140,5,3,250
763,2023-03-11,4,140,12,5,600
2515,2023-08-23,24,140,10,3,500
9795,2024-07-20,4,140,12,2,600
6626,2024-01-15,3,141,5,3,250
6873,2024-01-24,2,141,18,2,900
7074,2024-01-31,4,141,12,2,600
8717,2024-03-26,4,141,12,5,600
9572,2024-06-21,4,141,12,5,600
9999,2024-08-14,1,141,7,2,350
2551,2023-08-26,24,141,10,5,500
5619,2023-12-11,5,141,9,5,450
9024,2024-04-19,2,141,18,5,900
4311,2023-10-28,5,141,9,5,450
4433,2023-11-02,3,141,5,3,250
9173,2024-05-05,2,141,18,5,900
6313,2024-01-04,14,141,6.4,4,320
6629,2024-01-15,4,141,12,3,600
7997,2024-03-02,2,141,18,2,900
6579,2024-01-13,3,142,5,3,250
8655,2024-03-24,3,142,5,3,250
555,2023-02-23,2,142,18,2,900
1086,2023-04-09,23,142,5,2,250
1972,2023-07-02,23,142,5,2,250
3284,2023-09-22,24,142,10,2,500
4524,2023-11-05,1,142,7,4,350
5762,2023-12-17,4,142,12,2,600
7084,2024-02-01,2,142,18,5,900
10156,2024-09-04,3,142,5,3,250
2439,2023-08-15,24,142,10,4,500
5819,2023-12-19,3,142,5,4,250
3771,2023-10-08,8,142,15,2,750
7451,2024-02-13,3,142,5,5,250
3613,2023-10-03,1,142,7,3,350
5980,2023-12-24,14,142,6.4,5,320
6029,2023-12-25,14,143,6.4,3,320
6309,2024-01-04,14,143,6.4,4,320
34,2023-01-04,5,143,9,5,450
2604,2023-08-31,24,143,10,2,500
3253,2023-09-21,24,143,10,2,500
3313,2023-09-23,23,143,5,3,250
4243,2023-10-26,3,143,5,5,250
5268,2023-11-30,7,143,30,5,1500
7213,2024-02-06,3,143,5,5,250
7407,2024-02-12,2,143,18,2,900
8869,2024-04-01,2,143,18,4,900
10302,2024-09-22,1,143,7,4,350
1330,2023-05-01,26,143,18,2,900
1889,2023-06-23,15,143,7,5,350
2779,2023-09-06,24,143,10,3,500
4119,2023-10-21,9,143,14,2,700
5291,2023-12-01,3,144,5,5,250
5734,2023-12-16,5,144,9,3,450
6145,2023-12-29,14,144,6.4,4,320
7616,2024-02-19,3,144,5,4,250
8160,2024-03-07,1,144,7,3,350
8689,2024-03-25,3,144,5,4,250
9606,2024-06-25,2,144,18,3,900
10106,2024-08-29,1,144,7,5,350
10244,2024-09-14,4,144,12,5,600
277,2023-01-28,26,144,18,4,900
490,2023-02-16,13,144,9,5,450
1776,2023-06-10,22,144,8,5,400
4256,2023-10-26,8,144,15,3,750
4308,2023-10-28,4,144,12,3,600
4424,2023-11-01,11,144,11,3,550
2808,2023-09-07,24,144,10,4,500
3275,2023-09-22,23,144,5,5,250
3953,2023-10-14,11,144,11,2,550
7380,2024-02-11,3,144,5,3,250
826,2023-03-16,16,144,10,5,500
7530,2024-02-16,3,144,5,5,250
4998,2023-11-20,6,145,24,2,1200
5426,2023-12-04,10,145,36,4,1800
6565,2024-01-13,2,145,18,2,900
6572,2024-01-13,3,145,5,2,250
7386,2024-02-11,4,145,12,3,600
9302,2024-05-17,2,145,18,5,900
9796,2024-07-21,1,145,7,4,350
2836,2023-09-08,22,145,8,4,400
3619,2023-10-03,6,145,24,2,1200
6044,2023-12-26,14,145,6.4,2,320
8847,2024-03-31,2,145,18,3,900
1473,2023-05-14,17,145,12,2,600
2212,2023-07-24,10,145,36,2,1800
3260,2023-09-22,21,145,13,5,650
5329,2023-12-01,10,145,36,2,1800
5522,2023-12-08,4,145,12,3,600
5629,2023-12-11,10,145,36,4,1800
9221,2024-05-09,3,145,5,2,250
3813,2023-10-10,3,145,5,4,250
9704,2024-07-08,2,145,18,4,900
2061,2023-07-11,7,145,30,3,1500
3512,2023-09-30,22,145,8,2,400
6912,2024-01-26,1,145,7,4,350
8780,2024-03-29,1,145,7,4,350
9065,2024-04-24,2,145,18,2,900
7772,2024-02-25,2,146,18,3,900
8563,2024-03-21,3,146,5,4,250
9346,2024-05-23,3,146,5,2,250
9792,2024-07-20,3,146,5,3,250
10316,2024-09-24,2,146,18,2,900
737,2023-03-09,6,146,24,2,1200
1869,2023-06-21,6,146,24,3,1200
2003,2023-07-05,23,146,5,4,250
4062,2023-10-19,4,146,12,2,600
4177,2023-10-23,6,146,24,5,1200
1132,2023-04-14,10,146,36,3,1800
1846,2023-06-18,4,146,12,4,600
1970,2023-07-02,18,146,9,5,450
8355,2024-03-14,2,146,18,2,900
6460,2024-01-09,14,146,6.4,3,320
7952,2024-03-01,4,146,12,5,600
9450,2024-06-04,3,146,5,5,250
10045,2024-08-20,4,146,12,2,600
9729,2024-07-11,3,146,5,3,250
8636,2024-03-23,4,147,12,3,600
8946,2024-04-11,2,147,18,2,900
1269,2023-04-27,12,147,6,3,300
1450,2023-05-12,10,147,36,3,1800
2169,2023-07-21,7,147,30,2,1500
3862,2023-10-11,11,147,11,5,550
4004,2023-10-16,10,147,36,3,1800
58,2023-01-07,1,147,7,3,350
1135,2023-04-14,13,147,9,2,450
3263,2023-09-22,22,147,8,5,400
7556,2024-02-17,3,147,5,2,250
8878,2024-04-02,2,147,18,3,900
691,2023-03-05,4,147,12,3,600
3200,2023-09-20,21,147,13,3,650
3320,2023-09-23,24,147,10,4,500
8620,2024-03-23,2,147,18,2,900
3423,2023-09-27,23,147,5,5,250
6755,2024-01-20,2,147,18,3,900
7828,2024-02-27,2,147,18,2,900
9073,2024-04-25,1,147,7,4,350
5427,2023-12-04,10,148,36,4,1800
8185,2024-03-08,2,148,18,2,900
8520,2024-03-19,3,148,5,3,250
8740,2024-03-27,3,148,5,4,250
9178,2024-05-05,4,148,12,5,600
981,2023-04-01,4,148,12,3,600
1691,2023-06-03,23,148,5,2,250
1838,2023-06-16,20,148,16,3,800
4174,2023-10-23,5,148,9,2,450
4252,2023-10-26,5,148,9,2,450
72,2023-01-09,11,148,11,2,550
1900,2023-06-25,5,148,9,3,450
8797,2024-03-29,3,148,5,3,250
8938,2024-04-10,2,148,18,3,900
9151,2024-05-03,1,148,7,2,350
3638,2023-10-04,2,148,18,3,900
5211,2023-11-28,8,148,15,4,750
5693,2023-12-14,8,148,15,4,750
2519,2023-08-23,24,148,10,2,500
4654,2023-11-09,4,148,12,3,600
6118,2023-12-28,14,148,6.4,2,320
6611,2024-01-15,1,148,7,4,350
8593,2024-03-22,2,148,18,3,900
9787,2024-07-20,1,148,7,4,350
5740,2023-12-16,6,149,24,2,1200
6489,2024-01-10,14,149,6.4,4,320
7439,2024-02-13,1,149,7,5,350
8751,2024-03-28,2,149,18,3,900
9022,2024-04-19,2,149,18,3,900
10354,2024-09-28,2,149,18,4,900
90,2023-01-11,4,149,12,5,600
2026,2023-07-07,25,149,12,2,600
5601,2023-12-10,10,149,36,2,1800
8357,2024-03-14,3,149,5,3,250
3582,2023-10-02,4,149,12,3,600
6135,2023-12-29,14,149,6.4,4,320
7102,2024-02-02,1,149,7,5,350
9694,2024-07-06,3,149,5,4,250
9745,2024-07-13,3,149,5,3,250
1255,2023-04-26,7,149,30,2,1500
4110,2023-10-21,4,149,12,4,600
9036,2024-04-20,3,149,5,4,250
5739,2023-12-16,6,150,24,5,1200
8348,2024-03-14,1,150,7,4,350
8499,2024-03-19,1,150,7,2,350
8748,2024-03-28,1,150,7,2,350
9672,2024-07-03,4,150,12,5,600
9861,2024-07-30,2,150,18,3,900
48,2023-01-06,7,150,30,3,1500
1645,2023-05-30,27,150,4,2,200
2111,2023-07-16,12,150,6,4,300
3247,2023-09-21,23,150,5,3,250
3254,2023-09-21,24,150,10,3,500
4554,2023-11-05,8,150,15,4,750
6872,2024-01-24,2,150,18,5,900
8051,2024-03-03,4,150,12,4,600
8760,2024-03-28,3,150,5,5,250
8485,2024-03-18,4,150,12,5,600
8610,2024-03-23,1,150,7,5,350
4358,2023-10-30,2,150,18,2,900
5220,2023-11-29,2,150,18,3,900
7750,2024-02-24,3,150,5,4,250
3436,2023-09-27,24,150,10,5,500
8562,2024-03-21,3,150,5,3,250
5028,2023-11-21,8,151,15,2,750
5269,2023-11-30,7,151,30,4,1500
6045,2023-12-26,14,151,6.4,2,320
1313,2023-05-01,2,151,18,2,900
1957,2023-07-01,19,151,6,4,300
4018,2023-10-17,8,151,15,3,750
1121,2023-04-13,13,151,9,2,450
4855,2023-11-15,8,151,15,4,750
7367,2024-02-11,2,151,18,5,900
8377,2024-03-15,1,151,7,3,350
5991,2023-12-24,14,151,6.4,2,320
5610,2023-12-11,2,152,18,3,900
5686,2023-12-14,5,152,9,5,450
5741,2023-12-16,7,152,30,2,1500
841,2023-03-17,27,152,4,2,200
2276,2023-07-30,3,152,5,4,250
3470,2023-09-29,21,152,13,5,650
3505,2023-09-30,21,152,13,2,650
4636,2023-11-08,9,152,14,2,700
7214,2024-02-06,3,152,5,3,250
9079,2024-04-25,3,152,5,3,250
319,2023-01-31,27,152,4,2,200
2045,2023-07-09,12,152,6,2,300
2639,2023-09-02,24,152,10,3,500
3125,2023-09-18,21,152,13,5,650
3797,2023-10-09,7,152,30,5,1500
6208,2024-01-01,14,152,6.4,5,320
8595,2024-03-22,2,152,18,3,900
9944,2024-08-08,4,152,12,2,600
2266,2023-07-29,10,152,36,5,1800
6606,2024-01-14,4,152,12,3,600
7773,2024-02-25,2,152,18,4,900
9902,2024-08-04,3,152,5,3,250
5859,2023-12-20,14,153,6.4,2,320
6004,2023-12-24,14,153,6.4,3,320
6190,2023-12-31,14,153,6.4,3,320
7339,2024-02-10,2,153,18,5,900
7889,2024-02-29,2,153,18,5,900
8032,2024-03-03,1,153,7,3,350
9364,2024-05-25,2,153,18,2,900
450,2023-02-13,25,153,12,2,600
606,2023-02-27,5,153,9,2,450
1670,2023-06-02,11,153,11,3,550
3334,2023-09-24,22,153,8,3,400
303,2023-01-30,24,153,10,5,500
533,2023-02-21,17,153,12,2,600
4506,2023-11-04,6,153,24,3,1200
6808,2024-01-22,1,153,7,4,350
8450,2024-03-17,2,153,18,5,900
10095,2024-08-27,1,153,7,2,350
3872,2023-10-12,4,153,12,5,600
6998,2024-01-29,1,154,7,2,350
9135,2024-05-01,3,154,5,5,250
9264,2024-05-14,1,154,7,2,350
292,2023-01-30,6,154,24,2,1200
2272,2023-07-29,25,154,12,5,600
2277,2023-07-30,4,154,12,5,600
2361,2023-08-08,24,154,10,4,500
3534,2023-10-01,21,154,13,5,650
4570,2023-11-06,3,154,5,2,250
5658,2023-12-13,2,154,18,3,900
8616,2024-03-23,2,154,18,4,900
1185,2023-04-20,5,154,9,2,450
214,2023-01-23,27,154,4,3,200
582,2023-02-25,3,154,5,2,250
4117,2023-10-21,8,154,15,2,750
4344,2023-10-29,7,154,30,4,1500
4495,2023-11-04,1,154,7,5,350
3036,2023-09-15,21,154,13,4,650
3833,2023-10-10,8,154,15,4,750
4623,2023-11-08,3,154,5,5,250
9198,2024-05-07,4,155,12,5,600
9506,2024-06-12,3,155,5,4,250
1280,2023-04-28,8,155,15,3,750
1577,2023-05-23,24,155,10,3,500
5391,2023-12-03,4,155,12,5,600
736,2023-03-09,5,155,9,3,450
2160,2023-07-20,14,155,6.4,2,320
7064,2024-01-31,3,155,5,2,250
2864,2023-09-09,22,155,8,2,400
5895,2023-12-21,14,155,6.4,5,320
6443,2024-01-08,14,155,6.4,5,320
6813,2024-01-22,2,155,18,5,900
8223,2024-03-09,2,155,18,3,900
9939,2024-08-07,4,155,12,2,600
343,2023-02-02,18,155,9,4,450
3642,2023-10-04,4,155,12,4,600
6987,2024-01-28,4,155,12,4,600
5275,2023-11-30,11,156,11,2,550
9233,2024-05-10,4,156,12,5,600
10262,2024-09-18,2,156,18,4,900
2297,2023-08-01,2,156,18,2,900
4542,2023-11-05,5,156,9,4,450
4556,2023-11-05,9,156,14,4,700
7844,2024-02-27,3,156,5,2,250
1607,2023-05-26,26,156,18,5,900
5745,2023-12-16,8,157,15,2,750
7297,2024-02-09,1,157,7,4,350
8205,2024-03-08,4,157,12,4,600
8686,2024-03-25,3,157,5,5,250
9571,2024-06-21,4,157,12,4,600
9610,2024-06-26,1,157,7,2,350
1165,2023-04-17,25,157,12,5,600
2162,2023-07-20,19,157,6,4,300
2600,2023-08-31,24,157,10,4,500
3019,2023-09-14,23,157,5,4,250
4094,2023-10-20,8,157,15,4,750
3467,2023-09-28,24,157,10,4,500
1028,2023-04-05,8,157,15,3,750
1179,2023-04-19,17,157,12,3,600
5565,2023-12-09,9,157,14,5,700
6093,2023-12-28,14,157,6.4,3,320
8916,2024-04-06,3,157,5,4,250
6277,2024-01-03,14,157,6.4,4,320
7087,2024-02-01,3,157,5,4,250
6901,2024-01-25,3,158,5,3,250
8091,2024-03-05,1,158,7,2,350
765,2023-03-11,8,158,15,5,750
804,2023-03-14,17,158,12,3,600
2954,2023-09-11,24,158,10,4,500
4315,2023-10-28,6,158,24,2,1200
6294,2024-01-03,14,158,6.4,5,320
9368,2024-05-25,3,158,5,2,250
3393,2023-09-26,22,158,8,4,400
3441,2023-09-28,21,158,13,5,650
8590,2024-03-22,2,158,18,2,900
10336,2024-09-26,1,158,7,4,350
1359,2023-05-04,12,158,6,4,300
3327,2023-09-24,21,158,13,5,650
4674,2023-11-09,11,158,11,5,550
5116,2023-11-25,3,158,5,5,250
9546,2024-06-17,4,158,12,2,600
5115,2023-11-25,3,159,5,2,250
5514,2023-12-08,2,159,18,5,900
6262,2024-01-03,14,159,6.4,2,320
6567,2024-01-13,2,159,18,2,900
7271,2024-02-08,2,159,18,2,900
9585,2024-06-23,1,159,7,2,350
527,2023-02-21,1,159,7,4,350
984,2023-04-01,11,159,11,3,550
1231,2023-04-23,26,159,18,4,900
4300,2023-10-28,1,159,7,5,350
3358,2023-09-25,22,159,8,5,400
8845,2024-03-31,2,159,18,2,900
4035,2023-10-18,4,159,12,4,600
5802,2023-12-18,7,159,30,4,1500
6588,2024-01-13,4,159,12,2,600
8314,2024-03-12,4,159,12,5,600
9152,2024-05-03,2,159,18,4,900
4737,2023-11-12,2,159,18,2,900
5528,2023-12-08,7,159,30,5,1500
8323,2024-03-13,2,159,18,5,900
10064,2024-08-22,3,159,5,5,250
6659,2024-01-16,4,160,12,4,600
7450,2024-02-13,3,160,5,3,250
7969,2024-03-02,1,160,7,4,350
8627,2024-03-23,3,160,5,3,250
9543,2024-06-17,3,160,5,4,250
9852,2024-07-28,4,160,12,5,600
368,2023-02-05,18,160,9,5,450
887,2023-03-23,4,160,12,3,600
1294,2023-04-29,2,160,18,2,900
2584,2023-08-29,24,160,10,3,500
2986,2023-09-13,22,160,8,2,400
4365,2023-10-30,9,160,14,3,700
6060,2023-12-26,14,160,6.4,5,320
8458,2024-03-17,3,160,5,5,250
1190,2023-04-20,19,160,6,4,300
8432,2024-03-16,4,160,12,3,600
496,2023-02-17,7,160,30,2,1500
3972,2023-10-15,7,160,30,5,1500
6101,2023-12-28,14,160,6.4,3,320
6541,2024-01-12,3,160,5,2,250
9042,2024-04-21,4,160,12,5,600
5442,2023-12-05,4,161,12,3,600
5502,2023-12-07,10,161,36,5,1800
5800,2023-12-18,7,161,30,5,1500
6143,2023-12-29,14,161,6.4,5,320
7648,2024-02-20,4,161,12,3,600
7798,2024-02-26,1,161,7,3,350
8467,2024-03-18,1,161,7,3,350
9320,2024-05-20,1,161,7,3,350
9955,2024-08-09,3,161,5,3,250
10202,2024-09-10,3,161,5,3,250
1001,2023-04-02,17,161,12,4,600
4429,2023-11-02,2,161,18,4,900
3000,2023-09-13,24,161,10,4,500
7638,2024-02-20,2,161,18,2,900
1909,2023-06-26,28,161,6,4,300
4402,2023-11-01,6,161,24,4,1200
6521,2024-01-12,1,161,7,4,350
7053,2024-01-31,1,161,7,2,350
10188,2024-09-08,2,161,18,5,900
2980,2023-09-13,21,161,13,3,650
3016,2023-09-14,22,161,8,4,400
5299,2023-12-01,5,161,9,2,450
5799,2023-12-18,7,161,30,2,1500
6971,2024-01-28,1,162,7,5,350
7734,2024-02-24,1,162,7,5,350
2119,2023-07-16,25,162,12,3,600
8723,2024-03-27,1,162,7,2,350
5134,2023-11-25,11,162,11,3,550
6245,2024-01-02,14,162,6.4,4,320
7070,2024-01-31,3,162,5,3,250
7299,2024-02-09,2,162,18,4,900
8894,2024-04-04,2,162,18,5,900
1238,2023-04-24,17,162,12,4,600
6035,2023-12-26,14,162,6.4,4,320
7791,2024-02-25,4,162,12,5,600
8290,2024-03-12,1,162,7,3,350
212,2023-01-23,21,162,13,5,650
5828,2023-12-19,8,162,15,3,750
5902,2023-12-21,14,162,6.4,4,320
6005,2023-12-24,14,162,6.4,2,320
7308,2024-02-09,3,162,5,5,250
5970,2023-12-23,14,163,6.4,3,320
6202,2023-12-31,14,163,6.4,3,320
7090,2024-02-01,3,163,5,2,250
9446,2024-06-04,2,163,18,4,900
1502,2023-05-17,8,163,15,5,750
1924,2023-06-28,24,163,10,5,500
3232,2023-09-21,21,163,13,4,650
4388,2023-10-31,11,163,11,2,550
10293,2024-09-21,1,163,7,4,350
2004,2023-07-05,24,163,10,3,500
2722,2023-09-04,24,163,10,4,500
4259,2023-10-26,9,163,14,4,700
1224,2023-04-23,14,163,6.4,4,320
4764,2023-11-12,11,163,11,3,550
4872,2023-11-16,4,163,12,4,600
9177,2024-05-05,4,163,12,5,600
9532,2024-06-16,1,163,7,3,350
293,2023-01-30,8,163,15,5,750
2887,2023-09-09,24,163,10,5,500
3071,2023-09-16,22,163,8,2,400
4614,2023-11-08,1,163,7,4,350
4931,2023-11-18,8,163,15,5,750
5359,2023-12-02,6,163,24,5,1200
5695,2023-12-14,8,163,15,4,750
7248,2024-02-07,3,163,5,5,250
8291,2024-03-12,1,163,7,5,350
8993,2024-04-16,3,163,5,3,250
10259,2024-09-17,4,163,12,4,600
5097,2023-11-24,4,164,12,4,600
6376,2024-01-06,14,164,6.4,2,320
8544,2024-03-20,4,164,12,4,600
9397,2024-05-28,1,164,7,5,350
9778,2024-07-18,4,164,12,5,600
1380,2023-05-06,4,164,12,2,600
1588,2023-05-24,22,164,8,2,400
2138,2023-07-18,12,164,6,2,300
2151,2023-07-19,23,164,5,3,250
3264,2023-09-22,22,164,8,5,400
3803,2023-10-09,8,164,15,3,750
997,2023-04-02,14,164,6.4,4,320
3127,2023-09-18,22,164,8,3,400
6140,2023-12-29,14,164,6.4,3,320
6334,2024-01-05,14,164,6.4,2,320
8784,2024-03-29,1,164,7,2,350
9094,2024-04-27,4,164,12,3,600
420,2023-02-10,9,164,14,3,700
7816,2024-02-26,4,164,12,5,600
8482,2024-03-18,3,164,5,5,250
10344,2024-09-27,1,164,7,5,350
3804,2023-10-09,8,164,15,2,750
4972,2023-11-19,7,164,30,3,1500
9031,2024-04-20,2,164,18,3,900
5363,2023-12-02,8,165,15,4,750
5638,2023-12-12,5,165,9,5,450
6735,2024-01-19,3,165,5,3,250
7329,2024-02-10,1,165,7,3,350
7430,2024-02-12,4,165,12,5,600
8875,2024-04-02,1,165,7,3,350
9820,2024-07-24,2,165,18,3,900
685,2023-03-04,20,165,16,3,800
946,2023-03-29,28,165,6,5,300
1714,2023-06-05,10,165,36,3,1800
3805,2023-10-09,8,165,15,2,750
6617,2024-01-15,2,165,18,3,900
3922,2023-10-13,11,165,11,2,550
5018,2023-11-21,5,165,9,3,450
2993,2023-09-13,23,165,5,2,250
4801,2023-11-14,2,165,18,4,900
6300,2024-01-04,14,165,6.4,2,320
8934,2024-04-09,3,165,5,5,250
6900,2024-01-25,3,165,5,3,250
6870,2024-01-24,2,166,18,2,900
7500,2024-02-15,3,166,5,5,250
7620,2024-02-19,4,166,12,3,600
8054,2024-03-04,1,166,7,5,350
8175,2024-03-07,4,166,12,2,600
10091,2024-08-26,3,166,5,4,250
5234,2023-11-29,6,166,24,5,1200
6416,2024-01-08,14,166,6.4,2,320
7257,2024-02-08,1,166,7,5,350
7424,2024-02-12,3,166,5,3,250
2794,2023-09-07,23,166,5,5,250
4986,2023-11-20,2,166,18,3,900
5557,2023-12-09,5,166,9,5,450
7886,2024-02-29,2,166,18,5,900
1195,2023-04-21,12,166,6,2,300
1812,2023-06-14,18,166,9,2,450
3939,2023-10-14,6,166,24,2,1200
5362,2023-12-02,8,166,15,3,750
8088,2024-03-05,1,166,7,2,350
5674,2023-12-13,11,167,11,4,550
9021,2024-04-19,2,167,18,3,900
9481,2024-06-08,4,167,12,4,600
928,2023-03-27,25,167,12,5,600
1305,2023-04-30,21,167,13,2,650
1750,2023-06-08,1,167,7,3,350
2068,2023-07-11,26,167,18,3,900
7052,2024-01-31,1,167,7,2,350
1576,2023-05-23,20,167,16,3,800
6077,2023-12-27,14,167,6.4,3,320
9636,2024-06-29,4,167,12,3,600
894,2023-03-23,23,167,5,2,250
1336,2023-05-02,11,167,11,5,550
10385,2024-10-01,2,167,18,4,900
194,2023-01-21,24,167,10,2,500
3242,2023-09-21,22,167,8,4,400
5495,2023-12-07,8,167,15,3,750
8944,2024-04-11,1,167,7,2,350
9092,2024-04-27,1,167,7,5,350
5725,2023-12-16,1,168,7,3,350
8789,2024-03-29,2,168,18,5,900
9019,2024-04-19,1,168,7,3,350
9382,2024-05-26,4,168,12,3,600
3742,2023-10-07,5,168,9,3,450
8572,2024-03-21,4,168,12,3,600
8252,2024-03-10,3,168,5,4,250
3,2023-01-01,8,168,15,3,750
1631,2023-05-29,14,168,6.4,4,320
2690,2023-09-03,24,168,10,2,500
3905,2023-10-13,4,168,12,4,600
1771,2023-06-10,12,168,6,3,300
2926,2023-09-10,24,168,10,2,500
3623,2023-10-03,7,168,30,5,1500
5612,2023-12-11,2,168,18,2,900
6954,2024-01-27,3,168,5,4,250
8449,2024-03-17,2,168,18,4,900
5392,2023-12-03,5,169,9,2,450
5860,2023-12-20,14,169,6.4,5,320
6926,2024-01-26,3,169,5,3,250
7095,2024-02-01,4,169,12,4,600
7721,2024-02-23,3,169,5,5,250
7881,2024-02-28,4,169,12,3,600
8319,2024-03-13,1,169,7,3,350
8986,2024-04-16,1,169,7,3,350
9600,2024-06-24,4,169,12,5,600
9695,2024-07-06,4,169,12,4,600
10223,2024-09-13,1,169,7,5,350
178,2023-01-20,1,169,7,3,350
342,2023-02-02,11,169,11,3,550
3735,2023-10-07,3,169,5,2,250
5729,2023-12-16,3,169,5,2,250
6732,2024-01-19,2,169,18,2,900
6931,2024-01-26,3,169,5,2,250
8508,2024-03-19,1,169,7,5,350
10009,2024-08-15,2,169,18,2,900
6909,2024-01-26,1,169,7,5,350
8741,2024-03-27,3,169,5,4,250
9737,2024-07-13,1,169,7,3,350
10240,2024-09-14,2,169,18,4,900
6657,2024-01-16,4,169,12,5,600
1915,2023-06-27,14,169,6.4,4,320
5775,2023-12-17,10,170,36,4,1800
6465,2024-01-09,14,170,6.4,5,320
638,2023-03-01,23,170,5,2,250
8889,2024-04-03,4,170,12,5,600
9123,2024-05-01,2,170,18,3,900
9648,2024-07-01,1,170,7,2,350
2314,2023-08-02,24,170,10,3,500
950,2023-03-30,7,170,30,2,1500
2611,2023-09-01,24,170,10,3,500
1500,2023-05-17,1,170,7,2,350
4510,2023-11-04,8,170,15,4,750
5276,2023-12-01,1,170,7,5,350
9622,2024-06-27,4,170,12,3,600
5201,2023-11-28,2,171,18,3,900
5483,2023-12-07,4,171,12,3,600
5774,2023-12-17,10,171,36,4,1800
5823,2023-12-19,5,171,9,3,450
6818,2024-01-22,2,171,18,2,900
7188,2024-02-05,3,171,5,5,250
9465,2024-06-06,2,171,18,4,900
93,2023-01-11,16,171,10,2,500
694,2023-03-05,8,171,15,2,750
847,2023-03-18,10,171,36,4,1800
1074,2023-04-09,3,171,5,3,250
1639,2023-05-30,20,171,16,4,800
1998,2023-07-04,27,171,4,5,200
3030,2023-09-14,24,171,10,3,500
3314,2023-09-23,23,171,5,4,250
7281,2024-02-08,3,171,5,3,250
8019,2024-03-02,4,171,12,5,600
6110,2023-12-28,14,171,6.4,2,320
10036,2024-08-20,2,171,18,5,900
2628,2023-09-01,24,171,10,3,500
6599,2024-01-14,3,171,5,5,250
10218,2024-09-12,4,171,12,3,600
2692,2023-09-03,24,171,10,4,500
6652,2024-01-16,3,171,5,3,250
7201,2024-02-06,1,171,7,3,350
7683,2024-02-22,1,171,7,4,350
7765,2024-02-25,1,172,7,5,350
7766,2024-02-25,2,172,18,4,900
8358,2024-03-14,3,172,5,4,250
8475,2024-03-18,2,172,18,2,900
1202,2023-04-21,23,172,5,4,250
1361,2023-05-04,13,172,9,2,450
2493,2023-08-21,24,172,10,4,500
2902,2023-09-10,22,172,8,5,400
8989,2024-04-16,2,172,18,5,900
9897,2024-08-04,2,172,18,5,900
3487,2023-09-29,22,172,8,5,400
2683,2023-09-03,24,172,10,4,500
5723,2023-12-16,1,172,7,3,350
5037,2023-11-22,1,173,7,4,350
5129,2023-11-25,10,173,36,3,1800
5489,2023-12-07,5,173,9,5,450
6538,2024-01-12,3,173,5,2,250
10314,2024-09-23,4,173,12,5,600
480,2023-02-15,28,173,6,4,300
725,2023-03-08,1,173,7,5,350
1510,2023-05-17,21,173,13,5,650
4866,2023-11-16,2,173,18,3,900
7347,2024-02-10,3,173,5,3,250
9724,2024-07-10,3,173,5,4,250
10326,2024-09-25,2,173,18,3,900
3417,2023-09-27,22,173,8,3,400
3547,2023-10-01,22,173,8,3,400
4041,2023-10-18,6,173,24,5,1200
4648,2023-11-09,1,173,7,5,350
7499,2024-02-15,3,173,5,2,250
7655,2024-02-21,2,173,18,5,900
8962,2024-04-13,1,173,7,5,350
5722,2023-12-15,11,173,11,5,550
5598,2023-12-10,8,174,15,5,750
5886,2023-12-21,14,174,6.4,4,320
5959,2023-12-23,14,174,6.4,2,320
6195,2023-12-31,14,174,6.4,2,320
6534,2024-01-12,3,174,5,3,250
6862,2024-01-24,1,174,7,4,350
7072,2024-01-31,3,174,5,4,250
7399,2024-02-12,1,174,7,4,350
8696,2024-03-25,4,174,12,2,600
10376,2024-09-30,4,174,12,4,600
607,2023-02-27,10,174,36,2,1800
3748,2023-10-07,5,174,9,4,450
4009,2023-10-17,1,174,7,4,350
6050,2023-12-26,14,174,6.4,4,320
6188,2023-12-31,14,174,6.4,4,320
1077,2023-04-09,7,174,30,4,1500
1492,2023-05-16,10,174,36,3,1800
4878,2023-11-16,5,174,9,5,450
5335,2023-12-01,11,174,11,3,550
7923,2024-03-01,1,174,7,4,350
9706,2024-07-08,3,174,5,2,250
3382,2023-09-25,24,174,10,5,500
8809,2024-03-29,4,174,12,5,600
5184,2023-11-27,8,175,15,3,750
5874,2023-12-20,14,175,6.4,3,320
7067,2024-01-31,3,175,5,4,250
8267,2024-03-11,1,175,7,4,350
290,2023-01-30,3,175,5,4,250
1109,2023-04-11,28,175,6,4,300
1528,2023-05-19,10,175,36,5,1800
2784,2023-09-06,24,175,10,2,500
2865,2023-09-09,22,175,8,3,400
2944,2023-09-11,22,175,8,3,400
4101,2023-10-20,11,175,11,3,550
8255,2024-03-10,3,175,5,5,250
145,2023-01-16,26,175,18,5,900
7165,2024-02-04,4,175,12,4,600
7786,2024-02-25,4,175,12,4,600
2022,2023-07-07,17,175,12,2,600
170,2023-01-19,5,175,9,5,450
795,2023-03-13,22,175,8,2,400
5788,2023-12-18,3,175,5,3,250
8251,2024-03-10,3,175,5,5,250
5121,2023-11-25,6,176,24,3,1200
5731,2023-12-16,4,176,12,2,600
7532,2024-02-16,4,176,12,2,600
9738,2024-07-13,1,176,7,3,350
9892,2024-08-03,4,176,12,5,600
630,2023-03-01,9,176,14,2,700
4182,2023-10-23,8,176,15,4,750
9316,2024-05-19,4,176,12,2,600
4958,2023-11-19,3,176,5,4,250
8834,2024-03-30,4,176,12,4,600
10220,2024-09-13,1,176,7,3,350
125,2023-01-15,8,176,15,2,750
7909,2024-02-29,4,176,12,3,600
8952,2024-04-12,1,176,7,4,350
10210,2024-09-11,4,177,12,3,600
32,2023-01-04,2,177,18,2,900
186,2023-01-20,24,177,10,5,500
1442,2023-05-11,11,177,11,2,550
5979,2023-12-24,14,177,6.4,4,320
7802,2024-02-26,2,177,18,4,900
5074,2023-11-23,7,177,30,3,1500
817,2023-03-15,25,177,12,3,600
2700,2023-09-04,24,177,10,4,500
6635,2024-01-15,4,177,12,5,600
2749,2023-09-05,24,177,10,4,500
3414,2023-09-27,22,177,8,3,400
4823,2023-11-14,8,177,15,3,750
5865,2023-12-20,14,177,6.4,4,320
10113,2024-08-29,3,177,5,5,250
5556,2023-12-09,4,178,12,4,600
7615,2024-02-19,2,178,18,3,900
7946,2024-03-01,3,178,5,2,250
8852,2024-03-31,3,178,5,5,250
9274,2024-05-14,4,178,12,5,600
261,2023-01-27,2,178,18,5,900
2959,2023-09-12,21,178,13,2,650
8806,2024-03-29,4,178,12,4,600
9677,2024-07-04,1,178,7,5,350
651,2023-03-02,18,178,9,5,450
802,2023-03-14,13,178,9,5,450
4064,2023-10-19,4,178,12,2,600
4194,2023-10-24,3,178,5,4,250
6750,2024-01-20,1,178,7,5,350
7413,2024-02-12,2,178,18,2,900
7495,2024-02-15,2,178,18,2,900
8603,2024-03-22,4,178,12,5,600
1850,2023-06-18,16,178,10,2,500
10023,2024-08-17,3,178,5,2,250
2180,2023-07-21,21,178,13,3,650
2528,2023-08-24,24,178,10,4,500
8816,2024-03-30,1,178,7,3,350
8848,2024-03-31,2,178,18,3,900
9138,2024-05-01,4,178,12,5,600
5520,2023-12-08,4,179,12,5,600
6059,2023-12-26,14,179,6.4,4,320
6126,2023-12-29,14,179,6.4,4,320
6871,2024-01-24,2,179,18,5,900
7288,2024-02-08,4,179,12,4,600
7433,2024-02-12,4,179,12,5,600
9530,2024-06-15,4,179,12,4,600
535,2023-02-21,21,179,13,2,650
4083,2023-10-20,1,179,7,2,350
8791,2024-03-29,2,179,18,4,900
1123,2023-04-13,21,179,13,5,650
3708,2023-10-06,6,179,24,4,1200
6158,2023-12-30,14,179,6.4,3,320
7278,2024-02-08,3,179,5,4,250
7445,2024-02-13,2,179,18,4,900
2052,2023-07-10,13,179,9,5,450
3729,2023-10-07,2,179,18,5,900
4383,2023-10-31,7,179,30,2,1500
9534,2024-06-16,1,179,7,4,350
5936,2023-12-22,14,180,6.4,5,320
5971,2023-12-23,14,180,6.4,5,320
6694,2024-01-18,1,180,7,3,350
7292,2024-02-08,4,180,12,4,600
8212,2024-03-09,1,180,7,5,350
9442,2024-06-03,2,180,18,2,900
10098,2024-08-27,1,180,7,4,350
364,2023-02-04,20,180,16,2,800
1449,2023-05-12,10,180,36,3,1800
1793,2023-06-11,25,180,12,5,600
1973,2023-07-02,23,180,5,2,250
4097,2023-10-20,10,180,36,4,1800
6090,2023-12-28,14,180,6.4,5,320
6282,2024-01-03,14,180,6.4,5,320
8538,2024-03-20,2,180,18,5,900
798,2023-03-14,2,180,18,2,900
3085,2023-09-16,24,180,10,2,500
4714,2023-11-11,3,180,5,3,250
6869,2024-01-24,2,180,18,3,900
7221,2024-02-06,4,180,12,3,600
1632,2023-05-29,18,180,9,4,450
2676,2023-09-03,24,180,10,4,500
8147,2024-03-06,4,180,12,5,600
9155,2024-05-03,2,180,18,3,900
4797,2023-11-13,11,180,11,2,550
5609,2023-12-11,2,180,18,5,900
7103,2024-02-02,1,180,7,5,350
9058,2024-04-23,1,180,7,2,350
5013,2023-11-21,3,181,5,5,250
7875,2024-02-28,4,181,12,2,600
9608,2024-06-25,3,181,5,4,250
830,2023-03-17,1,181,7,5,350
1171,2023-04-18,23,181,5,3,250
2881,2023-09-09,24,181,10,3,500
9595,2024-06-23,3,181,5,5,250
9965,2024-08-10,4,181,12,4,600
10123,2024-08-31,3,181,5,4,250
9363,2024-05-25,1,181,7,3,350
200,2023-01-22,20,181,16,2,800
2650,2023-09-02,24,181,10,4,500
4907,2023-11-17,10,181,36,3,1800
5162,2023-11-26,11,181,11,4,550
8074,2024-03-04,4,181,12,4,600
3909,2023-10-13,6,181,24,2,1200
8469,2024-03-18,1,182,7,4,350
8658,2024-03-24,3,182,5,3,250
130,2023-01-15,26,182,18,5,900
1169,2023-04-18,17,182,12,3,600
1371,2023-05-05,15,182,7,4,350
1504,2023-05-17,9,182,14,4,700
2009,2023-07-06,3,182,5,4,250
3318,2023-09-23,24,182,10,5,500
3380,2023-09-25,24,182,10,4,500
3427,2023-09-27,23,182,5,2,250
4401,2023-11-01,6,182,24,5,1200
5249,2023-11-29,10,182,36,5,1800
8702,2024-03-26,2,182,18,5,900
10231,2024-09-13,4,182,12,5,600
553,2023-02-22,27,182,4,2,200
744,2023-03-09,16,182,10,5,500
5180,2023-11-27,7,182,30,3,1500
9564,2024-06-20,3,182,5,5,250
7763,2024-02-25,1,182,7,3,350
5122,2023-11-25,6,182,24,2,1200
7293,2024-02-09,1,183,7,4,350
8111,2024-03-05,3,183,5,3,250
8473,2024-03-18,2,183,18,4,900
9078,2024-04-25,3,183,5,4,250
493,2023-02-16,23,183,5,2,250
1137,2023-04-14,14,183,6.4,3,320
1581,2023-05-24,7,183,30,2,1500
3733,2023-10-07,2,183,18,3,900
4519,2023-11-04,10,183,36,2,1800
6354,2024-01-05,14,183,6.4,4,320
6697,2024-01-18,1,183,7,4,350
7534,2024-02-16,4,183,12,2,600
2271,2023-07-29,24,183,10,3,500
3323,2023-09-23,24,183,10,5,500
5499,2023-12-07,10,183,36,5,1800
8735,2024-03-27,3,183,5,4,250
3387,2023-09-26,21,183,13,4,650
10119,2024-08-30,4,183,12,2,600
10345,2024-09-27,2,183,18,2,900
5144,2023-11-26,4,184,12,2,600
7837,2024-02-27,3,184,5,2,250
8336,2024-03-13,4,184,12,5,600
9767,2024-07-17,3,184,5,5,250
742,2023-03-09,11,184,11,5,550
942,2023-03-29,19,184,6,3,300
2016,2023-07-06,28,184,6,2,300
2133,2023-07-18,2,184,18,4,900
3394,2023-09-26,22,184,8,3,400
6383,2024-01-06,14,184,6.4,3,320
451,2023-02-13,27,184,4,2,200
978,2023-03-31,23,184,5,3,250
2812,2023-09-07,24,184,10,5,500
4454,2023-11-02,9,184,14,3,700
6495,2024-01-10,14,184,6.4,5,320
9710,2024-07-08,4,184,12,3,600
295,2023-01-30,11,184,11,3,550
2537,2023-08-25,24,184,10,2,500
2878,2023-09-09,23,184,5,5,250
1111,2023-04-12,2,184,18,3,900
1264,2023-04-27,2,184,18,5,900
4337,2023-10-29,2,184,18,5,900
6819,2024-01-22,2,184,18,3,900
9454,2024-06-05,1,184,7,2,350
16,2023-01-02,26,185,18,5,900
608,2023-02-27,11,185,11,2,550
696,2023-03-05,9,185,14,4,700
1524,2023-05-18,25,185,12,2,600
2798,2023-09-07,23,185,5,3,250
1426,2023-05-10,2,185,18,5,900
2597,2023-08-31,24,185,10,5,500
5012,2023-11-21,2,185,18,3,900
7831,2024-02-27,2,185,18,5,900
229,2023-01-24,17,185,12,4,600
780,2023-03-12,13,185,9,3,450
1282,2023-04-28,10,185,36,5,1800
2645,2023-09-02,24,185,10,2,500
3140,2023-09-18,23,185,5,3,250
4620,2023-11-08,2,185,18,2,900
5356,2023-12-02,5,186,9,2,450
5617,2023-12-11,5,186,9,4,450
6625,2024-01-15,3,186,5,3,250
7388,2024-02-11,4,186,12,3,600
7825,2024-02-27,1,186,7,4,350
9074,2024-04-25,1,186,7,2,350
245,2023-01-26,5,186,9,3,450
3011,2023-09-14,22,186,8,4,400
3879,2023-10-12,6,186,24,2,1200
182,2023-01-20,9,186,14,5,700
6285,2024-01-03,14,186,6.4,2,320
761,2023-03-10,26,186,18,4,900
1410,2023-05-09,2,186,18,5,900
3913,2023-10-13,7,186,30,2,1500
8448,2024-03-17,2,186,18,4,900
5591,2023-12-10,6,187,24,5,1200
5836,2023-12-19,14,187,6.4,4,320
5908,2023-12-21,14,187,6.4,2,320
7484,2024-02-14,4,187,12,4,600
7607,2024-02-19,1,187,7,3,350
9800,2024-07-21,3,187,5,3,250
9887,2024-08-03,2,187,18,4,900
1323,2023-05-01,20,187,16,3,800
1745,2023-06-07,12,187,6,3,300
3892,2023-10-12,9,187,14,2,700
7878,2024-02-28,4,187,12,5,600
7974,2024-03-02,1,187,7,3,350
1564,2023-05-22,27,187,4,4,200
1942,2023-06-30,26,187,18,3,900
2487,2023-08-20,24,187,10,3,500
8631,2024-03-23,4,187,12,5,600
4685,2023-11-10,5,187,9,3,450
6751,2024-01-20,1,187,7,5,350
6760,2024-01-20,3,187,5,5,250
472,2023-02-15,17,187,12,3,600
9220,2024-05-09,3,187,5,2,250
5482,2023-12-07,4,188,12,4,600
5889,2023-12-21,14,188,6.4,4,320
5999,2023-12-24,14,188,6.4,4,320
9102,2024-04-28,4,188,12,4,600
42,2023-01-05,11,188,11,5,550
807,2023-03-15,1,188,7,5,350
827,2023-03-16,27,188,4,2,200
1281,2023-04-28,9,188,14,5,700
3319,2023-09-23,24,188,10,4,500
5288,2023-12-01,3,188,5,4,250
5425,2023-12-04,9,188,14,5,700
6051,2023-12-26,14,188,6.4,4,320
5758,2023-12-17,2,188,18,2,900
9769,2024-07-17,4,188,12,5,600
4938,2023-11-18,9,188,14,2,700
9443,2024-06-03,4,188,12,3,600
1811,2023-06-14,18,188,9,4,450
4196,2023-10-24,4,188,12,2,600
6471,2024-01-10,14,188,6.4,4,320
5354,2023-12-02,5,189,9,4,450
6426,2024-01-08,14,189,6.4,2,320
8451,2024-03-17,3,189,5,5,250
10380,2024-09-30,4,189,12,5,600
713,2023-03-07,5,189,9,4,450
2450,2023-08-16,24,189,10,2,500
3292,2023-09-23,21,189,13,3,650
8516,2024-03-19,2,189,18,2,900
8757,2024-03-28,2,189,18,5,900
9978,2024-08-11,4,189,12,2,600
9639,2024-06-29,4,189,12,2,600
2382,2023-08-10,24,189,10,2,500
4549,2023-11-05,7,189,30,4,1500
8197,2024-03-08,3,189,5,2,250
5173,2023-11-27,5,190,9,2,450
6305,2024-01-04,14,190,6.4,2,320
6584,2024-01-13,4,190,12,2,600
7222,2024-02-06,4,190,12,5,600
7487,2024-02-14,4,190,12,2,600
7814,2024-02-26,4,190,12,5,600
8543,2024-03-20,4,190,12,3,600
8622,2024-03-23,2,190,18,2,900
716,2023-03-07,11,190,11,3,550
7141,2024-02-03,4,190,12,2,600
8551,2024-03-21,1,190,7,4,350
1659,2023-06-01,12,190,6,3,300
3471,2023-09-29,21,190,13,3,650
9895,2024-08-03,4,190,12,5,600
5313,2023-12-01,7,190,30,2,1500
9007,2024-04-18,1,190,7,4,350
10357,2024-09-28,4,190,12,4,600
5853,2023-12-20,14,191,6.4,4,320
6204,2023-12-31,14,191,6.4,3,320
6479,2024-01-10,14,191,6.4,4,320
8454,2024-03-17,3,191,5,2,250
715,2023-03-07,7,191,30,4,1500
3391,2023-09-26,22,191,8,4,400
6527,2024-01-12,2,191,18,4,900
81,2023-01-10,13,191,9,4,450
3716,2023-10-06,10,191,36,5,1800
8196,2024-03-08,2,191,18,4,900
9090,2024-04-26,4,191,12,5,600
3896,2023-10-13,1,191,7,3,350
7564,2024-02-17,4,191,12,2,600
8276,2024-03-11,3,191,5,2,250
2401,2023-08-11,24,191,10,2,500
7028,2024-01-30,1,191,7,5,350
5017,2023-11-21,5,192,9,3,450
6858,2024-01-23,4,192,12,5,600
7854,2024-02-27,4,192,12,3,600
9133,2024-05-01,3,192,5,4,250
9855,2024-07-29,3,192,5,3,250
10294,2024-09-21,1,192,7,3,350
1040,2023-04-06,14,192,6.4,2,320
3778,2023-10-09,1,192,7,4,350
4055,2023-10-18,11,192,11,4,550
4226,2023-10-25,3,192,5,3,250
4395,2023-11-01,4,192,12,2,600
1605,2023-05-26,21,192,13,5,650
1744,2023-06-07,11,192,11,5,550
5681,2023-12-14,2,192,18,3,900
7522,2024-02-16,1,192,7,4,350
7727,2024-02-23,4,192,12,5,600
8555,2024-03-21,2,192,18,3,900
1272,2023-04-27,19,192,6,5,300
5207,2023-11-28,5,192,9,4,450
2731,2023-09-05,24,192,10,4,500
3276,2023-09-22,23,192,5,5,250
3381,2023-09-25,24,192,10,3,500
6037,2023-12-26,14,193,6.4,5,320
6198,2023-12-31,14,193,6.4,5,320
6613,2024-01-15,1,193,7,2,350
6841,2024-01-23,2,193,18,4,900
7743,2024-02-24,2,193,18,3,900
8418,2024-03-16,3,193,5,3,250
9687,2024-07-05,2,193,18,4,900
537,2023-02-21,25,193,12,2,600
904,2023-03-25,3,193,5,2,250
2393,2023-08-11,24,193,10,2,500
2452,2023-08-16,24,193,10,4,500
4003,2023-10-16,10,193,36,3,1800
5192,2023-11-27,10,193,36,4,1800
5735,2023-12-16,5,193,9,4,450
7167,2024-02-04,4,193,12,5,600
8808,2024-03-29,4,193,12,3,600
980,2023-04-01,3,193,5,4,250
2443,2023-08-16,24,193,10,5,500
6249,2024-01-02,14,193,6.4,5,320
6293,2024-01-03,14,193,6.4,5,320
8755,2024-03-28,2,193,18,3,900
204,2023-01-22,27,193,4,2,200
2190,2023-07-22,18,193,9,5,450
2800,2023-09-07,24,193,10,3,500
2828,2023-09-08,21,193,13,2,650
8486,2024-03-18,4,193,12,2,600
1556,2023-05-22,2,193,18,4,900
8649,2024-03-24,2,193,18,5,900
9328,2024-05-20,4,193,12,2,600
5462,2023-12-06,5,194,9,5,450
7321,2024-02-09,4,194,12,3,600
7580,2024-02-18,2,194,18,4,900
9416,2024-05-30,3,194,5,5,250
9493,2024-06-10,4,194,12,3,600
1987,2023-07-04,2,194,18,3,900
2243,2023-07-26,20,194,16,2,800
3794,2023-10-09,7,194,30,5,1500
8062,2024-03-04,2,194,18,5,900
9352,2024-05-23,4,194,12,2,600
2737,2023-09-05,24,194,10,3,500
5444,2023-12-05,5,194,9,4,450
6001,2023-12-24,14,194,6.4,2,320
9549,2024-06-18,1,194,7,2,350
9912,2024-08-05,2,194,18,3,900
411,2023-02-09,26,194,18,3,900
1406,2023-05-08,22,194,8,3,400
1481,2023-05-15,4,194,12,2,600
6581,2024-01-13,4,194,12,4,600
8628,2024-03-23,3,194,5,3,250
6169,2023-12-30,14,195,6.4,2,320
9828,2024-07-25,2,195,18,4,900
285,2023-01-29,24,195,10,3,500
1560,2023-05-22,21,195,13,3,650
3312,2023-09-23,23,195,5,5,250
5954,2023-12-23,14,195,6.4,3,320
7205,2024-02-06,1,195,7,5,350
628,2023-03-01,6,195,24,4,1200
1307,2023-04-30,27,195,4,4,200
6220,2024-01-01,14,195,6.4,2,320
8922,2024-04-07,2,195,18,4,900
1736,2023-06-06,22,195,8,3,400
5471,2023-12-06,11,195,11,4,550
5840,2023-12-19,14,195,6.4,2,320
9784,2024-07-19,4,195,12,2,600
7237,2024-02-07,2,195,18,3,900
10372,2024-09-30,3,195,5,4,250
5464,2023-12-06,7,196,30,2,1500
6323,2024-01-04,14,196,6.4,5,320
6469,2024-01-10,14,196,6.4,5,320
8781,2024-03-29,1,196,7,4,350
9185,2024-05-06,2,196,18,3,900
9312,2024-05-19,1,196,7,2,350
9550,2024-06-18,2,196,18,2,900
9833,2024-07-26,1,196,7,2,350
10288,2024-09-20,2,196,18,4,900
1335,2023-05-02,10,196,36,4,1800
5992,2023-12-24,14,196,6.4,4,320
8928,2024-04-08,4,196,12,3,600
5492,2023-12-07,7,196,30,2,1500
6792,2024-01-21,2,196,18,4,900
6575,2024-01-13,3,196,5,4,250
5101,2023-11-24,6,197,24,5,1200
7941,2024-03-01,3,197,5,2,250
8306,2024-03-12,3,197,5,3,250
10039,2024-08-20,2,197,18,3,900
727,2023-03-08,4,197,12,4,600
955,2023-03-30,17,197,12,5,600
1840,2023-06-17,4,197,12,4,600
2593,2023-08-30,24,197,10,4,500
2906,2023-09-10,22,197,8,4,400
2987,2023-09-13,22,197,8,5,400
4317,2023-10-28,7,197,30,3,1500
5295,2023-12-01,4,197,12,5,600
6846,2024-01-23,3,197,5,4,250
9578,2024-06-22,2,197,18,4,900
9860,2024-07-30,1,197,7,3,350
10353,2024-09-28,2,197,18,2,900
3626,2023-10-03,8,197,15,5,750
7372,2024-02-11,3,197,5,4,250
7736,2024-02-24,1,197,7,5,350
300,2023-01-30,21,197,13,3,650
4294,2023-10-27,10,197,36,5,1800
4962,2023-11-19,4,197,12,2,600
5535,2023-12-08,9,197,14,3,700
5691,2023-12-14,7,197,30,4,1500
1068,2023-04-08,21,197,13,2,650
5077,2023-11-23,8,197,15,5,750
5451,2023-12-05,9,198,14,3,700
7225,2024-02-06,4,198,12,4,600
8779,2024-03-29,1,198,7,2,350
9226,2024-05-09,4,198,12,4,600
581,2023-02-24,27,198,4,5,200
600,2023-02-26,16,198,10,2,500
1084,2023-04-09,18,198,9,2,450
3664,2023-10-04,11,198,11,5,550
3736,2023-10-07,3,198,5,2,250
395,2023-02-08,20,198,16,2,800
1553,2023-05-21,28,198,6,4,300
2172,2023-07-21,10,198,36,3,1800
5929,2023-12-22,14,198,6.4,3,320
7149,2024-02-04,1,198,7,2,350
9846,2024-07-28,1,198,7,4,350
610,2023-02-27,12,198,6,4,300
1352,2023-05-03,22,198,8,3,400
2532,2023-08-25,24,198,10,3,500
5628,2023-12-11,9,198,14,5,700
7894,2024-02-29,3,199,5,5,250
8293,2024-03-12,1,199,7,4,350
8560,2024-03-21,3,199,5,4,250
9628,2024-06-28,2,199,18,4,900
246,2023-01-26,9,199,14,2,700
598,2023-02-26,14,199,6.4,5,320
2889,2023-09-09,24,199,10,4,500
4295,2023-10-27,10,199,36,3,1800
9203,2024-05-08,1,199,7,3,350
249,2023-01-26,12,199,6,5,300
3403,2023-09-26,23,199,5,3,250
4611,2023-11-07,11,199,11,2,550
5092,2023-11-24,2,199,18,2,900
8983,2024-04-15,3,199,5,3,250
1147,2023-04-15,12,199,6,5,300
1221,2023-04-23,5,199,9,3,450
3478,2023-09-29,21,199,13,4,650
4319,2023-10-28,8,199,15,2,750
8320,2024-03-13,1,199,7,4,350
8406,2024-03-16,1,200,7,5,350
8999,2024-04-17,2,200,18,4,900
149,2023-01-17,10,200,36,2,1800
265,2023-01-27,15,200,7,4,350
351,2023-02-03,8,200,15,4,750
590,2023-02-25,25,200,12,5,600
1063,2023-04-08,6,200,24,2,1200
1638,2023-05-30,15,200,7,3,350
1738,2023-06-07,1,200,7,2,350
2246,2023-07-26,23,200,5,5,250
2412,2023-08-12,24,200,10,2,500
2624,2023-09-01,24,200,10,4,500
3472,2023-09-29,21,200,13,2,650
4461,2023-11-02,11,200,11,4,550
5922,2023-12-22,14,200,6.4,2,320
6131,2023-12-29,14,200,6.4,5,320
2470,2023-08-19,24,200,10,2,500
4477,2023-11-03,6,200,24,3,1200
9244,2024-05-11,3,200,5,4,250
1101,2023-04-11,1,200,7,3,350
9487,2024-06-10,1,200,7,3,350
5607,2023-12-11,1,201,7,3,350
6159,2023-12-30,14,201,6.4,5,320
6218,2024-01-01,14,201,6.4,4,320
6542,2024-01-12,3,201,5,2,250
6847,2024-01-23,3,201,5,2,250
8677,2024-03-25,2,201,18,3,900
1351,2023-05-03,22,201,8,5,400
1643,2023-05-30,22,201,8,4,400
3214,2023-09-20,24,201,10,5,500
4207,2023-10-24,7,201,30,2,1500
4426,2023-11-02,1,201,7,2,350
5106,2023-11-24,10,201,36,4,1800
10191,2024-09-08,4,201,12,5,600
2210,2023-07-23,26,201,18,4,900
5772,2023-12-17,9,201,14,4,700
10090,2024-08-26,3,201,5,2,250
1515,2023-05-18,7,201,30,3,1500
3355,2023-09-25,21,201,13,4,650
3503,2023-09-29,24,201,10,2,500
4059,2023-10-19,2,201,18,5,900
5297,2023-12-01,5,201,9,5,450
5927,2023-12-22,14,201,6.4,2,320
6359,2024-01-06,14,201,6.4,4,320
8296,2024-03-12,1,201,7,3,350
9067,2024-04-24,3,201,5,4,250
1036,2023-04-06,5,201,9,3,450
1662,2023-06-01,18,201,9,4,450
7307,2024-02-09,3,201,5,5,250
8929,2024-04-09,1,201,7,3,350
9304,2024-05-17,3,201,5,5,250
5078,2023-11-23,8,202,15,5,750
5583,2023-12-10,3,202,5,2,250
8170,2024-03-07,3,202,5,2,250
317,2023-01-31,24,202,10,3,500
2789,2023-09-07,21,202,13,4,650
3046,2023-09-15,23,202,5,5,250
3546,2023-10-01,22,202,8,5,400
7914,2024-03-01,1,202,7,2,350
4124,2023-10-21,11,202,11,2,550
5146,2023-11-26,4,202,12,2,600
8438,2024-03-17,1,202,7,5,350
8459,2024-03-17,3,202,5,5,250
75,2023-01-09,22,202,8,3,400
526,2023-02-20,25,202,12,5,600
6019,2023-12-25,14,202,6.4,2,320
9046,2024-04-22,1,202,7,3,350
9212,2024-05-08,4,202,12,2,600
6066,2023-12-26,14,202,6.4,3,320
7246,2024-02-07,3,202,5,3,250
9932,2024-08-07,1,202,7,2,350
7467,2024-02-14,1,203,7,4,350
7967,2024-03-02,1,203,7,2,350
881,2023-03-22,13,203,9,5,450
2123,2023-07-17,10,203,36,5,1800
2738,2023-09-05,24,203,10,4,500
2969,2023-09-12,22,203,8,2,400
3674,2023-10-05,6,203,24,2,1200
4216,2023-10-24,11,203,11,5,550
1573,2023-05-23,18,203,9,3,450
1606,2023-05-26,24,203,10,3,500
3686,2023-10-05,8,203,15,5,750
6237,2024-01-02,14,203,6.4,5,320
4939,2023-11-18,9,203,14,2,700
6398,2024-01-07,14,203,6.4,4,320
434,2023-02-11,25,203,12,3,600
2020,2023-07-07,15,203,7,5,350
2261,2023-07-28,26,203,18,5,900
3023,2023-09-14,24,203,10,5,500
9297,2024-05-16,4,203,12,3,600
6649,2024-01-16,3,204,5,3,250
8770,2024-03-28,4,204,12,3,600
2300,2023-08-01,13,204,9,2,450
8430,2024-03-16,4,204,12,3,600
7241,2024-02-07,2,204,18,3,900
6604,2024-01-14,3,204,5,5,250
7565,2024-02-17,4,204,12,5,600
3747,2023-10-07,5,204,9,2,450
4529,2023-11-05,2,204,18,4,900
5585,2023-12-10,4,204,12,4,600
6124,2023-12-28,14,205,6.4,3,320
6773,2024-01-20,4,205,12,2,600
8715,2024-03-26,3,205,5,3,250
9436,2024-06-02,1,205,7,3,350
10109,2024-08-29,1,205,7,5,350
889,2023-03-23,13,205,9,3,450
1277,2023-04-27,25,205,12,4,600
1448,2023-05-12,8,205,15,4,750
2608,2023-09-01,24,205,10,2,500
2936,2023-09-11,21,205,13,5,650
3325,2023-09-24,21,205,13,3,650
4287,2023-10-27,8,205,15,3,750
4296,2023-10-27,11,205,11,2,550
5219,2023-11-29,1,205,7,3,350
5239,2023-11-29,7,205,30,4,1500
8937,2024-04-10,1,205,7,5,350
9783,2024-07-19,3,205,5,2,250
4071,2023-10-19,6,205,24,5,1200
6189,2023-12-31,14,205,6.4,3,320
39,2023-01-04,27,205,4,3,200
1694,2023-06-04,3,205,5,2,250
2863,2023-09-09,22,205,8,5,400
5671,2023-12-13,10,205,36,3,1800
8594,2024-03-22,2,205,18,5,900
10226,2024-09-13,2,205,18,2,900
195,2023-01-21,26,205,18,4,900
1187,2023-04-20,9,205,14,5,700
2631,2023-09-01,24,205,10,2,500
6474,2024-01-10,14,205,6.4,3,320
7320,2024-02-09,4,205,12,5,600
5622,2023-12-11,7,206,30,2,1500
6085,2023-12-27,14,206,6.4,5,320
7302,2024-02-09,2,206,18,4,900
8127,2024-03-06,1,206,7,3,350
9788,2024-07-20,1,206,7,2,350
1914,2023-06-27,14,206,6.4,2,320
3818,2023-10-10,5,206,9,5,450
7891,2024-02-29,2,206,18,4,900
2409,2023-08-12,24,206,10,5,500
8574,2024-03-22,1,206,7,2,350
9931,2024-08-07,1,206,7,4,350
989,2023-04-01,25,206,12,2,600
1274,2023-04-27,24,206,10,4,500
3931,2023-10-14,3,206,5,4,250
5857,2023-12-20,14,206,6.4,2,320
8587,2024-03-22,2,206,18,3,900
3262,2023-09-22,21,206,13,5,650
7223,2024-02-06,4,206,12,5,600
5185,2023-11-27,9,207,14,2,700
6466,2024-01-09,14,207,6.4,5,320
6833,2024-01-23,1,207,7,5,350
7202,2024-02-06,1,207,7,5,350
8949,2024-04-11,3,207,5,2,250
9537,2024-06-16,3,207,5,5,250
29,2023-01-03,26,207,18,4,900
1139,2023-04-14,18,207,9,5,450
2520,2023-08-23,24,207,10,3,500
2806,2023-09-07,24,207,10,2,500
2839,2023-09-08,23,207,5,2,250
2935,2023-09-11,21,207,13,3,650
3567,2023-10-01,24,207,10,4,500
3994,2023-10-16,7,207,30,3,1500
4959,2023-11-19,3,207,5,3,250
6771,2024-01-20,4,207,12,2,600
5348,2023-12-02,3,207,5,4,250
8403,2024-03-16,1,207,7,2,350
2375,2023-08-09,24,207,10,4,500
4573,2023-11-06,4,207,12,2,600
8914,2024-04-06,2,207,18,4,900
9038,2024-04-20,4,207,12,5,600
5748,2023-12-16,10,208,36,4,1800
6598,2024-01-14,3,208,5,3,250
7066,2024-01-31,3,208,5,4,250
7176,2024-02-05,1,208,7,3,350
8113,2024-03-05,3,208,5,2,250
8773,2024-03-28,4,208,12,3,600
9099,2024-04-28,1,208,7,3,350
2023,2023-07-07,22,208,8,2,400
2174,2023-07-21,12,208,6,5,300
2338,2023-08-05,24,208,10,4,500
3087,2023-09-16,24,208,10,4,500
3111,2023-09-17,24,208,10,3,500
4014,2023-10-17,5,208,9,2,450
7312,2024-02-09,4,208,12,5,600
8269,2024-03-11,2,208,18,3,900
166,2023-01-18,17,208,12,3,600
4162,2023-10-23,3,208,5,5,250
8163,2024-03-07,2,208,18,4,900
1318,2023-05-01,14,208,6.4,3,320
6605,2024-01-14,4,209,12,2,600
6880,2024-01-24,4,209,12,5,600
7505,2024-02-15,3,209,5,5,250
9106,2024-04-29,1,209,7,3,350
9702,2024-07-08,1,209,7,2,350
1699,2023-06-04,10,209,36,2,1800
3532,2023-10-01,21,209,13,5,650
3863,2023-10-12,1,209,7,3,350
4275,2023-10-27,5,209,9,5,450
4438,2023-11-02,5,209,9,3,450
4483,2023-11-03,6,209,24,4,1200
6352,2024-01-05,14,209,6.4,2,320
7639,2024-02-20,2,209,18,5,900
9029,2024-04-20,1,209,7,5,350
603,2023-02-26,21,209,13,5,650
1218,2023-04-23,2,209,18,5,900
7457,2024-02-13,4,209,12,3,600
7697,2024-02-22,3,209,5,4,250
1460,2023-05-13,11,209,11,5,550
4786,2023-11-13,8,209,15,2,750
6429,2024-01-08,14,209,6.4,3,320
7672,2024-02-21,4,209,12,5,600
8807,2024-03-29,4,209,12,2,600
5170,2023-11-27,3,210,5,2,250
7801,2024-02-26,2,210,18,5,900
1496,2023-05-16,21,210,13,2,650
3379,2023-09-25,24,210,10,5,500
312,2023-01-31,11,210,11,2,550
5289,2023-12-01,3,210,5,4,250
9361,2024-05-25,1,210,7,3,350
1174,2023-04-19,1,210,7,4,350
1320,2023-05-01,18,210,9,2,450
3750,2023-10-07,6,210,24,3,1200
6194,2023-12-31,14,210,6.4,4,320
9753,2024-07-14,3,210,5,5,250
1684,2023-06-03,6,210,24,5,1200
3597,2023-10-02,21,210,13,4,650
5679,2023-12-14,1,211,7,3,350
6831,2024-01-23,1,211,7,2,350
10031,2024-08-19,1,211,7,4,350
1439,2023-05-11,6,211,24,3,1200
1809,2023-06-14,13,211,9,5,450
3009,2023-09-14,22,211,8,3,400
3411,2023-09-27,21,211,13,2,650
3605,2023-10-02,23,211,5,4,250
4280,2023-10-27,6,211,24,3,1200
4432,2023-11-02,2,211,18,4,900
9683,2024-07-05,1,211,7,3,350
2051,2023-07-10,12,211,6,4,300
4318,2023-10-28,7,211,30,4,1500
5056,2023-11-22,9,211,14,3,700
5809,2023-12-18,10,211,36,5,1800
6400,2024-01-07,14,211,6.4,3,320
8851,2024-03-31,2,211,18,5,900
2919,2023-09-10,23,211,5,3,250
4446,2023-11-02,7,211,30,2,1500
5470,2023-12-06,10,211,36,2,1800
8536,2024-03-20,2,211,18,2,900
9034,2024-04-20,3,211,5,3,250
1022,2023-04-04,8,211,15,4,750
2816,2023-09-07,24,211,10,3,500
3573,2023-10-01,24,211,10,4,500
4145,2023-10-22,9,211,14,2,700
5394,2023-12-03,5,212,9,4,450
6972,2024-01-28,1,212,7,2,350
7733,2024-02-23,4,212,12,3,600
8995,2024-04-16,4,212,12,2,600
9953,2024-08-09,3,212,5,3,250
1428,2023-05-10,8,212,15,4,750
1609,2023-05-27,1,212,7,4,350
3937,2023-10-14,4,212,12,4,600
241,2023-01-25,14,212,6.4,3,320
1907,2023-06-26,2,212,18,5,900
9294,2024-05-16,4,212,12,4,600
1288,2023-04-28,14,212,6.4,4,320
1527,2023-05-19,4,212,12,2,600
4230,2023-10-25,7,212,30,3,1500
8237,2024-03-10,1,212,7,2,350
1219,2023-04-23,3,212,5,5,250
2715,2023-09-04,24,212,10,2,500
3856,2023-10-11,9,212,14,5,700
7640,2024-02-20,2,212,18,2,900
10112,2024-08-29,3,212,5,3,250
5450,2023-12-05,9,213,14,3,700
5771,2023-12-17,9,213,14,5,700
6431,2024-01-08,14,213,6.4,5,320
6660,2024-01-16,4,213,12,3,600
8034,2024-03-03,1,213,7,5,350
8443,2024-03-17,1,213,7,4,350
8501,2024-03-19,1,213,7,2,350
9669,2024-07-03,2,213,18,2,900
10178,2024-09-06,4,213,12,2,600
864,2023-03-21,1,213,7,3,350
1711,2023-06-05,8,213,15,4,750
4926,2023-11-18,6,213,24,5,1200
6923,2024-01-26,2,213,18,3,900
9577,2024-06-22,2,213,18,3,900
9924,2024-08-06,2,213,18,3,900
10257,2024-09-17,3,213,5,2,250
743,2023-03-09,13,213,9,5,450
5647,2023-12-12,8,213,15,4,750
7528,2024-02-16,2,213,18,4,900
5806,2023-12-18,10,213,36,5,1800
6884,2024-01-25,1,213,7,5,350
9752,2024-07-14,2,213,18,3,900
10189,2024-09-08,3,213,5,4,250
6223,2024-01-01,14,213,6.4,5,320
7254,2024-02-07,4,214,12,5,600
7829,2024-02-27,2,214,18,2,900
9665,2024-07-02,1,214,7,2,350
1053,2023-04-07,11,214,11,4,550
1777,2023-06-10,24,214,10,2,500
1800,2023-06-13,11,214,11,3,550
3215,2023-09-20,24,214,10,5,500
7114,2024-02-02,4,214,12,3,600
8613,2024-03-23,1,214,7,3,350
10324,2024-09-25,2,214,18,3,900
255,2023-01-26,21,214,13,3,650
8156,2024-03-07,1,214,7,2,350
1884,2023-06-23,1,214,7,5,350
6582,2024-01-13,4,214,12,5,600
6589,2024-01-14,1,214,7,4,350
9440,2024-06-02,4,214,12,5,600
5414,2023-12-04,6,215,24,4,1200
6999,2024-01-29,1,215,7,4,350
7444,2024-02-13,2,215,18,3,900
8567,2024-03-21,4,215,12,5,600
9057,2024-04-23,1,215,7,4,350
9435,2024-06-01,4,215,12,5,600
10280,2024-09-19,4,215,12,5,600
407,2023-02-09,20,215,16,4,800
877,2023-03-21,27,215,4,3,200
1679,2023-06-02,19,215,6,3,300
2254,2023-07-28,5,215,9,4,450
2511,2023-08-22,24,215,10,3,500
4814,2023-11-14,6,215,24,4,1200
6511,2024-01-11,3,215,5,3,250
7899,2024-02-29,3,215,5,5,250
1311,2023-05-01,1,215,7,4,350
5894,2023-12-21,14,215,6.4,3,320
666,2023-03-03,17,215,12,5,600
2622,2023-09-01,24,215,10,4,500
6247,2024-01-02,14,216,6.4,5,320
7262,2024-02-08,1,216,7,3,350
9110,2024-04-30,1,216,7,3,350
9129,2024-05-01,3,216,5,3,250
346,2023-02-03,1,216,7,2,350
2809,2023-09-07,24,216,10,2,500
2890,2023-09-09,24,216,10,3,500
2958,2023-09-12,21,216,13,4,650
3814,2023-10-10,3,216,5,4,250
4734,2023-11-11,11,216,11,2,550
8566,2024-03-21,3,216,5,2,250
8874,2024-04-01,4,216,12,3,600
9169,2024-05-04,4,216,12,2,600
1160,2023-04-17,9,216,14,3,700
2838,2023-09-08,22,216,8,2,400
3894,2023-10-12,10,216,36,2,1800
8184,2024-03-08,2,216,18,4,900
2669,2023-09-03,24,216,10,4,500
3647,2023-10-04,5,216,9,5,450
9376,2024-05-26,2,216,18,4,900
6569,2024-01-13,3,217,5,5,250
7094,2024-02-01,4,217,12,3,600
9184,2024-05-06,2,217,18,4,900
101,2023-01-12,14,217,6.4,5,320
1452,2023-05-12,16,217,10,4,500
2237,2023-07-26,12,217,6,4,300
2925,2023-09-10,24,217,10,5,500
4233,2023-10-25,8,217,15,2,750
6738,2024-01-19,3,217,5,3,250
8329,2024-03-13,2,217,18,5,900
1225,2023-04-23,14,217,6.4,4,320
2394,2023-08-11,24,217,10,2,500
4813,2023-11-14,6,217,24,3,1200
2941,2023-09-11,22,217,8,2,400
3433,2023-09-27,24,217,10,5,500
4937,2023-11-18,9,217,14,2,700
5533,2023-12-08,8,217,15,4,750
6583,2024-01-13,4,217,12,5,600
7408,2024-02-12,2,217,18,5,900
9980,2024-08-11,4,217,12,5,600
2203,2023-07-23,10,217,36,4,1800
2572,2023-08-28,24,217,10,5,500
7447,2024-02-13,3,217,5,4,250
10024,2024-08-17,4,217,12,3,600
5278,2023-12-01,1,218,7,4,350
5320,2023-12-01,8,218,15,5,750
5448,2023-12-05,7,218,30,3,1500
6032,2023-12-25,14,218,6.4,3,320
6530,2024-01-12,2,218,18,4,900
9083,2024-04-26,1,218,7,2,350
9430,2024-05-31,4,218,12,5,600
871,2023-03-21,15,218,7,5,350
2531,2023-08-25,24,218,10,3,500
4921,2023-11-18,4,218,12,5,600
6600,2024-01-14,3,218,5,3,250
6746,2024-01-20,1,218,7,2,350
7137,2024-02-03,4,218,12,4,600
3830,2023-10-10,8,218,15,2,750
4512,2023-11-04,8,218,15,2,750
8495,2024-03-19,1,218,7,4,350
886,2023-03-22,27,218,4,2,200
2758,2023-09-06,24,218,10,4,500
7602,2024-02-19,1,218,7,2,350
1098,2023-04-10,16,218,10,3,500
8206,2024-03-08,4,218,12,5,600
9156,2024-05-03,3,218,5,4,250
5141,2023-11-26,2,219,18,5,900
6174,2023-12-30,14,219,6.4,5,320
6543,2024-01-12,3,219,5,4,250
6730,2024-01-19,2,219,18,2,900
7853,2024-02-27,4,219,12,3,600
8003,2024-03-02,3,219,5,4,250
10071,2024-08-23,2,219,18,2,900
706,2023-03-06,10,219,36,4,1800
4036,2023-10-18,4,219,12,3,600
56,2023-01-06,25,219,12,2,600
1826,2023-06-15,20,219,16,4,800
2884,2023-09-09,24,219,10,5,500
7950,2024-03-01,4,219,12,3,600
7922,2024-03-01,1,219,7,5,350
8665,2024-03-24,4,219,12,3,600
9426,2024-05-31,2,219,18,5,900
10200,2024-09-10,1,219,7,3,350
2623,2023-09-01,24,219,10,5,500
5858,2023-12-20,14,220,6.4,2,320
5950,2023-12-23,14,220,6.4,4,320
8873,2024-04-01,4,220,12,4,600
9598,2024-06-24,2,220,18,5,900
9711,2024-07-09,1,220,7,5,350
10321,2024-09-25,1,220,7,4,350
1278,2023-04-27,26,220,18,3,900
3439,2023-09-28,21,220,13,3,650
3518,2023-09-30,23,220,5,4,250
3625,2023-10-03,8,220,15,5,750
5478,2023-12-07,3,220,5,4,250
313,2023-01-31,13,220,9,5,450
4625,2023-11-08,4,220,12,3,600
6493,2024-01-10,14,220,6.4,3,320
9429,2024-05-31,3,220,5,3,250
753,2023-03-10,18,220,9,3,450
809,2023-03-15,4,220,12,4,600
5061,2023-11-22,11,220,11,2,550
6447,2024-01-09,14,220,6.4,2,320
7985,2024-03-02,2,220,18,2,900
9821,2024-07-24,3,220,5,5,250
5888,2023-12-21,14,221,6.4,2,320
6021,2023-12-25,14,221,6.4,2,320
6394,2024-01-07,14,221,6.4,4,320
6485,2024-01-10,14,221,6.4,3,320
7374,2024-02-11,3,221,5,3,250
8284,2024-03-11,4,221,12,3,600
9144,2024-05-02,1,221,7,4,350
10325,2024-09-25,2,221,18,4,900
905,2023-03-25,5,221,9,4,450
1211,2023-04-22,18,221,9,2,450
3113,2023-09-17,24,221,10,3,500
3354,2023-09-25,21,221,13,2,650
6412,2024-01-08,14,221,6.4,5,320
6480,2024-01-10,14,221,6.4,3,320
2021,2023-07-07,16,221,10,3,500
2115,2023-07-16,18,221,9,4,450
2603,2023-08-31,24,221,10,5,500
4232,2023-10-25,8,221,15,2,750
6119,2023-12-28,14,221,6.4,2,320
7301,2024-02-09,2,221,18,3,900
114,2023-01-14,3,221,5,5,250
4834,2023-11-15,1,221,7,3,350
6254,2024-01-02,14,221,6.4,4,320
7840,2024-02-27,3,221,5,3,250
2164,2023-07-20,24,221,10,2,500
3799,2023-10-09,7,221,30,2,1500
5161,2023-11-26,11,221,11,5,550
6014,2023-12-25,14,221,6.4,4,320
6681,2024-01-17,3,221,5,2,250
5476,2023-12-07,1,222,7,4,350
6116,2023-12-28,14,222,6.4,2,320
7419,2024-02-12,3,222,5,5,250
7938,2024-03-01,2,222,18,5,900
8119,2024-03-05,4,222,12,4,600
8288,2024-03-12,1,222,7,5,350
9168,2024-05-04,4,222,12,4,600
9482,2024-06-08,4,222,12,3,600
8439,2024-03-17,1,222,7,4,350
4367,2023-10-30,11,222,11,3,550
8254,2024-03-10,3,222,5,4,250
3076,2023-09-16,22,222,8,2,400
3338,2023-09-24,23,222,5,2,250
8169,2024-03-07,3,222,5,4,250
231,2023-01-24,19,222,6,3,300
5608,2023-12-11,1,222,7,4,350
5594,2023-12-10,7,223,30,3,1500
8016,2024-03-02,4,223,12,3,600
8919,2024-04-07,1,223,7,3,350
9175,2024-05-05,3,223,5,4,250
9213,2024-05-09,1,223,7,2,350
9356,2024-05-24,2,223,18,5,900
9557,2024-06-19,2,223,18,2,900
9618,2024-06-27,1,223,7,4,350
9700,2024-07-07,4,223,12,3,600
10158,2024-09-04,3,223,5,3,250
225,2023-01-24,11,223,11,4,550
1075,2023-04-09,3,223,5,4,250
4286,2023-10-27,8,223,15,5,750
4322,2023-10-28,8,223,15,3,750
7536,2024-02-16,4,223,12,3,600
7781,2024-02-25,3,223,5,4,250
8805,2024-03-29,4,223,12,3,600
5571,2023-12-09,10,223,36,3,1800
7678,2024-02-21,4,223,12,3,600
10140,2024-09-03,2,223,18,2,900
825,2023-03-16,15,223,7,2,350
3251,2023-09-21,24,223,10,4,500
6839,2024-01-23,2,223,18,4,900
1863,2023-06-20,22,223,8,4,400
2491,2023-08-20,24,223,10,4,500
3033,2023-09-15,21,223,13,3,650
7557,2024-02-17,3,223,5,3,250
8049,2024-03-03,4,223,12,4,600
5435,2023-12-05,2,224,18,5,900
5517,2023-12-08,3,224,5,2,250
6176,2023-12-31,14,224,6.4,4,320
8131,2024-03-06,1,224,7,2,350
8744,2024-03-27,4,224,12,3,600
8978,2024-04-15,1,224,7,2,350
9633,2024-06-29,2,224,18,4,900
217,2023-01-24,2,224,18,4,900
1804,2023-06-13,27,224,4,2,200
3406,2023-09-26,24,224,10,2,500
5388,2023-12-03,3,224,5,2,250
9408,2024-05-29,3,224,5,2,250
6433,2024-01-08,14,224,6.4,5,320
7377,2024-02-11,3,224,5,4,250
7861,2024-02-28,1,224,7,5,350
1682,2023-06-03,2,224,18,5,900
9803,2024-07-22,2,224,18,4,900
3867,2023-10-12,2,224,18,3,900
4050,2023-10-18,10,224,36,2,1800
4970,2023-11-19,7,224,30,2,1500
6215,2024-01-01,14,225,6.4,3,320
7284,2024-02-08,3,225,5,5,250
2638,2023-09-01,24,225,10,4,500
4321,2023-10-28,8,225,15,2,750
4876,2023-11-16,5,225,9,5,450
418,2023-02-10,7,225,30,4,1500
987,2023-04-01,21,225,13,4,650
4181,2023-10-23,7,225,30,5,1500
5567,2023-12-09,9,225,14,2,700
223,2023-01-24,8,225,15,3,750
367,2023-02-05,17,225,12,3,600
874,2023-03-21,23,225,5,3,250
1204,2023-04-21,28,225,6,3,300
2033,2023-07-08,10,225,36,5,1800
2366,2023-08-08,24,225,10,2,500
2684,2023-09-03,24,225,10,3,500
4349,2023-10-29,10,225,36,5,1800
4721,2023-11-11,8,225,15,3,750
8831,2024-03-30,4,225,12,2,600
9161,2024-05-04,1,225,7,4,350
9742,2024-07-13,2,225,18,2,900
5518,2023-12-08,3,226,5,2,250
6023,2023-12-25,14,226,6.4,4,320
6068,2023-12-26,14,226,6.4,2,320
7334,2024-02-10,2,226,18,2,900
7605,2024-02-19,1,226,7,2,350
8915,2024-04-06,3,226,5,4,250
1154,2023-04-16,9,226,14,5,700
1235,2023-04-24,12,226,6,3,300
1604,2023-05-26,20,226,16,2,800
1717,2023-06-05,13,226,9,2,450
1203,2023-04-21,27,226,4,5,200
4501,2023-11-04,3,226,5,5,250
4933,2023-11-18,8,226,15,4,750
9254,2024-05-12,4,226,12,4,600
650,2023-03-02,12,226,6,5,300
1089,2023-04-09,27,226,4,3,200
2680,2023-09-03,24,226,10,3,500
5367,2023-12-02,9,227,14,4,700
6185,2023-12-31,14,227,6.4,3,320
6997,2024-01-29,1,227,7,5,350
7093,2024-02-01,4,227,12,2,600
7180,2024-02-05,1,227,7,3,350
7948,2024-03-01,4,227,12,4,600
7972,2024-03-02,1,227,7,5,350
8992,2024-04-16,3,227,5,2,250
10063,2024-08-22,3,227,5,4,250
1857,2023-06-19,22,227,8,3,400
3246,2023-09-21,23,227,5,3,250
2637,2023-09-01,24,227,10,2,500
3301,2023-09-23,22,227,8,2,400
8885,2024-04-03,1,227,7,4,350
9739,2024-07-13,1,227,7,2,350
68,2023-01-08,22,227,8,2,400
9210,2024-05-08,2,227,18,5,900
7138,2024-02-03,4,228,12,3,600
8505,2024-03-19,1,228,7,4,350
9759,2024-07-16,1,228,7,4,350
9880,2024-08-02,2,228,18,3,900
10272,2024-09-19,1,228,7,4,350
107,2023-01-13,1,228,7,2,350
1230,2023-04-23,23,228,5,4,250
1910,2023-06-27,1,228,7,3,350
2479,2023-08-19,24,228,10,4,500
7871,2024-02-28,3,228,5,4,250
4903,2023-11-17,9,228,14,5,700
5613,2023-12-11,3,228,5,4,250
7004,2024-01-29,2,228,18,4,900
8047,2024-03-03,4,228,12,4,600
9240,2024-05-11,2,228,18,2,900
10030,2024-08-18,4,228,12,4,600
845,2023-03-18,5,228,9,4,450
4828,2023-11-14,10,228,36,3,1800
9732,2024-07-12,1,228,7,3,350
5515,2023-12-08,3,228,5,5,250
8772,2024-03-28,4,229,12,5,600
10086,2024-08-26,1,229,7,5,350
732,2023-03-08,25,229,12,5,600
2871,2023-09-09,23,229,5,2,250
3887,2023-10-12,9,229,14,3,700
8386,2024-03-15,2,229,18,5,900
8782,2024-03-29,1,229,7,5,350
427,2023-02-11,11,229,11,2,550
3230,2023-09-21,21,229,13,5,650
4564,2023-11-06,2,229,18,4,900
3208,2023-09-20,22,229,8,3,400
3772,2023-10-08,9,229,14,3,700
6633,2024-01-15,4,230,12,2,600
6830,2024-01-23,1,230,7,2,350
7533,2024-02-16,4,230,12,2,600
7758,2024-02-25,1,230,7,3,350
8434,2024-03-16,4,230,12,5,600
448,2023-02-13,13,230,9,3,450
709,2023-03-06,23,230,5,5,250
1284,2023-04-28,10,230,36,4,1800
2367,2023-08-08,24,230,10,2,500
2502,2023-08-22,24,230,10,2,500
3273,2023-09-22,23,230,5,4,250
9063,2024-04-24,2,230,18,2,900
9703,2024-07-08,1,230,7,2,350
10137,2024-09-03,2,230,18,5,900
953,2023-03-30,11,230,11,3,550
2646,2023-09-02,24,230,10,5,500
1054,2023-04-07,18,230,9,3,450
6624,2024-01-15,3,230,5,3,250
7027,2024-01-30,1,230,7,2,350
2303,2023-08-01,21,230,13,5,650
6723,2024-01-19,1,230,7,4,350
7642,2024-02-20,3,230,5,2,250
10251,2024-09-16,3,230,5,5,250
5697,2023-12-14,9,231,14,5,700
6109,2023-12-28,14,231,6.4,4,320
8624,2024-03-23,2,231,18,3,900
9968,2024-08-10,4,231,12,4,600
9984,2024-08-12,3,231,5,5,250
10308,2024-09-22,3,231,5,4,250
236,2023-01-25,2,231,18,5,900
4364,2023-10-30,9,231,14,3,700
438,2023-02-12,10,231,36,4,1800
8238,2024-03-10,1,231,7,3,350
8466,2024-03-18,1,231,7,5,350
9414,2024-05-30,2,231,18,5,900
3195,2023-09-20,21,231,13,2,650
5504,2023-12-07,11,231,11,5,550
6992,2024-01-29,1,231,7,3,350
10277,2024-09-19,3,231,5,4,250
6932,2024-01-26,3,231,5,3,250
7824,2024-02-27,1,232,7,4,350
8865,2024-03-31,4,232,12,5,600
9172,2024-05-05,1,232,7,5,350
10005,2024-08-14,3,232,5,2,250
10330,2024-09-25,3,232,5,3,250
728,2023-03-08,5,232,9,5,450
1603,2023-05-26,18,232,9,5,450
2802,2023-09-07,24,232,10,3,500
3724,2023-10-07,1,232,7,2,350
4138,2023-10-22,7,232,30,3,1500
4350,2023-10-29,10,232,36,5,1800
6046,2023-12-26,14,232,6.4,2,320
6348,2024-01-05,14,232,6.4,5,320
9654,2024-07-01,3,232,5,5,250
3034,2023-09-15,21,232,13,4,650
8259,2024-03-10,4,232,12,3,600
9962,2024-08-10,2,232,18,2,900
3256,2023-09-22,21,232,13,5,650
9498,2024-06-11,4,232,12,2,600
9879,2024-08-02,1,232,7,2,350
5682,2023-12-14,3,233,5,3,250
7391,2024-02-11,4,233,12,4,600
7436,2024-02-12,4,233,12,5,600
8729,2024-03-27,2,233,18,4,900
9400,2024-05-28,3,233,5,4,250
774,2023-03-12,3,233,5,2,250
915,2023-03-26,15,233,7,3,350
3661,2023-10-04,10,233,36,2,1800
3934,2023-10-14,3,233,5,5,250
7047,2024-01-31,1,233,7,4,350
7345,2024-02-10,3,233,5,3,250
1688,2023-06-03,16,233,10,3,500
5270,2023-11-30,8,233,15,5,750
1309,2023-04-30,28,233,6,5,300
2388,2023-08-10,24,233,10,5,500
4789,2023-11-13,8,233,15,2,750
8385,2024-03-15,2,233,18,4,900
9599,2024-06-24,3,233,5,5,250
10224,2024-09-13,1,233,7,2,350
5719,2023-12-15,10,234,36,5,1800
6547,2024-01-12,4,234,12,2,600
7982,2024-03-02,2,234,18,4,900
8090,2024-03-05,1,234,7,4,350
9723,2024-07-10,2,234,18,5,900
1589,2023-05-24,26,234,18,5,900
3697,2023-10-06,2,234,18,2,900
4545,2023-11-05,6,234,24,5,1200
1023,2023-04-04,9,234,14,3,700
2358,2023-08-07,24,234,10,2,500
8201,2024-03-08,3,234,5,2,250
664,2023-03-03,9,234,14,5,700
5030,2023-11-21,9,234,14,4,700
6350,2024-01-05,14,234,6.4,2,320
5168,2023-11-27,3,235,5,2,250
5311,2023-12-01,7,235,30,2,1500
8042,2024-03-03,3,235,5,3,250
1572,2023-05-23,12,235,6,2,300
4224,2023-10-25,3,235,5,2,250
4692,2023-11-10,8,235,15,4,750
2433,2023-08-14,24,235,10,4,500
769,2023-03-11,20,235,16,2,800
2194,2023-07-22,20,235,16,4,800
5066,2023-11-23,1,235,7,2,350
5453,2023-12-05,10,235,36,5,1800
5614,2023-12-11,4,235,12,2,600
6933,2024-01-26,3,236,5,4,250
6960,2024-01-27,3,236,5,2,250
471,2023-02-15,16,236,10,3,500
2102,2023-07-15,15,236,7,4,350
2171,2023-07-21,10,236,36,2,1800
4068,2023-10-19,4,236,12,2,600
4838,2023-11-15,2,236,18,5,900
324,2023-02-01,9,236,14,2,700
4015,2023-10-17,6,236,24,3,1200
8924,2024-04-07,4,236,12,4,600
9579,2024-06-22,2,236,18,2,900
6887,2024-01-25,1,236,7,2,350
7576,2024-02-18,1,236,7,3,350
9241,2024-05-11,2,236,18,3,900
3191,2023-09-19,24,236,10,2,500
6364,2024-01-06,14,236,6.4,3,320
7438,2024-02-13,1,236,7,2,350
9139,2024-05-01,4,236,12,3,600
7060,2024-01-31,3,237,5,2,250
8340,2024-03-13,4,237,12,2,600
10169,2024-09-05,4,237,12,5,600
1143,2023-04-15,6,237,24,5,1200
1974,2023-07-02,24,237,10,5,500
2476,2023-08-19,24,237,10,4,500
2564,2023-08-27,24,237,10,5,500
2656,2023-09-02,24,237,10,2,500
3014,2023-09-14,22,237,8,2,400
3993,2023-10-16,6,237,24,5,1200
4192,2023-10-24,2,237,18,2,900
5785,2023-12-18,2,237,18,2,900
5935,2023-12-22,14,237,6.4,4,320
7903,2024-02-29,4,237,12,5,600
8739,2024-03-27,3,237,5,3,250
8827,2024-03-30,4,237,12,2,600
463,2023-02-14,28,237,6,5,300
2795,2023-09-07,23,237,5,5,250
8803,2024-03-29,4,237,12,3,600
1803,2023-06-13,25,237,12,2,600
2263,2023-07-29,1,237,7,4,350
2776,2023-09-06,24,237,10,5,500
4130,2023-10-22,2,237,18,5,900
3962,2023-10-15,3,237,5,5,250
8261,2024-03-11,1,237,7,5,350
9807,2024-07-22,3,237,5,2,250
7382,2024-02-11,3,238,5,2,250
7817,2024-02-26,4,238,12,4,600
441,2023-02-12,19,238,6,5,300
1976,2023-07-02,25,238,12,4,600
2185,2023-07-22,2,238,18,2,900
2188,2023-07-22,14,238,6.4,3,320
9884,2024-08-02,3,238,5,4,250
140,2023-01-16,14,238,6.4,2,320
1194,2023-04-21,11,238,11,3,550
4008,2023-10-17,1,238,7,3,350
3680,2023-10-05,8,238,15,2,750
6417,2024-01-08,14,238,6.4,2,320
1930,2023-06-29,3,238,5,2,250
3751,2023-10-07,6,238,24,5,1200
5294,2023-12-01,4,238,12,4,600
8911,2024-04-05,3,238,5,5,250
7361,2024-02-11,1,239,7,5,350
7516,2024-02-15,4,239,12,3,600
7983,2024-03-02,2,239,18,4,900
8224,2024-03-09,2,239,18,5,900
8550,2024-03-21,1,239,7,2,350
9281,2024-05-15,3,239,5,5,250
2128,2023-07-17,16,239,10,4,500
5467,2023-12-06,9,239,14,3,700
5494,2023-12-07,7,239,30,2,1500
7365,2024-02-11,2,239,18,5,900
4739,2023-11-12,3,239,5,5,250
5770,2023-12-17,8,239,15,2,750
7890,2024-02-29,2,239,18,5,900
1484,2023-05-15,9,239,14,4,700
4082,2023-10-20,1,239,7,4,350
1734,2023-06-06,19,239,6,4,300
6486,2024-01-10,14,239,6.4,4,320
8285,2024-03-11,4,239,12,5,600
5257,2023-11-30,2,240,18,4,900
154,2023-01-17,27,240,4,2,200
358,2023-02-03,22,240,8,3,400
616,2023-02-28,11,240,11,5,550
1322,2023-05-01,19,240,6,3,300
1677,2023-06-02,16,240,10,2,500
4072,2023-10-19,6,240,24,3,1200
4120,2023-10-21,10,240,36,5,1800
4235,2023-10-25,10,240,36,2,1800
4351,2023-10-29,10,240,36,4,1800
6895,2024-01-25,3,240,5,4,250
7116,2024-02-02,4,240,12,5,600
9257,2024-05-12,4,240,12,2,600
8152,2024-03-07,1,240,7,4,350
3492,2023-09-29,23,240,5,3,250
4276,2023-10-27,5,240,9,4,450
4659,2023-11-09,5,240,9,4,450
9194,2024-05-07,4,240,12,2,600
7977,2024-03-02,1,241,7,3,350
8023,2024-03-02,4,241,12,2,600
9631,2024-06-29,1,241,7,5,350
10075,2024-08-24,2,241,18,3,900
936,2023-03-29,6,241,24,3,1200
1853,2023-06-19,9,241,14,2,700
4890,2023-11-17,3,241,5,4,250
8083,2024-03-04,4,241,12,4,600
2727,2023-09-05,24,241,10,3,500
134,2023-01-16,5,241,9,5,450
9097,2024-04-28,1,241,7,4,350
7858,2024-02-28,1,241,7,3,350
8704,2024-03-26,2,241,18,4,900
9350,2024-05-23,4,241,12,3,600
4999,2023-11-20,7,242,30,5,1500
6868,2024-01-24,2,242,18,5,900
7764,2024-02-25,1,242,7,3,350
8121,2024-03-05,4,242,12,2,600
8247,2024-03-10,2,242,18,4,900
8798,2024-03-29,3,242,5,5,250
82,2023-01-10,17,242,12,2,600
3149,2023-09-18,24,242,10,2,500
3449,2023-09-28,22,242,8,5,400
8380,2024-03-15,1,242,7,2,350
8634,2024-03-23,4,242,12,5,600
4912,2023-11-18,1,242,7,5,350
7018,2024-01-29,4,242,12,4,600
9342,2024-05-23,1,242,7,2,350
717,2023-03-07,12,242,6,4,300
2258,2023-07-28,14,242,6.4,5,320
5843,2023-12-19,14,242,6.4,4,320
7319,2024-02-09,4,242,12,2,600
5519,2023-12-08,4,243,12,2,600
5605,2023-12-10,11,243,11,5,550
6003,2023-12-24,14,243,6.4,4,320
8277,2024-03-11,3,243,5,5,250
109,2023-01-13,15,243,7,5,350
906,2023-03-25,5,243,9,4,450
1700,2023-06-04,12,243,6,3,300
3221,2023-09-20,24,243,10,4,500
5227,2023-11-29,4,243,12,5,600
10167,2024-09-05,3,243,5,4,250
7676,2024-02-21,4,244,12,2,600
8345,2024-03-14,1,244,7,3,350
9476,2024-06-08,2,244,18,2,900
1061,2023-04-08,3,244,5,5,250
1337,2023-05-02,12,244,6,5,300
1124,2023-04-13,23,244,5,2,250
1453,2023-05-12,17,244,12,2,600
8907,2024-04-05,2,244,18,4,900
10035,2024-08-20,1,244,7,2,350
2290,2023-07-31,11,244,11,4,550
3435,2023-09-27,24,244,10,4,500
5898,2023-12-21,14,244,6.4,3,320
7247,2024-02-07,3,244,5,5,250
7514,2024-02-15,4,244,12,3,600
7990,2024-03-02,2,244,18,2,900
954,2023-03-30,12,244,6,5,300
1788,2023-06-11,14,244,6.4,5,320
7586,2024-02-18,3,245,5,4,250
7949,2024-03-01,4,245,12,2,600
8725,2024-03-27,1,245,7,3,350
474,2023-02-15,19,245,6,5,300
2363,2023-08-08,24,245,10,4,500
3875,2023-10-12,4,245,12,4,600
4532,2023-11-05,2,245,18,3,900
5372,2023-12-02,10,245,36,5,1800
6219,2024-01-01,14,245,6.4,3,320
7101,2024-02-02,1,245,7,5,350
5606,2023-12-10,11,245,11,3,550
7080,2024-02-01,1,245,7,4,350
3350,2023-09-24,24,245,10,4,500
5153,2023-11-26,6,245,24,3,1200
1103,2023-04-11,5,245,9,5,450
3969,2023-10-15,6,245,24,4,1200
4007,2023-10-17,1,245,7,4,350
9624,2024-06-27,4,245,12,4,600
7008,2024-01-29,2,246,18,2,900
8073,2024-03-04,3,246,5,2,250
9452,2024-06-04,4,246,12,3,600
2471,2023-08-19,24,246,10,3,500
3342,2023-09-24,23,246,5,5,250
3810,2023-10-10,1,246,7,5,350
4326,2023-10-28,10,246,36,5,1800
5721,2023-12-15,11,246,11,5,550
259,2023-01-26,28,246,6,3,300
2862,2023-09-09,22,246,8,5,400
5925,2023-12-22,14,246,6.4,2,320
6802,2024-01-21,4,246,12,2,600
1182,2023-04-19,25,246,12,5,600
6967,2024-01-28,1,246,7,3,350
8909,2024-04-05,3,246,5,4,250
8553,2024-03-21,1,246,7,4,350
5630,2023-12-11,10,247,36,4,1800
9462,2024-06-05,4,247,12,5,600
9850,2024-07-28,2,247,18,2,900
1539,2023-05-20,7,247,30,3,1500
2355,2023-08-07,24,247,10,5,500
3119,2023-09-18,21,247,13,2,650
3604,2023-10-02,23,247,5,4,250
3857,2023-10-11,9,247,14,2,700
5683,2023-12-14,3,247,5,4,250
859,2023-03-19,24,247,10,5,500
1996,2023-07-04,25,247,12,3,600
5636,2023-12-12,4,247,12,3,600
5820,2023-12-19,3,247,5,2,250
5917,2023-12-22,14,247,6.4,2,320
6555,2024-01-12,4,247,12,4,600
8286,2024-03-11,4,247,12,4,600
8615,2024-03-23,2,247,18,5,900
7947,2024-03-01,3,247,5,2,250
7105,2024-02-02,1,248,7,4,350
7153,2024-02-04,2,248,18,4,900
2952,2023-09-11,24,248,10,5,500
3982,2023-10-16,1,248,7,5,350
4399,2023-11-01,5,248,9,5,450
4484,2023-11-03,7,248,30,2,1500
5738,2023-12-16,5,248,9,4,450
6835,2024-01-23,1,248,7,5,350
875,2023-03-21,25,248,12,5,600
7869,2024-02-28,2,248,18,5,900
9219,2024-05-09,3,248,5,5,250
10139,2024-09-03,2,248,18,2,900
2514,2023-08-23,24,248,10,2,500
2752,2023-09-05,24,248,10,5,500
8565,2024-03-21,3,248,5,4,250
9354,2024-05-24,2,248,18,3,900
10265,2024-09-18,3,248,5,4,250
1413,2023-05-09,5,248,9,2,450
10239,2024-09-14,2,248,18,5,900
5188,2023-11-27,9,249,14,3,700
6727,2024-01-19,2,249,18,3,900
7253,2024-02-07,4,249,12,3,600
7838,2024-02-27,3,249,5,3,250
8158,2024-03-07,1,249,7,4,350
8868,2024-04-01,2,249,18,5,900
9231,2024-05-10,2,249,18,4,900
9270,2024-05-14,3,249,5,4,250
2407,2023-08-12,24,249,10,2,500
3521,2023-09-30,23,249,5,4,250
5649,2023-12-12,8,249,15,4,750
6082,2023-12-27,14,249,6.4,2,320
6899,2024-01-25,3,249,5,4,250
9228,2024-05-10,1,249,7,2,350
8151,2024-03-07,1,249,7,2,350
8351,2024-03-14,2,249,18,4,900
5466,2023-12-06,8,249,15,5,750
9963,2024-08-10,3,249,5,5,250
5990,2023-12-24,14,250,6.4,3,320
8256,2024-03-10,4,250,12,3,600
9197,2024-05-07,4,250,12,2,600
9306,2024-05-17,3,250,5,3,250
3485,2023-09-29,22,250,8,5,400
3541,2023-10-01,21,250,13,3,650
5171,2023-11-27,4,250,12,4,600
5787,2023-12-18,3,250,5,5,250
6661,2024-01-16,4,250,12,2,600
8092,2024-03-05,1,250,7,4,350
9559,2024-06-19,4,250,12,2,600
2465,2023-08-18,24,250,10,4,500
3494,2023-09-29,23,250,5,2,250
6315,2024-01-04,14,250,6.4,4,320
4476,2023-11-03,6,250,24,2,1200
617,2023-02-28,13,250,9,2,450
1656,2023-06-01,7,250,30,5,1500
4313,2023-10-28,6,250,24,3,1200
5002,2023-11-20,9,250,14,5,700
5131,2023-11-25,10,251,36,2,1800
5340,2023-12-01,11,251,11,5,550
5906,2023-12-21,14,251,6.4,2,320
6742,2024-01-19,3,251,5,4,250
6816,2024-01-22,2,251,18,4,900
8174,2024-03-07,4,251,12,2,600
8408,2024-03-16,1,251,7,4,350
8880,2024-04-02,3,251,5,4,250
832,2023-03-17,6,251,24,2,1200
1091,2023-04-09,27,251,4,4,200
1665,2023-06-01,26,251,18,3,900
2084,2023-07-13,13,251,9,3,450
2753,2023-09-06,24,251,10,3,500
3590,2023-10-02,8,251,15,3,750
3980,2023-10-15,11,251,11,5,550
6711,2024-01-18,4,251,12,2,600
8322,2024-03-13,2,251,18,5,900
8647,2024-03-24,2,251,18,5,900
9976,2024-08-11,3,251,5,2,250
4945,2023-11-18,11,251,11,5,550
5680,2023-12-14,2,251,18,2,900
9165,2024-05-04,2,251,18,4,900
504,2023-02-18,12,251,6,2,300
8313,2024-03-12,3,251,5,4,250
9904,2024-08-04,3,251,5,5,250
10213,2024-09-12,2,251,18,5,900
2730,2023-09-05,24,251,10,2,500
6363,2024-01-06,14,251,6.4,5,320
9044,2024-04-22,1,251,7,3,350
6310,2024-01-04,14,252,6.4,4,320
163,2023-01-18,14,252,6.4,4,320
722,2023-03-07,26,252,18,5,900
783,2023-03-12,16,252,10,2,500
3564,2023-10-01,24,252,10,3,500
4459,2023-11-02,10,252,36,3,1800
8420,2024-03-16,3,252,5,3,250
2842,2023-09-08,24,252,10,4,500
5822,2023-12-19,5,252,9,4,450
9293,2024-05-16,3,252,5,3,250
9417,2024-05-30,3,252,5,5,250
3678,2023-10-05,7,252,30,3,1500
6039,2023-12-26,14,252,6.4,5,320
6995,2024-01-29,1,252,7,4,350
7574,2024-02-18,1,252,7,4,350
5793,2023-12-18,4,252,12,4,600
7146,2024-02-03,4,253,12,4,600
8082,2024-03-04,4,253,12,5,600
8935,2024-04-09,4,253,12,4,600
9733,2024-07-12,1,253,7,4,350
10108,2024-08-29,1,253,7,5,350
2657,2023-09-02,24,253,10,2,500
4517,2023-11-04,10,253,36,4,1800
4837,2023-11-15,2,253,18,4,900
7731,2024-02-23,4,253,12,4,600
520,2023-02-20,14,253,6.4,3,320
921,2023-03-27,2,253,18,4,900
2899,2023-09-10,22,253,8,2,400
3184,2023-09-19,24,253,10,3,500
5977,2023-12-24,14,253,6.4,4,320
6232,2024-01-01,14,253,6.4,5,320
6978,2024-01-28,3,253,5,2,250
1968,2023-07-02,7,253,30,4,1500
3006,2023-09-14,21,253,13,4,650
6768,2024-01-20,3,253,5,4,250
7398,2024-02-12,1,253,7,3,350
5259,2023-11-30,2,254,18,3,900
5326,2023-12-01,9,254,14,3,700
7575,2024-02-18,1,254,7,5,350
7747,2024-02-24,3,254,5,2,250
8099,2024-03-05,2,254,18,2,900
9236,2024-05-10,4,254,12,3,600
10296,2024-09-21,2,254,18,2,900
123,2023-01-14,28,254,6,3,300
971,2023-03-31,16,254,10,3,500
1690,2023-06-03,21,254,13,2,650
1866,2023-06-21,1,254,7,5,350
2494,2023-08-21,24,254,10,4,500
2771,2023-09-06,24,254,10,5,500
3829,2023-10-10,8,254,15,3,750
2988,2023-09-13,22,254,8,3,400
6358,2024-01-05,14,254,6.4,3,320
7739,2024-02-24,1,254,7,2,350
3802,2023-10-09,8,254,15,2,750
9743,2024-07-13,3,254,5,3,250
6936,2024-01-26,3,255,5,3,250
7045,2024-01-30,4,255,12,5,600
7918,2024-03-01,1,255,7,3,350
8080,2024-03-04,4,255,12,3,600
9258,2024-05-13,1,255,7,5,350
9330,2024-05-21,2,255,18,4,900
271,2023-01-27,22,255,8,3,400
829,2023-03-16,28,255,6,5,300
1518,2023-05-18,11,255,11,2,550
3880,2023-10-12,6,255,24,4,1200
4807,2023-11-14,4,255,12,5,600
6667,2024-01-17,1,255,7,2,350
7964,2024-03-02,1,255,7,4,350
8116,2024-03-05,4,255,12,4,600
10041,2024-08-20,2,255,18,2,900
10111,2024-08-29,2,255,18,5,900
1471,2023-05-14,5,255,9,2,450
9091,2024-04-26,4,255,12,3,600
524,2023-02-20,22,255,8,3,400
2661,2023-09-02,24,255,10,5,500
3153,2023-09-18,24,255,10,3,500
4695,2023-11-10,9,255,14,5,700
5307,2023-12-01,6,255,24,3,1200
4607,2023-11-07,9,255,14,3,700
5085,2023-11-23,10,255,36,3,1800
9170,2024-05-04,4,255,12,3,600
10335,2024-09-26,1,255,7,2,350
5247,2023-11-29,9,256,14,4,700
5328,2023-12-01,10,256,36,4,1800
5641,2023-12-12,6,256,24,5,1200
7351,2024-02-10,4,256,12,4,600
8886,2024-04-03,1,256,7,3,350
786,2023-03-12,27,256,4,2,200
2579,2023-08-28,24,256,10,4,500
6038,2023-12-26,14,256,6.4,4,320
1161,2023-04-17,14,256,6.4,5,320
1374,2023-05-05,27,256,4,5,200
3855,2023-10-11,8,256,15,4,750
3888,2023-10-12,9,256,14,2,700
5768,2023-12-17,7,256,30,2,1500
7730,2024-02-23,4,256,12,4,600
7893,2024-02-29,2,256,18,2,900
4727,2023-11-11,9,256,14,4,700
4817,2023-11-14,7,256,30,5,1500
8307,2024-03-12,3,256,5,5,250
6108,2023-12-28,14,257,6.4,3,320
6243,2024-01-02,14,257,6.4,3,320
6403,2024-01-07,14,257,6.4,4,320
7492,2024-02-15,2,257,18,4,900
8436,2024-03-17,1,257,7,5,350
9113,2024-04-30,2,257,18,4,900
1657,2023-06-01,7,257,30,2,1500
3222,2023-09-20,24,257,10,3,500
3373,2023-09-25,23,257,5,5,250
4019,2023-10-17,8,257,15,2,750
8867,2024-04-01,1,257,7,3,350
2540,2023-08-25,24,257,10,2,500
3277,2023-09-22,23,257,5,4,250
3392,2023-09-26,22,257,8,3,400
2982,2023-09-13,21,257,13,4,650
7643,2024-02-20,3,257,5,5,250
7857,2024-02-28,1,257,7,5,350
3574,2023-10-01,24,257,10,2,500
3685,2023-10-05,8,257,15,4,750
5715,2023-12-15,9,257,14,4,700
6207,2023-12-31,14,257,6.4,2,320
9427,2024-05-31,3,257,5,2,250
5302,2023-12-01,5,258,9,5,450
7051,2024-01-31,1,258,7,5,350
8472,2024-03-18,2,258,18,2,900
1087,2023-04-09,26,258,18,4,900
1197,2023-04-21,14,258,6.4,2,320
3454,2023-09-28,22,258,8,4,400
3510,2023-09-30,21,258,13,3,650
4345,2023-10-29,8,258,15,4,750
7002,2024-01-29,2,258,18,2,900
8522,2024-03-19,3,258,5,5,250
8756,2024-03-28,2,258,18,2,900
9847,2024-07-28,1,258,7,2,350
5575,2023-12-09,11,258,11,4,550
8539,2024-03-20,3,258,5,5,250
2108,2023-07-16,2,258,18,5,900
8820,2024-03-30,2,258,18,2,900
10110,2024-08-29,2,258,18,5,900
3146,2023-09-18,23,258,5,3,250
9182,2024-05-06,1,258,7,2,350
5339,2023-12-01,11,259,11,4,550
5457,2023-12-06,2,259,18,2,900
6115,2023-12-28,14,259,6.4,5,320
7274,2024-02-08,2,259,18,3,900
7711,2024-02-23,2,259,18,2,900
7718,2024-02-23,2,259,18,4,900
7921,2024-03-01,1,259,7,5,350
7958,2024-03-01,4,259,12,4,600
332,2023-02-01,24,259,10,3,500
790,2023-03-13,16,259,10,4,500
948,2023-03-30,5,259,9,5,450
1116,2023-04-12,23,259,5,4,250
1919,2023-06-28,9,259,14,2,700
3170,2023-09-19,22,259,8,4,400
4279,2023-10-27,6,259,24,3,1200
8856,2024-03-31,3,259,5,5,250
686,2023-03-04,21,259,13,4,650
3349,2023-09-24,24,259,10,5,500
4929,2023-11-18,7,259,30,3,1500
6910,2024-01-26,1,260,7,3,350
8547,2024-03-20,4,260,12,3,600
9054,2024-04-22,4,260,12,3,600
9412,2024-05-30,2,260,18,4,900
177,2023-01-19,23,260,5,4,250
3463,2023-09-28,24,260,10,3,500
7654,2024-02-21,1,260,7,5,350
5713,2023-12-15,7,260,30,5,1500
10384,2024-10-01,2,260,18,3,900
2895,2023-09-10,21,260,13,4,650
4718,2023-11-11,5,260,9,4,450
5231,2023-11-29,6,260,24,2,1200
6436,2024-01-08,14,260,6.4,3,320
2141,2023-07-18,17,260,12,4,600
10153,2024-09-04,2,260,18,5,900
5204,2023-11-28,3,261,5,3,250
5687,2023-12-14,6,261,24,4,1200
7677,2024-02-21,4,261,12,4,600
8246,2024-03-10,2,261,18,5,900
8457,2024-03-17,3,261,5,3,250
9583,2024-06-23,1,261,7,2,350
284,2023-01-29,24,261,10,5,500
1521,2023-05-18,15,261,7,4,350
1551,2023-05-21,24,261,10,2,500
1982,2023-07-03,5,261,9,4,450
2024,2023-07-07,24,261,10,4,500
2845,2023-09-08,24,261,10,3,500
7493,2024-02-15,2,261,18,2,900
902,2023-03-24,25,261,12,2,600
6822,2024-01-22,3,261,5,4,250
10012,2024-08-15,3,261,5,2,250
1002,2023-04-02,20,261,16,2,800
5208,2023-11-28,5,261,9,2,450
8427,2024-03-16,4,261,12,4,600
9485,2024-06-09,3,261,5,3,250
9975,2024-08-11,2,261,18,3,900
10151,2024-09-04,1,261,7,3,350
8242,2024-03-10,1,262,7,4,350
8419,2024-03-16,3,262,5,3,250
10102,2024-08-27,4,262,12,2,600
1050,2023-04-07,2,262,18,4,900
3081,2023-09-16,23,262,5,4,250
4372,2023-10-31,3,262,5,3,250
6578,2024-01-13,3,262,5,2,250
7348,2024-02-10,3,262,5,3,250
9979,2024-08-11,4,262,12,3,600
10228,2024-09-13,2,262,18,2,900
2093,2023-07-14,9,262,14,5,700
6410,2024-01-07,14,262,6.4,2,320
6435,2024-01-08,14,262,6.4,2,320
6781,2024-01-21,1,263,7,4,350
6907,2024-01-25,4,263,12,2,600
7088,2024-02-01,3,263,5,2,250
8117,2024-03-05,4,263,12,4,600
66,2023-01-08,16,263,10,2,500
863,2023-03-20,25,263,12,4,600
1881,2023-06-22,22,263,8,3,400
2356,2023-08-07,24,263,10,4,500
2509,2023-08-22,24,263,10,3,500
4005,2023-10-16,11,263,11,5,550
8445,2024-03-17,2,263,18,4,900
5202,2023-11-28,2,263,18,4,900
6367,2024-01-06,14,263,6.4,2,320
7366,2024-02-11,2,263,18,2,900
8864,2024-03-31,4,263,12,2,600
9824,2024-07-24,3,263,5,4,250
7509,2024-02-15,3,263,5,5,250
7942,2024-03-01,3,263,5,5,250
8945,2024-04-11,1,263,7,3,350
5044,2023-11-22,3,264,5,3,250
6990,2024-01-29,1,264,7,4,350
7385,2024-02-11,3,264,5,4,250
8063,2024-03-04,2,264,18,5,900
8517,2024-03-19,3,264,5,2,250
9005,2024-04-17,4,264,12,4,600
244,2023-01-25,17,264,12,2,600
785,2023-03-12,23,264,5,5,250
1626,2023-05-29,1,264,7,2,350
1728,2023-06-06,13,264,9,4,450
2679,2023-09-03,24,264,10,4,500
6682,2024-01-17,3,264,5,3,250
482,2023-02-16,2,264,18,4,900
2599,2023-08-31,24,264,10,4,500
3824,2023-10-10,7,264,30,4,1500
7317,2024-02-09,4,264,12,5,600
7545,2024-02-17,2,264,18,2,900
2419,2023-08-13,24,264,10,4,500
2674,2023-09-03,24,264,10,3,500
5361,2023-12-02,7,264,30,5,1500
7282,2024-02-08,3,264,5,4,250
8065,2024-03-04,2,264,18,2,900
8507,2024-03-19,1,264,7,4,350
8970,2024-04-14,2,264,18,3,900
5128,2023-11-25,10,265,36,3,1800
7469,2024-02-14,1,265,7,4,350
10048,2024-08-21,1,265,7,3,350
164,2023-01-18,16,265,10,5,500
518,2023-02-20,7,265,30,3,1500
937,2023-03-29,7,265,30,5,1500
1363,2023-05-04,18,265,9,4,450
3420,2023-09-27,22,265,8,5,400
6875,2024-01-24,3,265,5,3,250
7759,2024-02-25,1,265,7,4,350
7884,2024-02-29,1,265,7,3,350
777,2023-03-12,9,265,14,2,700
3268,2023-09-22,22,265,8,2,400
7259,2024-02-08,1,265,7,5,350
575,2023-02-24,15,265,7,3,350
7100,2024-02-02,1,266,7,5,350
8653,2024-03-24,3,266,5,5,250
8825,2024-03-30,4,266,12,4,600
9987,2024-08-12,4,266,12,4,600
3248,2023-09-21,23,266,5,5,250
3389,2023-09-26,21,266,13,3,650
9411,2024-05-30,1,266,7,4,350
379,2023-02-06,23,266,5,5,250
2855,2023-09-09,21,266,13,3,650
3693,2023-10-05,11,266,11,3,550
9512,2024-06-13,3,266,5,3,250
6437,2024-01-08,14,266,6.4,3,320
9720,2024-07-10,1,266,7,5,350
2736,2023-09-05,24,266,10,3,500
5429,2023-12-04,11,266,11,2,550
6121,2023-12-28,14,266,6.4,5,320
5863,2023-12-20,14,267,6.4,4,320
6372,2024-01-06,14,267,6.4,3,320
6790,2024-01-21,2,267,18,5,900
7480,2024-02-14,3,267,5,3,250
7960,2024-03-01,4,267,12,4,600
8396,2024-03-15,4,267,12,5,600
8758,2024-03-28,2,267,18,4,900
10003,2024-08-14,3,267,5,4,250
337,2023-02-02,5,267,9,2,450
2197,2023-07-22,23,267,5,5,250
2985,2023-09-13,22,267,8,4,400
3063,2023-09-16,21,267,13,4,650
5561,2023-12-09,7,267,30,4,1500
5637,2023-12-12,4,267,12,4,600
6507,2024-01-11,2,267,18,3,900
7504,2024-02-15,3,267,5,5,250
7550,2024-02-17,2,267,18,4,900
1332,2023-05-01,28,267,6,4,300
5615,2023-12-11,4,267,12,5,600
9253,2024-05-12,3,267,5,5,250
2787,2023-09-07,21,267,13,2,650
3402,2023-09-26,23,267,5,2,250
3836,2023-10-10,11,267,11,2,550
6279,2024-01-03,14,268,6.4,5,320
8165,2024-03-07,3,268,5,3,250
9872,2024-08-01,2,268,18,3,900
9969,2024-08-11,1,268,7,5,350
2682,2023-09-03,24,268,10,2,500
3094,2023-09-17,21,268,13,4,650
4220,2023-10-25,2,268,18,5,900
7054,2024-01-31,1,268,7,5,350
8771,2024-03-28,4,268,12,5,600
3310,2023-09-23,23,268,5,3,250
5246,2023-11-29,9,268,14,5,700
5690,2023-12-14,7,268,30,2,1500
6779,2024-01-21,1,268,7,2,350
10181,2024-09-07,2,268,18,3,900
5654,2023-12-12,11,269,11,4,550
6643,2024-01-16,1,269,7,3,350
8602,2024-03-22,4,269,12,3,600
10000,2024-08-14,1,269,7,3,350
10142,2024-09-03,3,269,5,4,250
10174,2024-09-06,3,269,5,4,250
1045,2023-04-06,22,269,8,3,400
4335,2023-10-29,2,269,18,4,900
5847,2023-12-19,14,269,6.4,2,320
6620,2024-01-15,2,269,18,2,900
8611,2024-03-23,1,269,7,3,350
901,2023-03-24,23,269,5,4,250
9630,2024-06-29,1,269,7,5,350
9851,2024-07-28,4,269,12,4,600
2729,2023-09-05,24,269,10,2,500
335,2023-02-02,1,269,7,5,350
7593,2024-02-18,4,269,12,3,600
9693,2024-07-06,1,269,7,5,350
5651,2023-12-12,10,270,36,2,1800
6111,2023-12-28,14,270,6.4,3,320
7115,2024-02-02,4,270,12,4,600
9167,2024-05-04,4,270,12,2,600
9339,2024-05-23,1,270,7,2,350
9524,2024-06-15,3,270,5,4,250
9813,2024-07-23,3,270,5,3,250
2743,2023-09-05,24,270,10,5,500
4371,2023-10-31,2,270,18,4,900
6161,2023-12-30,14,270,6.4,2,320
1263,2023-04-27,1,270,7,4,350
5892,2023-12-21,14,270,6.4,5,320
4052,2023-10-18,11,270,11,2,550
4273,2023-10-27,5,270,9,3,450
9082,2024-04-26,1,270,7,3,350
30,2023-01-03,27,270,4,3,200
1016,2023-04-03,12,270,6,4,300
1273,2023-04-27,23,270,5,4,250
1532,2023-05-19,14,270,6.4,5,320
4405,2023-11-01,7,270,30,2,1500
5309,2023-12-01,6,270,24,4,1200
6743,2024-01-19,4,270,12,5,600
6761,2024-01-20,3,270,5,3,250
6957,2024-01-27,3,270,5,3,250
5993,2023-12-24,14,271,6.4,3,320
6935,2024-01-26,3,271,5,3,250
8027,2024-03-03,1,271,7,3,350
8044,2024-03-03,3,271,5,5,250
1537,2023-05-20,4,271,12,2,600
3008,2023-09-14,21,271,13,3,650
3889,2023-10-12,9,271,14,5,700
4112,2023-10-21,5,271,9,2,450
4185,2023-10-23,9,271,14,2,700
9531,2024-06-15,4,271,12,4,600
2181,2023-07-21,21,271,13,3,650
3823,2023-10-10,6,271,24,3,1200
7378,2024-02-11,3,271,5,4,250
7517,2024-02-15,4,271,12,3,600
9050,2024-04-22,3,271,5,4,250
1663,2023-06-01,22,271,8,2,400
3126,2023-09-18,22,271,8,4,400
3641,2023-10-04,4,271,12,5,600
6647,2024-01-16,2,272,18,2,900
7035,2024-01-30,2,272,18,5,900
7132,2024-02-03,3,272,5,5,250
7646,2024-02-20,4,272,12,3,600
7746,2024-02-24,2,272,18,2,900
913,2023-03-26,8,272,15,3,750
4079,2023-10-19,10,272,36,2,1800
5878,2023-12-20,14,272,6.4,2,320
7156,2024-02-04,2,272,18,4,900
7882,2024-02-28,4,272,12,2,600
8692,2024-03-25,4,272,12,3,600
1405,2023-05-08,21,272,13,5,650
7930,2024-03-01,2,272,18,5,900
9453,2024-06-05,1,272,7,5,350
9961,2024-08-10,2,272,18,5,900
2851,2023-09-09,21,272,13,2,650
7589,2024-02-18,3,273,5,5,250
8222,2024-03-09,2,273,18,5,900
9551,2024-06-18,2,273,18,2,900
9906,2024-08-04,4,273,12,4,600
9952,2024-08-09,2,273,18,3,900
459,2023-02-14,17,273,12,2,600
3142,2023-09-18,23,273,5,2,250
3565,2023-10-01,24,273,10,2,500
4099,2023-10-20,11,273,11,4,550
4387,2023-10-31,11,273,11,4,550
5910,2023-12-22,14,273,6.4,5,320
391,2023-02-08,12,273,6,5,300
3959,2023-10-15,2,273,18,3,900
7432,2024-02-12,4,273,12,4,600
9428,2024-05-31,3,273,5,3,250
2861,2023-09-09,22,273,8,5,400
334,2023-02-01,27,273,4,5,200
523,2023-02-20,18,273,9,5,450
1009,2023-04-02,28,273,6,5,300
1591,2023-05-25,2,273,18,5,900
2161,2023-07-20,15,273,7,4,350
5670,2023-12-13,10,274,36,5,1800
8727,2024-03-27,2,274,18,2,900
9148,2024-05-02,3,274,5,3,250
9472,2024-06-07,3,274,5,2,250
10341,2024-09-26,2,274,18,5,900
893,2023-03-23,19,274,6,2,300
1199,2023-04-21,16,274,10,4,500
1943,2023-06-30,28,274,6,3,300
2091,2023-07-14,2,274,18,2,900
2369,2023-08-09,24,274,10,2,500
2971,2023-09-12,23,274,5,5,250
4882,2023-11-16,8,274,15,2,750
8790,2024-03-29,2,274,18,3,900
9232,2024-05-10,3,274,5,5,250
1685,2023-06-03,10,274,36,3,1800
7020,2024-01-29,4,274,12,2,600
3176,2023-09-19,22,274,8,5,400
4768,2023-11-13,2,274,18,4,900
5228,2023-11-29,5,275,9,2,450
10010,2024-08-15,2,275,18,3,900
2997,2023-09-13,24,275,10,3,500
3635,2023-10-04,1,275,7,4,350
4184,2023-10-23,8,275,15,5,750
4480,2023-11-03,6,275,24,3,1200
5198,2023-11-28,2,275,18,2,900
9301,2024-05-17,2,275,18,3,900
10368,2024-09-30,1,275,7,2,350
1779,2023-06-11,1,275,7,2,350
5195,2023-11-28,1,275,7,5,350
5244,2023-11-29,9,275,14,4,700
7036,2024-01-30,2,275,18,3,900
2044,2023-07-09,11,275,11,3,550
4248,2023-10-26,3,275,5,5,250
5378,2023-12-03,1,276,7,2,350
6120,2023-12-28,14,276,6.4,2,320
10227,2024-09-13,2,276,18,2,900
185,2023-01-20,16,276,10,3,500
588,2023-02-25,23,276,5,5,250
1119,2023-04-13,9,276,14,5,700
1824,2023-06-15,13,276,9,3,450
2955,2023-09-11,24,276,10,3,500
4439,2023-11-02,5,276,9,5,450
6010,2023-12-25,14,276,6.4,4,320
7245,2024-02-07,2,276,18,3,900
7705,2024-02-23,1,276,7,5,350
8858,2024-03-31,3,276,5,4,250
2170,2023-07-21,8,276,15,3,750
9558,2024-06-19,3,276,5,3,250
1792,2023-06-11,19,276,6,3,300
2239,2023-07-26,15,276,7,5,350
4700,2023-11-10,10,276,36,3,1800
6411,2024-01-08,14,276,6.4,4,320
6642,2024-01-16,1,276,7,4,350
6882,2024-01-24,4,276,12,2,600
8829,2024-03-30,4,276,12,2,600
7892,2024-02-29,2,276,18,2,900
8719,2024-03-27,1,276,7,5,350
9252,2024-05-12,3,276,5,4,250
9989,2024-08-12,4,276,12,2,600
5183,2023-11-27,8,277,15,5,750
5867,2023-12-20,14,277,6.4,5,320
6769,2024-01-20,3,277,5,2,250
8308,2024-03-12,3,277,5,4,250
8373,2024-03-15,1,277,7,3,350
8609,2024-03-23,1,277,7,3,350
9004,2024-04-17,3,277,5,5,250
9278,2024-05-15,1,277,7,5,350
840,2023-03-17,25,277,12,3,600
1379,2023-05-06,3,277,5,4,250
4653,2023-11-09,2,277,18,2,900
9950,2024-08-09,2,277,18,5,900
9956,2024-08-09,3,277,5,2,250
8668,2024-03-24,4,277,12,2,600
5164,2023-11-27,2,277,18,5,900
9187,2024-05-06,3,277,5,3,250
8171,2024-03-07,4,278,12,3,600
8282,2024-03-11,4,278,12,4,600
9439,2024-06-02,3,278,5,4,250
9525,2024-06-15,3,278,5,4,250
458,2023-02-14,10,278,36,2,1800
3954,2023-10-14,11,278,11,5,550
8085,2024-03-05,1,278,7,3,350
9265,2024-05-14,1,278,7,4,350
2901,2023-09-10,22,278,8,5,400
6187,2023-12-31,14,278,6.4,2,320
7019,2024-01-29,4,278,12,4,600
1827,2023-06-15,26,278,18,3,900
3683,2023-10-05,8,278,15,4,750
4690,2023-11-10,7,278,30,2,1500
5879,2023-12-20,14,278,6.4,3,320
316,2023-01-31,23,278,5,2,250
1133,2023-04-14,11,278,11,3,550
4115,2023-10-21,7,278,30,5,1500
6956,2024-01-27,3,278,5,4,250
6983,2024-01-28,4,278,12,5,600
5182,2023-11-27,8,279,15,4,750
7477,2024-02-14,2,279,18,4,900
8214,2024-03-09,1,279,7,2,350
8558,2024-03-21,2,279,18,3,900
1458,2023-05-13,4,279,12,3,600
1951,2023-07-01,11,279,11,3,550
4048,2023-10-18,9,279,14,5,700
6585,2024-01-13,4,279,12,4,600
2541,2023-08-25,24,279,10,3,500
5034,2023-11-21,11,279,11,5,550
7073,2024-01-31,3,279,5,2,250
2495,2023-08-21,24,279,10,2,500
5292,2023-12-01,4,279,12,5,600
5304,2023-12-01,6,279,24,2,1200
649,2023-03-02,10,279,36,3,1800
4333,2023-10-29,1,279,7,5,350
7661,2024-02-21,3,279,5,5,250
8180,2024-03-08,1,279,7,3,350
5737,2023-12-16,5,280,9,2,450
7568,2024-02-18,1,280,7,4,350
8876,2024-04-02,1,280,7,3,350
9666,2024-07-02,3,280,5,2,250
882,2023-03-22,15,280,7,3,350
1557,2023-05-22,6,280,24,3,1200
2432,2023-08-14,24,280,10,4,500
2974,2023-09-12,24,280,10,3,500
3418,2023-09-27,22,280,8,4,400
3816,2023-10-10,3,280,5,2,250
3852,2023-10-11,7,280,30,2,1500
4087,2023-10-20,4,280,12,3,600
4306,2023-10-28,3,280,5,4,250
4441,2023-11-02,5,280,9,5,450
6889,2024-01-25,2,280,18,2,900
1503,2023-05-17,9,280,14,4,700
2632,2023-09-01,24,280,10,2,500
7489,2024-02-14,4,280,12,5,600
9995,2024-08-13,4,280,12,2,600
3258,2023-09-22,21,280,13,3,650
7686,2024-02-22,1,280,7,5,350
7719,2024-02-23,2,280,18,4,900
8964,2024-04-13,2,280,18,3,900
10375,2024-09-30,3,280,5,4,250
1369,2023-05-05,9,280,14,3,700
6463,2024-01-09,14,280,6.4,4,320
9750,2024-07-14,2,281,18,5,900
10172,2024-09-06,1,281,7,5,350
1250,2023-04-25,22,281,8,3,400
4354,2023-10-29,11,281,11,4,550
9826,2024-07-25,1,281,7,4,350
3577,2023-10-02,1,281,7,4,350
1339,2023-05-02,14,281,6.4,5,320
3077,2023-09-16,22,281,8,2,400
4239,2023-10-26,1,281,7,2,350
5810,2023-12-18,10,281,36,4,1800
3102,2023-09-17,23,281,5,2,250
4753,2023-11-12,8,281,15,4,750
5503,2023-12-07,11,281,11,5,550
6008,2023-12-25,14,281,6.4,5,320
9561,2024-06-20,2,281,18,3,900
10127,2024-09-01,1,281,7,5,350
5537,2023-12-08,9,282,14,5,700
5844,2023-12-19,14,282,6.4,4,320
6088,2023-12-27,14,282,6.4,2,320
7418,2024-02-12,3,282,5,3,250
10271,2024-09-19,1,282,7,2,350
216,2023-01-24,2,282,18,4,900
437,2023-02-12,6,282,24,4,1200
516,2023-02-20,3,282,5,2,250
1276,2023-04-27,24,282,10,4,500
1893,2023-06-24,6,282,24,5,1200
2508,2023-08-22,24,282,10,3,500
3193,2023-09-19,24,282,10,3,500
8618,2024-03-23,2,282,18,3,900
4895,2023-11-17,5,282,9,2,450
9271,2024-05-14,3,282,5,3,250
4746,2023-11-12,4,282,12,4,600
4815,2023-11-14,7,282,30,2,1500
6854,2024-01-23,4,282,12,2,600
7476,2024-02-14,2,282,18,3,900
7702,2024-02-23,1,282,7,2,350
8604,2024-03-22,4,282,12,4,600
7199,2024-02-06,1,283,7,2,350
8573,2024-03-21,4,283,12,5,600
9556,2024-06-19,2,283,18,5,900
9655,2024-07-01,4,283,12,2,600
2875,2023-09-09,23,283,5,3,250
4336,2023-10-29,2,283,18,3,900
7242,2024-02-07,2,283,18,5,900
1422,2023-05-09,19,283,6,2,300
4473,2023-11-03,5,283,9,2,450
5113,2023-11-25,3,283,5,5,250
5290,2023-12-01,3,283,5,2,250
8026,2024-03-03,1,283,7,5,350
2977,2023-09-12,24,283,10,2,500
121,2023-01-14,23,283,5,3,250
1833,2023-06-16,7,283,30,3,1500
6975,2024-01-28,2,283,18,5,900
5777,2023-12-18,1,284,7,5,350
85,2023-01-10,22,284,8,4,400
858,2023-03-19,24,284,10,3,500
911,2023-03-25,16,284,10,5,500
1801,2023-06-13,14,284,6.4,3,320
3057,2023-09-15,24,284,10,3,500
3431,2023-09-27,24,284,10,3,500
3469,2023-09-28,24,284,10,5,500
3775,2023-10-08,11,284,11,3,550
4324,2023-10-28,9,284,14,2,700
7868,2024-02-28,2,284,18,4,900
486,2023-02-16,6,284,24,3,1200
1731,2023-06-06,15,284,7,2,350
2671,2023-09-03,24,284,10,4,500
2849,2023-09-09,21,284,13,2,650
4995,2023-11-20,6,284,24,5,1200
7851,2024-02-27,3,284,5,4,250
8104,2024-03-05,3,284,5,5,250
9938,2024-08-07,3,284,5,2,250
6160,2023-12-30,14,284,6.4,3,320
9142,2024-05-02,1,284,7,3,350
5374,2023-12-02,11,285,11,2,550
5765,2023-12-17,6,285,24,2,1200
5871,2023-12-20,14,285,6.4,2,320
6570,2024-01-13,3,285,5,2,250
7717,2024-02-23,2,285,18,5,900
8216,2024-03-09,1,285,7,4,350
729,2023-03-08,14,285,6.4,4,320
1131,2023-04-14,9,285,14,4,700
7359,2024-02-11,1,285,7,4,350
2260,2023-07-28,17,285,12,2,600
2750,2023-09-05,24,285,10,4,500
2867,2023-09-09,22,285,8,4,400
3448,2023-09-28,22,285,8,2,400
8912,2024-04-06,1,285,7,3,350
5376,2023-12-03,1,286,7,2,350
5527,2023-12-08,7,286,30,2,1500
8046,2024-03-03,3,286,5,5,250
9284,2024-05-16,1,286,7,5,350
2782,2023-09-06,24,286,10,3,500
6639,2024-01-16,1,286,7,2,350
6950,2024-01-27,1,286,7,5,350
9192,2024-05-07,3,286,5,4,250
9582,2024-06-23,1,286,7,5,350
9771,2024-07-18,2,286,18,5,900
1602,2023-05-26,17,286,12,3,600
1059,2023-04-08,1,286,7,2,350
7608,2024-02-19,2,286,18,2,900
8976,2024-04-15,1,287,7,5,350
2497,2023-08-21,24,287,10,2,500
6708,2024-01-18,3,287,5,5,250
1342,2023-05-02,28,287,6,5,300
1463,2023-05-13,13,287,9,5,450
5530,2023-12-08,8,287,15,5,750
3309,2023-09-23,23,287,5,2,250
3544,2023-10-01,22,287,8,2,400
6393,2024-01-07,14,288,6.4,4,320
9996,2024-08-13,4,288,12,5,600
10040,2024-08-20,2,288,18,5,900
10248,2024-09-15,3,288,5,4,250
4212,2023-10-24,9,288,14,5,700
7104,2024-02-02,1,288,7,4,350
6011,2023-12-25,14,288,6.4,5,320
6826,2024-01-23,1,288,7,3,350
9562,2024-06-20,3,288,5,4,250
805,2023-03-14,20,289,16,3,800
1692,2023-06-03,25,289,12,5,600
3189,2023-09-19,24,289,10,2,500
5974,2023-12-23,14,289,6.4,3,320
6546,2024-01-12,4,289,12,2,600
9878,2024-08-02,1,289,7,5,350
233,2023-01-24,20,289,16,2,800
3493,2023-09-29,23,289,5,3,250
4558,2023-11-05,9,289,14,4,700
5559,2023-12-09,6,289,24,5,1200
1622,2023-05-28,13,289,9,4,450
8832,2024-03-30,4,289,12,3,600
9605,2024-06-25,1,289,7,2,350
9917,2024-08-05,3,289,5,2,250
7966,2024-03-02,1,290,7,5,350
3758,2023-10-07,9,290,14,2,700
4932,2023-11-18,8,290,15,4,750
6651,2024-01-16,3,290,5,4,250
9755,2024-07-15,1,290,7,3,350
1543,2023-05-21,3,290,5,4,250
6764,2024-01-20,3,290,5,3,250
8569,2024-03-21,4,290,12,3,600
1598,2023-05-26,11,290,11,4,550
5236,2023-11-29,7,290,30,3,1500
8011,2024-03-02,3,290,5,2,250
925,2023-03-27,15,291,7,4,350
2574,2023-08-28,24,291,10,2,500
6670,2024-01-17,1,291,7,5,350
4339,2023-10-29,4,291,12,3,600
4980,2023-11-19,11,292,11,3,550
9794,2024-07-20,3,292,5,5,250
1223,2023-04-23,11,292,11,2,550
1652,2023-06-01,1,292,7,2,350
3580,2023-10-02,3,292,5,4,250
4891,2023-11-17,4,292,12,5,600
3990,2023-10-16,4,292,12,3,600
9195,2024-05-07,4,292,12,4,600
17,2023-01-03,4,292,12,3,600
1592,2023-05-25,18,292,9,4,450
2796,2023-09-07,23,292,5,5,250
4265,2023-10-27,3,292,5,2,250
7065,2024-01-31,3,292,5,4,250
5812,2023-12-18,11,293,11,2,550
10183,2024-09-07,2,293,18,2,900
4076,2023-10-19,9,293,14,3,700
9507,2024-06-12,4,293,12,4,600
3097,2023-09-17,22,293,8,5,400
5385,2023-12-03,3,293,5,4,250
6221,2024-01-01,14,293,6.4,2,320
7055,2024-01-31,1,293,7,4,350
9589,2024-06-23,2,293,18,3,900
10165,2024-09-05,3,293,5,4,250
870,2023-03-21,13,293,9,5,450
1266,2023-04-27,6,293,24,3,1200
5627,2023-12-11,9,293,14,5,700
8683,2024-03-25,2,293,18,3,900
10370,2024-09-30,2,293,18,4,900
5422,2023-12-04,8,294,15,2,750
7255,2024-02-07,4,294,12,4,600
8855,2024-03-31,3,294,5,3,250
10192,2024-09-08,4,294,12,3,600
1298,2023-04-29,27,294,4,4,200
1641,2023-05-30,21,294,13,4,650
1834,2023-06-16,8,294,15,4,750
7460,2024-02-13,4,294,12,3,600
7558,2024-02-17,3,294,5,3,250
104,2023-01-12,19,294,6,5,300
657,2023-03-02,23,294,5,3,250
4463,2023-11-02,11,294,11,3,550
4946,2023-11-18,11,294,11,4,550
5403,2023-12-04,1,294,7,2,350
4856,2023-11-15,9,294,14,2,700
7548,2024-02-17,2,294,18,2,900
7682,2024-02-22,1,294,7,4,350
5900,2023-12-21,14,295,6.4,4,320
9056,2024-04-22,4,295,12,3,600
9581,2024-06-22,3,295,5,3,250
9896,2024-08-04,1,295,7,5,350
238,2023-01-25,7,295,30,2,1500
2507,2023-08-22,24,295,10,2,500
3490,2023-09-29,22,295,8,4,400
7294,2024-02-09,1,295,7,4,350
673,2023-03-03,28,295,6,4,300
2377,2023-08-10,24,295,10,2,500
2651,2023-09-02,24,295,10,5,500
4709,2023-11-11,1,295,7,2,350
7368,2024-02-11,2,295,18,5,900
7978,2024-03-02,1,295,7,4,350
8207,2024-03-08,4,295,12,3,600
8236,2024-03-09,4,295,12,4,600
10292,2024-09-21,1,295,7,3,350
1585,2023-05-24,20,295,16,3,800
8004,2024-03-02,3,295,5,5,250
8429,2024-03-16,4,296,12,3,600
9424,2024-05-31,2,296,18,2,900
3178,2023-09-19,23,296,5,4,250
1377,2023-05-05,28,296,6,2,300
4832,2023-11-14,11,296,11,2,550
6201,2023-12-31,14,296,6.4,5,320
6432,2024-01-08,14,297,6.4,4,320
8455,2024-03-17,3,297,5,4,250
8709,2024-03-26,2,297,18,5,900
9538,2024-06-16,3,297,5,5,250
10021,2024-08-17,1,297,7,3,350
10043,2024-08-20,4,297,12,2,600
4561,2023-11-06,1,297,7,2,350
5084,2023-11-23,9,297,14,4,700
8050,2024-03-03,4,297,12,3,600
70,2023-01-08,23,297,5,3,250
8641,2024-03-24,1,297,7,2,350
9322,2024-05-20,1,297,7,3,350
1979,2023-07-03,1,298,7,5,350
2518,2023-08-23,24,298,10,3,500
5223,2023-11-29,3,298,5,5,250
9018,2024-04-19,1,298,7,2,350
5885,2023-12-21,14,298,6.4,3,320
6945,2024-01-27,1,298,7,4,350
9313,2024-05-19,1,298,7,2,350
5599,2023-12-10,8,299,15,4,750
3976,2023-10-15,9,299,14,2,700
4767,2023-11-13,1,299,7,4,350
5548,2023-12-09,2,299,18,5,900
6273,2024-01-03,14,299,6.4,2,320
7015,2024-01-29,3,299,5,3,250
5441,2023-12-05,3,299,5,3,250
7332,2024-02-10,2,299,18,2,900
8098,2024-03-05,2,299,18,3,900
8887,2024-04-03,2,299,18,5,900
10068,2024-08-23,2,299,18,2,900
5764,2023-12-17,5,299,9,3,450
6482,2024-01-10,14,300,6.4,3,320
1912,2023-06-27,10,300,36,5,1800
2723,2023-09-05,24,300,10,3,500
5716,2023-12-15,9,300,14,2,700
1048,2023-04-06,23,300,5,3,250
1122,2023-04-13,18,300,9,3,450
1216,2023-04-22,27,300,4,3,200
3932,2023-10-14,3,300,5,2,250
4410,2023-11-01,8,300,15,5,750
7674,2024-02-21,4,300,12,3,600
1613,2023-05-27,18,300,9,3,450
2438,2023-08-15,24,300,10,2,500
6483,2024-01-10,14,300,6.4,2,320
6678,2024-01-17,2,300,18,5,900
5027,2023-11-21,8,301,15,2,750
1346,2023-05-03,18,301,9,3,450
2469,2023-08-18,24,301,10,2,500
4092,2023-10-20,5,301,9,2,450
5404,2023-12-04,1,301,7,3,350
7874,2024-02-28,4,301,12,3,600
4223,2023-10-25,3,301,5,2,250
7898,2024-02-29,3,301,5,3,250
9455,2024-06-05,1,301,7,3,350
7688,2024-02-22,1,302,7,2,350
8496,2024-03-19,1,302,7,3,350
5053,2023-11-22,7,302,30,4,1500
5417,2023-12-04,7,302,30,3,1500
8697,2024-03-25,4,302,12,5,600
1411,2023-05-09,3,302,5,4,250
3390,2023-09-26,21,302,13,3,650
6989,2024-01-28,4,302,12,3,600
439,2023-02-12,10,302,36,4,1800
3205,2023-09-20,22,302,8,5,400
6236,2024-01-02,14,302,6.4,2,320
6929,2024-01-26,3,302,5,3,250
8570,2024-03-21,4,302,12,3,600
5298,2023-12-01,5,303,9,2,450
8070,2024-03-04,3,303,5,4,250
1933,2023-06-29,10,303,36,4,1800
5358,2023-12-02,6,303,24,3,1200
7671,2024-02-21,4,303,12,3,600
8200,2024-03-08,3,303,5,3,250
2233,2023-07-26,3,303,5,4,250
3186,2023-09-19,24,303,10,2,500
8785,2024-03-29,1,303,7,3,350
263,2023-01-27,15,303,7,5,350
656,2023-03-02,22,303,8,3,400
2577,2023-08-28,24,303,10,4,500
4794,2023-11-13,9,304,14,4,700
9528,2024-06-15,4,304,12,5,600
5266,2023-11-30,5,304,9,2,450
5669,2023-12-13,8,304,15,3,750
592,2023-02-26,1,304,7,5,350
842,2023-03-18,1,304,7,2,350
4245,2023-10-26,3,304,5,4,250
8626,2024-03-23,3,304,5,2,250
9681,2024-07-04,4,304,12,3,600
9757,2024-07-15,3,304,5,3,250
1312,2023-05-01,2,304,18,5,900
8155,2024-03-07,1,304,7,5,350
9903,2024-08-04,3,304,5,3,250
5064,2023-11-23,1,305,7,5,350
9245,2024-05-11,4,305,12,3,600
5022,2023-11-21,6,305,24,3,1200
11,2023-01-02,14,305,6.4,3,320
197,2023-01-22,2,305,18,4,900
8360,2024-03-14,3,305,5,4,250
5586,2023-12-10,4,305,12,3,600
7795,2024-02-25,4,305,12,4,600
9367,2024-05-25,2,305,18,3,900
5062,2023-11-22,11,306,11,2,550
7279,2024-02-08,3,306,5,4,250
7920,2024-03-01,1,306,7,4,350
1316,2023-05-01,11,306,11,4,550
2288,2023-07-31,9,306,14,5,700
3143,2023-09-18,23,306,5,2,250
4475,2023-11-03,5,306,9,3,450
9101,2024-04-28,3,306,5,2,250
1421,2023-05-09,17,306,12,5,600
3425,2023-09-27,23,306,5,5,250
4770,2023-11-13,3,306,5,2,250
7706,2024-02-23,1,306,7,3,350
2333,2023-08-04,24,306,10,2,500
9000,2024-04-17,3,306,5,4,250
6031,2023-12-25,14,307,6.4,2,320
10291,2024-09-20,4,307,12,4,600
4403,2023-11-01,6,307,24,3,1200
4447,2023-11-02,7,307,30,3,1500
7976,2024-03-02,1,307,7,3,350
8176,2024-03-08,1,307,7,3,350
10114,2024-08-29,3,307,5,3,250
3539,2023-10-01,21,307,13,4,650
6645,2024-01-16,2,307,18,2,900
7236,2024-02-07,1,307,7,3,350
7421,2024-02-12,3,307,5,5,250
8393,2024-03-15,3,307,5,3,250
9647,2024-07-01,1,307,7,4,350
660,2023-03-03,1,307,7,2,350
4414,2023-11-01,9,307,14,3,700
5341,2023-12-01,11,308,11,3,550
6389,2024-01-07,14,308,6.4,5,320
8792,2024-03-29,2,308,18,5,900
5057,2023-11-22,9,308,14,2,700
7163,2024-02-04,3,308,5,5,250
869,2023-03-21,6,308,24,2,1200
5418,2023-12-04,7,308,30,2,1500
9423,2024-05-31,1,308,7,4,350
7108,2024-02-02,2,308,18,5,900
2874,2023-09-09,23,309,5,2,250
5366,2023-12-02,8,309,15,5,750
5696,2023-12-14,8,309,15,5,750
8425,2024-03-16,4,309,12,3,600
957,2023-03-30,21,309,13,2,650
1071,2023-04-09,1,309,7,2,350
3484,2023-09-29,22,309,8,2,400
4137,2023-10-22,6,309,24,5,1200
4468,2023-11-03,2,309,18,2,900
8483,2024-03-18,4,309,12,3,600
4978,2023-11-19,10,309,36,4,1800
7025,2024-01-29,4,309,12,2,600
5042,2023-11-22,3,310,5,3,250
7431,2024-02-12,4,310,12,4,600
8230,2024-03-09,3,310,5,2,250
8664,2024-03-24,4,310,12,5,600
10285,2024-09-20,2,310,18,5,900
4488,2023-11-03,9,310,14,3,700
387,2023-02-07,23,310,5,4,250
1180,2023-04-19,18,310,9,3,450
3227,2023-09-21,21,310,13,3,650
4316,2023-10-28,7,310,30,5,1500
6071,2023-12-27,14,310,6.4,2,320
9401,2024-05-28,4,310,12,3,600
2234,2023-07-26,10,310,36,5,1800
6561,2024-01-13,2,310,18,5,900
8817,2024-03-30,2,310,18,5,900
9994,2024-08-13,3,311,5,5,250
831,2023-03-17,3,311,5,4,250
1808,2023-06-14,12,311,6,3,300
4400,2023-11-01,6,311,24,2,1200
4628,2023-11-08,5,311,9,2,450
6729,2024-01-19,2,311,18,5,900
9186,2024-05-06,2,311,18,4,900
8190,2024-03-08,2,312,18,3,900
9535,2024-06-16,2,312,18,3,900
7865,2024-02-28,2,312,18,3,900
1260,2023-04-26,18,312,9,5,450
3826,2023-10-10,7,312,30,2,1500
8133,2024-03-06,2,312,18,3,900
8956,2024-04-12,4,312,12,4,600
9470,2024-06-07,2,312,18,3,900
4791,2023-11-13,8,313,15,5,750
4902,2023-11-17,9,313,14,5,700
2201,2023-07-23,2,313,18,4,900
3353,2023-09-25,21,313,13,2,650
2095,2023-07-14,14,313,6.4,3,320
7459,2024-02-13,4,313,12,3,600
2466,2023-08-18,24,313,10,3,500
5163,2023-11-27,1,313,7,3,350
1774,2023-06-10,14,314,6.4,4,320
2961,2023-09-12,21,314,13,4,650
5305,2023-12-01,6,314,24,5,1200
282,2023-01-29,17,314,12,3,600
2860,2023-09-09,22,314,8,4,400
8936,2024-04-09,4,314,12,3,600
6953,2024-01-27,2,315,18,3,900
4067,2023-10-19,4,315,12,5,600
5580,2023-12-10,3,315,5,4,250
2818,2023-09-07,24,315,10,5,500
8736,2024-03-27,3,315,5,3,250
8958,2024-04-12,4,315,12,3,600
5500,2023-12-07,10,316,36,4,1800
614,2023-02-28,4,316,12,3,600
1368,2023-05-04,25,316,12,2,600
3961,2023-10-15,2,316,18,4,900
7340,2024-02-10,3,316,5,3,250
10185,2024-09-07,3,316,5,5,250
560,2023-02-23,9,316,14,4,700
3808,2023-10-09,11,316,11,5,550
5572,2023-12-09,11,316,11,5,550
9873,2024-08-01,3,316,5,4,250
10092,2024-08-26,3,316,5,5,250
7039,2024-01-30,3,317,5,3,250
2281,2023-07-30,18,317,9,5,450
1162,2023-04-17,15,317,7,2,350
1416,2023-05-09,10,317,36,2,1800
3185,2023-09-19,24,317,10,4,500
4873,2023-11-16,4,317,12,4,600
7800,2024-02-26,2,318,18,4,900
10351,2024-09-27,4,318,12,3,600
615,2023-02-28,5,318,9,5,450
2343,2023-08-06,24,318,10,3,500
3044,2023-09-15,23,318,5,5,250
6944,2024-01-27,1,318,7,2,350
7151,2024-02-04,1,318,7,4,350
8045,2024-03-03,3,318,5,3,250
8471,2024-03-18,2,318,18,5,900
2132,2023-07-17,26,318,18,2,900
3068,2023-09-16,21,318,13,2,650
4023,2023-10-17,9,318,14,2,700
6916,2024-01-26,1,318,7,3,350
1029,2023-04-05,11,318,11,2,550
1530,2023-05-19,12,318,6,4,300
1082,2023-04-09,15,319,7,3,350
1241,2023-04-24,27,319,4,4,200
4649,2023-11-09,1,319,7,3,350
5308,2023-12-01,6,319,24,4,1200
6488,2024-01-10,14,319,6.4,4,320
9277,2024-05-14,4,319,12,2,600
500,2023-02-17,24,319,10,4,500
565,2023-02-23,22,319,8,5,400
2339,2023-08-05,24,319,10,3,500
9641,2024-06-30,2,319,18,5,900
4842,2023-11-15,2,320,18,5,900
7937,2024-03-01,2,320,18,5,900
1843,2023-06-17,17,320,12,5,600
2013,2023-07-06,15,320,7,3,350
2888,2023-09-09,24,320,10,3,500
4827,2023-11-14,10,320,36,2,1800
8294,2024-03-12,1,320,7,5,350
8745,2024-03-27,4,320,12,3,600
9627,2024-06-28,2,320,18,5,900
7995,2024-03-02,2,320,18,4,900
9459,2024-06-05,3,320,5,4,250
9793,2024-07-20,3,320,5,2,250
5031,2023-11-21,10,321,36,5,1800
10374,2024-09-30,3,321,5,3,250
9394,2024-05-27,3,321,5,5,250
2307,2023-08-02,10,321,36,5,1800
6286,2024-01-03,14,321,6.4,2,320
7341,2024-02-10,3,322,5,5,250
2265,2023-07-29,8,322,15,5,750
5779,2023-12-18,1,322,7,2,350
6856,2024-01-23,4,322,12,3,600
8301,2024-03-12,2,322,18,3,900
976,2023-03-31,22,322,8,2,400
4924,2023-11-18,5,322,9,3,450
6952,2024-01-27,2,322,18,5,900
7845,2024-02-27,3,322,5,5,250
8939,2024-04-10,2,322,18,2,900
6867,2024-01-24,2,322,18,5,900
5126,2023-11-25,9,323,14,2,700
6560,2024-01-13,1,323,7,3,350
6937,2024-01-26,3,323,5,3,250
7158,2024-02-04,2,323,18,5,900
8344,2024-03-14,1,323,7,3,350
9916,2024-08-05,3,323,5,2,250
9303,2024-05-17,3,323,5,5,250
10207,2024-09-11,2,323,18,3,900
4825,2023-11-14,9,323,14,5,700
2348,2023-08-06,24,323,10,4,500
6684,2024-01-17,3,324,5,2,250
7085,2024-02-01,2,324,18,5,900
4713,2023-11-11,2,324,18,5,900
5568,2023-12-09,10,324,36,2,1800
7164,2024-02-04,3,324,5,4,250
3018,2023-09-14,23,324,5,3,250
6396,2024-01-07,14,324,6.4,3,320
8389,2024-03-15,2,324,18,3,900
5933,2023-12-22,14,325,6.4,3,320
9396,2024-05-28,1,325,7,5,350
9858,2024-07-30,1,325,7,2,350
2034,2023-07-08,12,325,6,4,300
4021,2023-10-17,9,325,14,4,700
7633,2024-02-20,1,325,7,4,350
2575,2023-08-28,24,325,10,5,500
4711,2023-11-11,2,325,18,4,900
7456,2024-02-13,4,325,12,3,600
7531,2024-02-16,4,325,12,3,600
10097,2024-08-27,1,325,7,4,350
5813,2023-12-18,11,325,11,4,550
6034,2023-12-26,14,326,6.4,4,320
6324,2024-01-04,14,326,6.4,4,320
8552,2024-03-21,1,326,7,2,350
2830,2023-09-08,21,326,13,3,650
3062,2023-09-15,24,326,10,4,500
4054,2023-10-18,11,326,11,3,550
4394,2023-11-01,4,326,12,2,600
3386,2023-09-26,21,326,13,2,650
8460,2024-03-17,4,326,12,2,600
9431,2024-05-31,4,326,12,4,600
9818,2024-07-23,4,326,12,3,600
3363,2023-09-25,22,326,8,3,400
4689,2023-11-10,7,326,30,4,1500
5746,2023-12-16,9,327,14,2,700
4992,2023-11-20,4,327,12,2,600
5075,2023-11-23,7,327,30,5,1500
9928,2024-08-06,4,327,12,4,600
1270,2023-04-27,14,327,6.4,3,320
1454,2023-05-12,18,327,9,4,450
4107,2023-10-21,2,327,18,2,900
4133,2023-10-22,3,327,5,2,250
1265,2023-04-27,4,327,12,3,600
5218,2023-11-28,10,328,36,5,1800
7715,2024-02-23,2,328,18,2,900
8233,2024-03-09,4,328,12,3,600
1732,2023-06-06,16,328,10,4,500
8892,2024-04-04,1,328,7,4,350
2664,2023-09-02,24,328,10,5,500
4423,2023-11-01,11,328,11,2,550
5265,2023-11-30,4,328,12,4,600
10362,2024-09-29,2,328,18,2,900
1222,2023-04-23,6,328,24,3,1200
10355,2024-09-28,3,328,5,3,250
6384,2024-01-06,14,329,6.4,3,320
7526,2024-02-16,2,329,18,2,900
4386,2023-10-31,10,329,36,4,1800
6272,2024-01-03,14,329,6.4,5,320
3992,2023-10-16,6,329,24,5,1200
5224,2023-11-29,4,329,12,2,600
9315,2024-05-19,3,329,5,4,250
318,2023-01-31,27,329,4,2,200
567,2023-02-23,25,329,12,2,600
2335,2023-08-04,24,329,10,5,500
4831,2023-11-14,11,329,11,3,550
7507,2024-02-15,3,329,5,3,250
10159,2024-09-05,1,329,7,3,350
9649,2024-07-01,2,330,18,3,900
1794,2023-06-12,2,330,18,5,900
9037,2024-04-20,4,330,12,3,600
9402,2024-05-28,4,330,12,3,600
2989,2023-09-13,22,330,8,4,400
9971,2024-08-11,2,330,18,3,900
6,2023-01-01,21,330,13,2,650
6104,2023-12-28,14,330,6.4,4,320
6654,2024-01-16,3,330,5,3,250
7784,2024-02-25,4,330,12,4,600
8479,2024-03-18,2,331,18,3,900
3777,2023-10-09,1,331,7,2,350
5545,2023-12-09,1,331,7,4,350
7041,2024-01-30,3,331,5,5,250
3181,2023-09-19,23,331,5,3,250
5512,2023-12-08,2,331,18,5,900
8281,2024-03-11,4,331,12,3,600
9145,2024-05-02,2,331,18,2,900
5258,2023-11-30,2,332,18,3,900
7651,2024-02-20,4,332,12,2,600
9014,2024-04-18,4,332,12,5,600
9323,2024-05-20,1,332,7,4,350
1654,2023-06-01,2,332,18,3,900
4208,2023-10-24,7,332,30,4,1500
7344,2024-02-10,3,332,5,2,250
8328,2024-03-13,2,332,18,2,900
4741,2023-11-12,3,333,5,5,250
6404,2024-01-07,14,333,6.4,4,320
6361,2024-01-06,14,333,6.4,3,320
6674,2024-01-17,2,333,18,5,900
374,2023-02-06,10,333,36,5,1800
730,2023-03-08,23,333,5,2,250
996,2023-04-02,14,333,6.4,4,320
2178,2023-07-21,16,333,10,5,500
8461,2024-03-17,4,333,12,3,600
8925,2024-04-08,2,334,18,3,900
9181,2024-05-05,4,334,12,3,600
1140,2023-04-14,18,334,9,4,450
2694,2023-09-03,24,334,10,5,500
6114,2023-12-28,14,334,6.4,5,320
7807,2024-02-26,2,334,18,4,900
8822,2024-03-30,3,334,5,4,250
9418,2024-05-30,3,334,5,3,250
2612,2023-09-01,24,334,10,3,500
2668,2023-09-03,24,334,10,5,500
2733,2023-09-05,24,334,10,4,500
3369,2023-09-25,23,334,5,5,250
4362,2023-10-30,7,334,30,4,1500
6452,2024-01-09,14,334,6.4,3,320
4540,2023-11-05,4,334,12,3,600
4879,2023-11-16,6,334,24,4,1200
6427,2024-01-08,14,334,6.4,3,320
8005,2024-03-02,3,335,5,3,250
6675,2024-01-17,2,335,18,5,900
8750,2024-03-28,1,335,7,5,350
9504,2024-06-12,2,335,18,5,900
1526,2023-05-19,2,335,18,3,900
10115,2024-08-29,4,335,12,5,600
6552,2024-01-12,4,335,12,4,600
465,2023-02-15,5,336,9,5,450
6879,2024-01-24,4,336,12,5,600
8985,2024-04-15,4,336,12,2,600
1398,2023-05-08,6,336,24,2,1200
3084,2023-09-16,24,336,10,4,500
8581,2024-03-22,1,336,7,3,350
8659,2024-03-24,4,336,12,5,600
7614,2024-02-19,2,337,18,2,900
7956,2024-03-01,4,337,12,5,600
9626,2024-06-28,1,337,7,3,350
6241,2024-01-02,14,337,6.4,3,320
705,2023-03-06,6,337,24,4,1200
4022,2023-10-17,9,337,14,4,700
4810,2023-11-14,4,337,12,4,600
6122,2023-12-28,14,337,6.4,2,320
6961,2024-01-27,3,337,5,5,250
7929,2024-03-01,2,337,18,2,900
7652,2024-02-21,1,338,7,3,350
9134,2024-05-01,3,338,5,5,250
9985,2024-08-12,3,338,5,2,250
962,2023-03-31,2,338,18,3,900
6701,2024-01-18,2,338,18,4,900
5428,2023-12-04,11,338,11,3,550
6162,2023-12-30,14,338,6.4,3,320
10044,2024-08-20,4,338,12,3,600
2904,2023-09-10,22,338,8,2,400
6074,2023-12-27,14,339,6.4,4,320
188,2023-01-21,15,339,7,5,350
945,2023-03-29,28,339,6,4,300
2112,2023-07-16,13,339,9,2,450
4363,2023-10-30,7,339,30,2,1500
5331,2023-12-01,10,339,36,4,1800
6375,2024-01-06,14,339,6.4,4,320
308,2023-01-31,6,339,24,5,1200
6167,2023-12-30,14,339,6.4,4,320
4748,2023-11-12,5,340,9,3,450
2103,2023-07-15,18,340,9,2,450
3059,2023-09-15,24,340,10,2,500
5019,2023-11-21,5,340,9,3,450
7612,2024-02-19,2,340,18,3,900
2801,2023-09-07,24,340,10,5,500
7782,2024-02-25,3,340,5,5,250
8053,2024-03-04,1,340,7,2,350
9661,2024-07-01,4,340,12,5,600
5390,2023-12-03,4,341,12,4,600
6859,2024-01-24,1,341,7,4,350
20,2023-01-03,8,341,15,3,750
8679,2024-03-25,2,341,18,5,900
10,2023-01-02,4,341,12,2,600
547,2023-02-22,15,341,7,5,350
1033,2023-04-05,25,341,12,3,600
2588,2023-08-30,24,341,10,2,500
5026,2023-11-21,8,342,15,5,750
8578,2024-03-22,1,342,7,2,350
5963,2023-12-23,14,342,6.4,3,320
8640,2024-03-24,1,342,7,3,350
5312,2023-12-01,7,342,30,4,1500
6302,2024-01-04,14,342,6.4,3,320
8575,2024-03-22,1,343,7,3,350
10179,2024-09-07,1,343,7,2,350
2043,2023-07-09,8,343,15,4,750
2156,2023-07-20,8,343,15,2,750
7030,2024-01-30,2,343,18,5,900
7475,2024-02-14,2,343,18,2,900
1829,2023-06-15,28,343,6,5,300
3213,2023-09-20,24,343,10,5,500
4712,2023-11-11,2,343,18,3,900
9816,2024-07-23,3,343,5,4,250
10026,2024-08-18,3,344,5,5,250
8888,2024-04-03,3,344,5,2,250
3211,2023-09-20,23,344,5,5,250
7808,2024-02-26,2,344,18,2,900
8100,2024-03-05,2,344,18,5,900
2605,2023-08-31,24,344,10,5,500
3723,2023-10-06,11,344,11,5,550
3979,2023-10-15,10,344,36,5,1800
4877,2023-11-16,5,344,9,2,450
5524,2023-12-08,6,344,24,4,1200
9609,2024-06-25,3,344,5,4,250
8332,2024-03-13,3,345,5,5,250
3517,2023-09-30,23,345,5,5,250
3764,2023-10-08,2,345,18,3,900
7649,2024-02-20,4,345,12,2,600
9940,2024-08-08,1,345,7,5,350
9866,2024-07-31,2,345,18,2,900
4756,2023-11-12,8,345,15,3,750
8534,2024-03-20,2,345,18,3,900
10263,2024-09-18,2,345,18,5,900
5458,2023-12-06,4,346,12,5,600
6423,2024-01-08,14,346,6.4,5,320
2521,2023-08-23,24,346,10,4,500
9719,2024-07-10,1,346,7,3,350
5576,2023-12-09,11,346,11,3,550
6033,2023-12-25,14,346,6.4,4,320
6979,2024-01-28,3,346,5,4,250
9749,2024-07-14,2,346,18,4,900
3673,2023-10-05,6,346,24,3,1200
9447,2024-06-04,2,346,18,5,900
4630,2023-11-08,5,347,9,4,450
7725,2024-02-23,3,347,5,5,250
8720,2024-03-27,1,347,7,5,350
8897,2024-04-04,3,347,5,3,250
2704,2023-09-04,24,347,10,3,500
1292,2023-04-28,26,347,18,3,900
1429,2023-05-10,8,347,15,2,750
7011,2024-01-29,2,347,18,5,900
6758,2024-01-20,2,347,18,4,900
6333,2024-01-05,14,348,6.4,3,320
6614,2024-01-15,1,348,7,5,350
7003,2024-01-29,2,348,18,5,900
9461,2024-06-05,3,348,5,2,250
2552,2023-08-26,24,348,10,3,500
5068,2023-11-23,2,348,18,2,900
9646,2024-07-01,1,348,7,3,350
624,2023-03-01,1,348,7,3,350
4197,2023-10-24,4,348,12,4,600
1867,2023-06-21,1,349,7,4,350
2844,2023-09-08,24,349,10,4,500
10177,2024-09-06,4,349,12,3,600
2655,2023-09-02,24,349,10,2,500
3434,2023-09-27,24,349,10,2,500
8388,2024-03-15,2,349,18,2,900
9526,2024-06-15,4,349,12,5,600
10205,2024-09-10,4,349,12,2,600
7543,2024-02-17,1,350,7,3,350
619,2023-02-28,23,350,5,5,250
5036,2023-11-22,1,350,7,3,350
6942,2024-01-26,4,350,12,4,600
9819,2024-07-23,4,350,12,3,600
1355,2023-05-04,3,350,5,5,250
8721,2024-03-27,1,350,7,2,350
9844,2024-07-27,4,350,12,4,600
9488,2024-06-10,1,351,7,3,350
2040,2023-07-08,28,351,6,2,300
7268,2024-02-08,2,351,18,4,900
552,2023-02-22,26,351,18,3,900
1997,2023-07-04,25,351,12,3,600
3910,2023-10-13,6,351,24,4,1200
8493,2024-03-19,1,351,7,5,350
4969,2023-11-19,6,352,24,5,1200
7075,2024-01-31,4,352,12,3,600
7618,2024-02-19,3,352,5,4,250
9837,2024-07-26,4,352,12,4,600
243,2023-01-25,16,352,10,5,500
5887,2023-12-21,14,352,6.4,5,320
9774,2024-07-18,3,352,5,4,250
2073,2023-07-12,9,352,14,3,700
5338,2023-12-01,11,352,11,4,550
7276,2024-02-08,2,352,18,3,900
10103,2024-08-28,1,352,7,4,350
2305,2023-08-01,24,352,10,3,500
7295,2024-02-09,1,352,7,2,350
4916,2023-11-18,3,353,5,3,250
1151,2023-04-15,23,353,5,2,250
1894,2023-06-24,10,353,36,4,1800
3838,2023-10-10,11,353,11,2,550
1319,2023-05-01,14,353,6.4,2,320
4017,2023-10-17,7,353,30,2,1500
8035,2024-03-03,2,353,18,5,900
6934,2024-01-26,3,354,5,3,250
7792,2024-02-25,4,354,12,2,600
773,2023-03-12,1,354,7,2,350
2927,2023-09-10,24,354,10,2,500
5203,2023-11-28,3,354,5,2,250
6568,2024-01-13,2,354,18,2,900
7913,2024-03-01,1,354,7,4,350
8948,2024-04-11,2,354,18,2,900
6515,2024-01-11,4,354,12,5,600
9761,2024-07-16,2,354,18,5,900
7178,2024-02-05,1,355,7,4,350
1810,2023-06-14,15,355,7,4,350
6817,2024-01-22,2,355,18,2,900
8126,2024-03-06,1,355,7,4,350
10387,2024-10-01,3,355,5,5,250
1698,2023-06-04,10,355,36,2,1800
6386,2024-01-07,14,355,6.4,5,320
6970,2024-01-28,1,355,7,3,350
562,2023-02-23,16,355,10,2,500
710,2023-03-06,28,355,6,4,300
9390,2024-05-27,1,355,7,4,350
10359,2024-09-28,4,356,12,5,600
4729,2023-11-11,10,356,36,3,1800
7973,2024-03-02,1,356,7,2,350
1256,2023-04-26,16,356,10,4,500
3495,2023-09-29,23,356,5,2,250
9128,2024-05-01,2,356,18,5,900
9645,2024-06-30,4,356,12,4,600
10015,2024-08-16,1,356,7,4,350
1343,2023-05-03,4,356,12,5,600
1538,2023-05-20,7,356,30,4,1500
6601,2024-01-14,3,356,5,3,250
7203,2024-02-06,1,356,7,3,350
8973,2024-04-14,3,356,5,4,250
8440,2024-03-17,1,357,7,2,350
10033,2024-08-19,3,357,5,2,250
4442,2023-11-02,5,357,9,5,450
7266,2024-02-08,2,357,18,5,900
8209,2024-03-08,4,357,12,4,600
1505,2023-05-17,10,357,36,4,1800
2039,2023-07-08,26,357,18,2,900
2768,2023-09-06,24,357,10,2,500
7113,2024-02-02,3,357,5,3,250
9539,2024-06-17,2,357,18,2,900
9889,2024-08-03,3,357,5,2,250
5024,2023-11-21,7,358,30,3,1500
10279,2024-09-19,4,358,12,5,600
5437,2023-12-05,2,358,18,2,900
7244,2024-02-07,2,358,18,2,900
2454,2023-08-16,24,358,10,5,500
2403,2023-08-11,24,358,10,2,500
2785,2023-09-06,24,358,10,3,500
6619,2024-01-15,2,359,18,3,900
9891,2024-08-03,4,359,12,2,600
2557,2023-08-27,24,359,10,4,500
7423,2024-02-12,3,359,5,5,250
4149,2023-10-22,10,359,36,5,1800
6183,2023-12-31,14,359,6.4,4,320
6734,2024-01-19,3,359,5,5,250
879,2023-03-22,10,359,36,4,1800
1382,2023-05-06,13,359,9,5,450
7119,2024-02-02,4,359,12,4,600
7194,2024-02-05,4,360,12,2,600
4209,2023-10-24,8,360,15,5,750
4312,2023-10-28,5,360,9,3,450
4840,2023-11-15,2,360,18,4,900
9448,2024-06-04,2,360,18,2,900
1286,2023-04-28,13,360,9,5,450
4853,2023-11-15,8,360,15,3,750
4260,2023-10-26,10,360,36,2,1800
9449,2024-06-04,3,360,5,5,250
10117,2024-08-30,1,360,7,4,350
10381,2024-10-01,1,360,7,3,350
6017,2023-12-25,14,361,6.4,2,320
6503,2024-01-11,2,361,18,4,900
8400,2024-03-15,4,361,12,4,600
8660,2024-03-24,4,361,12,2,600
833,2023-03-17,6,361,24,5,1200
4821,2023-11-14,8,361,15,5,750
9406,2024-05-29,1,361,7,5,350
9988,2024-08-12,4,361,12,5,600
561,2023-02-23,11,361,11,2,550
856,2023-03-19,18,361,9,2,450
2425,2023-08-14,24,361,10,4,500
9716,2024-07-09,4,361,12,5,600
1249,2023-04-25,20,361,16,3,800
4687,2023-11-10,6,361,24,3,1200
6556,2024-01-13,1,361,7,2,350
7336,2024-02-10,2,362,18,4,900
8036,2024-03-03,2,362,18,4,900
975,2023-03-31,21,362,13,4,650
9040,2024-04-21,3,362,5,5,250
279,2023-01-29,12,362,6,4,300
4157,2023-10-22,11,362,11,5,550
5677,2023-12-14,1,362,7,2,350
5724,2023-12-16,1,362,7,5,350
6533,2024-01-12,3,362,5,4,250
8519,2024-03-19,3,362,5,2,250
1229,2023-04-23,22,362,8,3,400
1279,2023-04-28,6,362,24,4,1200
2833,2023-09-08,22,362,8,3,400
5091,2023-11-24,1,362,7,4,350
10383,2024-10-01,2,362,18,4,900
9095,2024-04-27,4,363,12,5,600
959,2023-03-30,25,363,12,5,600
4575,2023-11-06,5,363,9,5,450
5072,2023-11-23,6,363,24,5,1200
5370,2023-12-02,9,363,14,4,700
522,2023-02-20,15,363,7,5,350
739,2023-03-09,11,363,11,4,550
2214,2023-07-24,13,363,9,5,450
4081,2023-10-19,11,363,11,3,550
5928,2023-12-22,14,363,6.4,3,320
15,2023-01-02,25,363,12,4,600
5316,2023-12-01,8,363,15,3,750
7393,2024-02-11,4,363,12,3,600
7599,2024-02-18,4,363,12,4,600
4967,2023-11-19,6,364,24,2,1200
7243,2024-02-07,2,364,18,5,900
9229,2024-05-10,2,364,18,2,900
755,2023-03-10,22,364,8,3,400
1944,2023-07-01,1,364,7,2,350
4776,2023-11-13,4,364,12,5,600
9632,2024-06-29,2,364,18,3,900
98,2023-01-12,3,364,5,5,250
7023,2024-01-29,4,365,12,3,600
4889,2023-11-17,2,365,18,2,900
9656,2024-07-01,4,365,12,5,600
6470,2024-01-10,14,365,6.4,2,320
7396,2024-02-12,1,365,7,4,350
9522,2024-06-15,2,366,18,2,900
8542,2024-03-20,4,366,12,3,600
2741,2023-09-05,24,366,10,5,500
5675,2023-12-13,11,366,11,3,550
227,2023-01-24,14,366,6.4,4,320
4202,2023-10-24,5,366,9,2,450
5939,2023-12-22,14,366,6.4,4,320
4715,2023-11-11,4,367,12,3,600
7748,2024-02-24,3,367,5,3,250
9340,2024-05-23,1,367,7,2,350
9814,2024-07-23,3,367,5,5,250
2546,2023-08-26,24,367,10,5,500
2697,2023-09-04,24,367,10,2,500
10379,2024-09-30,4,367,12,4,600
2995,2023-09-13,23,367,5,4,250
6461,2024-01-09,14,367,6.4,3,320
6586,2024-01-13,4,367,12,2,600
7400,2024-02-12,1,367,7,2,350
128,2023-01-15,20,367,16,4,800
2492,2023-08-21,24,367,10,5,500
4854,2023-11-15,8,367,15,2,750
7803,2024-02-26,2,367,18,4,900
2157,2023-07-20,8,368,15,4,750
5667,2023-12-13,8,368,15,4,750
7613,2024-02-19,2,368,18,4,900
3179,2023-09-19,23,368,5,3,250
3288,2023-09-22,24,368,10,3,500
4047,2023-10-18,9,368,14,3,700
5397,2023-12-03,6,368,24,3,1200
7029,2024-01-30,1,368,7,5,350
7932,2024-03-01,2,368,18,2,900
9492,2024-06-10,3,368,5,2,250
1412,2023-05-09,4,368,12,2,600
5839,2023-12-19,14,368,6.4,2,320
9894,2024-08-03,4,368,12,2,600
4864,2023-11-15,11,369,11,4,550
6263,2024-01-03,14,369,6.4,2,320
9119,2024-05-01,1,369,7,3,350
9437,2024-06-02,1,369,7,3,350
10094,2024-08-27,1,369,7,5,350
4361,2023-10-30,5,369,9,4,450
6717,2024-01-18,4,369,12,3,600
8029,2024-03-03,1,369,7,4,350
254,2023-01-26,20,369,16,2,800
3731,2023-10-07,2,369,18,4,900
5984,2023-12-24,14,369,6.4,2,320
9508,2024-06-13,1,369,7,2,350
4285,2023-10-27,8,369,15,3,750
5369,2023-12-02,9,369,14,3,700
6513,2024-01-11,4,370,12,4,600
4974,2023-11-19,7,370,30,4,1500
6523,2024-01-12,1,370,7,5,350
6662,2024-01-16,4,370,12,4,600
6959,2024-01-27,3,370,5,5,250
7561,2024-02-17,3,370,5,3,250
168,2023-01-18,28,370,6,3,300
2350,2023-08-06,24,370,10,2,500
3899,2023-10-13,2,370,18,3,900
5420,2023-12-04,8,370,15,4,750
302,2023-01-30,23,370,5,5,250
3228,2023-09-21,21,370,13,2,650
6894,2024-01-25,2,370,18,5,900
10171,2024-09-06,1,371,7,2,350
8134,2024-03-06,2,371,18,3,900
2932,2023-09-10,24,371,10,3,500
917,2023-03-26,19,371,6,4,300
10194,2024-09-09,2,371,18,4,900
7888,2024-02-29,2,372,18,5,900
838,2023-03-17,18,372,9,5,450
1920,2023-06-28,12,372,6,2,300
3267,2023-09-22,22,372,8,5,400
5132,2023-11-25,11,372,11,4,550
1775,2023-06-10,20,372,16,4,800
1781,2023-06-11,4,372,12,4,600
2287,2023-07-31,9,372,14,4,700
2568,2023-08-28,24,372,10,4,500
5233,2023-11-29,6,372,24,3,1200
6132,2023-12-29,14,372,6.4,5,320
2526,2023-08-24,24,372,10,3,500
2975,2023-09-12,24,372,10,4,500
3870,2023-10-12,4,372,12,3,600
6757,2024-01-20,2,372,18,3,900
7485,2024-02-14,4,372,12,4,600
7809,2024-02-26,3,372,5,4,250
8743,2024-03-27,4,372,12,5,600
9160,2024-05-04,1,372,7,5,350
9310,2024-05-18,3,372,5,5,250
3690,2023-10-05,9,373,14,4,700
9023,2024-04-19,2,373,18,3,900
6445,2024-01-08,14,373,6.4,4,320
6783,2024-01-21,1,373,7,3,350
326,2023-02-01,12,373,6,5,300
3236,2023-09-21,22,373,8,3,400
3938,2023-10-14,4,373,12,5,600
5401,2023-12-03,9,373,14,3,700
6230,2024-01-01,14,373,6.4,5,320
8250,2024-03-10,2,373,18,2,900
8920,2024-04-07,1,373,7,3,350
9856,2024-07-29,3,374,5,3,250
1271,2023-04-27,17,374,12,3,600
3107,2023-09-17,23,374,5,2,250
3289,2023-09-22,24,374,10,2,500
3710,2023-10-06,7,374,30,4,1500
9580,2024-06-22,2,374,18,5,900
2349,2023-08-06,24,374,10,4,500
9927,2024-08-06,2,374,18,2,900
1716,2023-06-05,12,374,6,5,300
4951,2023-11-19,1,374,7,5,350
7037,2024-01-30,2,374,18,3,900
8988,2024-04-16,2,374,18,2,900
9467,2024-06-06,4,375,12,4,600
9479,2024-06-08,3,375,5,2,250
890,2023-03-23,14,375,6.4,2,320
5475,2023-12-07,1,375,7,4,350
5848,2023-12-19,14,375,6.4,3,320
6357,2024-01-05,14,375,6.4,4,320
8818,2024-03-30,2,375,18,5,900
9052,2024-04-22,4,375,12,2,600
33,2023-01-04,5,375,9,5,450
726,2023-03-08,2,375,18,3,900
820,2023-03-16,3,375,5,2,250
3850,2023-10-11,6,375,24,5,1200
5763,2023-12-17,5,375,9,4,450
9305,2024-05-17,3,375,5,3,250
6366,2024-01-06,14,376,6.4,5,320
6644,2024-01-16,1,376,7,2,350
9484,2024-06-09,2,376,18,2,900
775,2023-03-12,4,376,12,2,600
1971,2023-07-02,20,376,16,2,800
2257,2023-07-28,14,376,6.4,4,320
7394,2024-02-12,1,376,7,2,350
8300,2024-03-12,2,376,18,3,900
9511,2024-06-13,3,376,5,3,250
1425,2023-05-09,28,376,6,5,300
2911,2023-09-10,22,376,8,3,400
5260,2023-11-30,3,376,5,5,250
5463,2023-12-06,5,376,9,2,450
9360,2024-05-24,4,376,12,4,600
1522,2023-05-18,18,376,9,4,450
7031,2024-01-30,2,377,18,4,900
1683,2023-06-03,5,377,9,4,450
1706,2023-06-04,17,377,12,4,600
9765,2024-07-17,2,377,18,4,900
10077,2024-08-24,2,377,18,4,900
5083,2023-11-23,9,377,14,5,700
6415,2024-01-08,14,377,6.4,2,320
7870,2024-02-28,3,377,5,3,250
6902,2024-01-25,3,378,5,5,250
9709,2024-07-08,4,378,12,4,600
589,2023-02-25,24,378,10,4,500
8055,2024-03-04,1,378,7,3,350
9548,2024-06-18,1,378,7,3,350
1566,2023-05-22,28,378,6,5,300
3171,2023-09-19,22,378,8,4,400
7063,2024-01-31,3,378,5,5,250
8961,2024-04-13,1,378,7,4,350
8998,2024-04-17,1,378,7,3,350
9150,2024-05-03,1,378,7,3,350
148,2023-01-17,9,378,14,4,700
3966,2023-10-15,4,378,12,5,600
7328,2024-02-10,1,378,7,2,350
9972,2024-08-11,2,378,18,3,900
2152,2023-07-19,24,379,10,2,500
7186,2024-02-05,2,379,18,3,900
7880,2024-02-28,4,379,12,2,600
1789,2023-06-11,14,379,6.4,3,320
2213,2023-07-24,10,379,36,3,1800
6861,2024-01-24,1,379,7,2,350
5563,2023-12-09,7,379,30,4,1500
7989,2024-03-02,2,379,18,5,900
10146,2024-09-03,4,379,12,5,600
8777,2024-03-28,4,380,12,2,600
1705,2023-06-04,17,380,12,3,600
2748,2023-09-05,24,380,10,4,500
5342,2023-12-01,11,380,11,5,550
6151,2023-12-29,14,380,6.4,3,320
8118,2024-03-05,4,380,12,3,600
8549,2024-03-21,1,380,7,4,350
8877,2024-04-02,1,380,7,2,350
8342,2024-03-14,1,381,7,5,350
846,2023-03-18,7,381,30,2,1500
4323,2023-10-28,9,381,14,4,700
6344,2024-01-05,14,381,6.4,3,320
5303,2023-12-01,5,382,9,2,450
5831,2023-12-19,10,382,36,3,1800
9518,2024-06-14,4,382,12,5,600
5790,2023-12-18,4,382,12,3,600
7324,2024-02-10,1,382,7,2,350
9836,2024-07-26,4,382,12,4,600
1073,2023-04-09,2,382,18,4,900
2724,2023-09-05,24,382,10,3,500
8830,2024-03-30,4,382,12,5,600
10289,2024-09-20,3,382,5,4,250
9053,2024-04-22,4,383,12,3,600
6227,2024-01-01,14,383,6.4,3,320
8509,2024-03-19,2,383,18,4,900
119,2023-01-14,18,383,9,5,450
1451,2023-05-12,14,383,6.4,3,320
2402,2023-08-11,24,383,10,2,500
3103,2023-09-17,23,383,5,5,250
5966,2023-12-23,14,383,6.4,3,320
9141,2024-05-01,4,383,12,4,600
8984,2024-04-15,4,384,12,3,600
8398,2024-03-15,4,384,12,4,600
10053,2024-08-22,1,384,7,4,350
6840,2024-01-23,2,384,18,4,900
8069,2024-03-04,3,385,5,3,250
24,2023-01-03,13,385,9,5,450
1020,2023-04-04,1,385,7,3,350
6762,2024-01-20,3,385,5,3,250
2142,2023-07-18,25,385,12,3,600
3947,2023-10-14,8,385,15,4,750
4148,2023-10-22,9,385,14,2,700
7687,2024-02-22,1,385,7,2,350
6695,2024-01-18,1,385,7,5,350
294,2023-01-30,9,386,14,5,700
3066,2023-09-16,21,386,13,4,650
4669,2023-11-09,9,386,14,2,700
4941,2023-11-18,10,386,36,3,1800
6590,2024-01-14,1,386,7,3,350
8161,2024-03-07,2,386,18,3,900
10144,2024-09-03,3,386,5,3,250
1637,2023-05-30,10,386,36,5,1800
3782,2023-10-09,2,386,18,4,900
4508,2023-11-04,6,386,24,5,1200
4851,2023-11-15,7,386,30,2,1500
7566,2024-02-17,4,386,12,2,600
8484,2024-03-18,4,386,12,3,600
9776,2024-07-18,4,386,12,4,600
2460,2023-08-17,24,386,10,4,500
8325,2024-03-13,2,386,18,5,900
9121,2024-05-01,2,386,18,2,900
7756,2024-02-24,4,387,12,5,600
1542,2023-05-21,1,387,7,3,350
5694,2023-12-14,8,387,15,4,750
5837,2023-12-19,14,387,6.4,5,320
9597,2024-06-24,1,387,7,4,350
5107,2023-11-24,10,388,36,2,1800
8453,2024-03-17,3,388,5,5,250
8462,2024-03-17,4,388,12,2,600
9327,2024-05-20,4,388,12,2,600
9791,2024-07-20,2,388,18,3,900
514,2023-02-19,28,388,6,3,300
2869,2023-09-09,22,388,8,3,400
9060,2024-04-23,3,388,5,2,250
10085,2024-08-25,4,388,12,5,600
1831,2023-06-16,4,388,12,2,600
10378,2024-09-30,4,388,12,4,600
4593,2023-11-07,1,388,7,3,350
8746,2024-03-28,1,388,7,5,350
9941,2024-08-08,2,388,18,3,900
5151,2023-11-26,5,389,9,2,450
9936,2024-08-07,3,389,5,3,250
5380,2023-12-03,2,389,18,2,900
8901,2024-04-04,4,389,12,3,600
9324,2024-05-20,2,390,18,5,900
746,2023-03-09,22,390,8,5,400
2406,2023-08-12,24,390,10,3,500
3881,2023-10-12,7,390,30,5,1500
4785,2023-11-13,7,390,30,3,1500
6451,2024-01-09,14,390,6.4,2,320
7150,2024-02-04,1,390,7,5,350
2071,2023-07-12,3,390,5,2,250
4660,2023-11-09,6,390,24,5,1200
8068,2024-03-04,2,391,18,3,900
8218,2024-03-09,2,391,18,5,900
2,2023-01-01,3,391,5,2,250
675,2023-03-04,1,391,7,2,350
8120,2024-03-05,4,391,12,5,600
9727,2024-07-11,1,391,7,3,350
1386,2023-05-06,20,391,16,5,800
2451,2023-08-16,24,391,10,4,500
5285,2023-12-01,2,391,18,4,900
6658,2024-01-16,4,391,12,4,600
7624,2024-02-19,4,391,12,2,600
9164,2024-05-04,2,391,18,5,900
9744,2024-07-13,3,391,5,5,250
1945,2023-07-01,2,391,18,3,900
3556,2023-10-01,23,391,5,5,250
6147,2023-12-29,14,391,6.4,3,320
9922,2024-08-06,1,391,7,5,350
7410,2024-02-12,2,392,18,2,900
8339,2024-03-13,4,392,12,5,600
9404,2024-05-28,4,392,12,2,600
9911,2024-08-05,2,392,18,3,900
172,2023-01-19,6,392,24,4,1200
410,2023-02-09,24,392,10,4,500
3378,2023-09-25,24,392,10,2,500
6107,2023-12-28,14,392,6.4,5,320
9496,2024-06-11,3,392,5,4,250
2596,2023-08-31,24,392,10,5,500
3688,2023-10-05,9,392,14,4,700
5965,2023-12-23,14,392,6.4,3,320
7166,2024-02-04,4,393,12,3,600
9283,2024-05-15,4,393,12,2,600
723,2023-03-07,27,393,4,3,200
2641,2023-09-02,24,393,10,3,500
3955,2023-10-14,11,393,11,3,550
5769,2023-12-17,8,393,15,5,750
7479,2024-02-14,3,393,5,3,250
2496,2023-08-21,24,393,10,5,500
5274,2023-11-30,10,393,36,2,1800
6563,2024-01-13,2,393,18,2,900
7097,2024-02-01,4,393,12,3,600
2963,2023-09-12,22,393,8,2,400
9002,2024-04-17,3,394,5,4,250
5395,2023-12-03,6,394,24,5,1200
6641,2024-01-16,1,394,7,5,350
6705,2024-01-18,2,394,18,4,900
6863,2024-01-24,1,394,7,4,350
1756,2023-06-08,17,394,12,3,600
3655,2023-10-04,8,394,15,4,750
4175,2023-10-23,6,394,24,2,1200
7239,2024-02-07,2,394,18,2,900
9163,2024-05-04,1,394,7,2,350
843,2023-03-18,2,394,18,5,900
1701,2023-06-04,12,394,6,3,300
4922,2023-11-18,4,394,12,4,600
5410,2023-12-04,4,394,12,3,600
6326,2024-01-05,14,394,6.4,2,320
5060,2023-11-22,11,395,11,4,550
6499,2024-01-11,1,395,7,5,350
7144,2024-02-03,4,395,12,2,600
1183,2023-04-20,1,395,7,4,350
2503,2023-08-22,24,395,10,5,500
1955,2023-07-01,15,395,7,2,350
3745,2023-10-07,5,395,9,5,450
3790,2023-10-09,4,395,12,2,600
758,2023-03-10,25,395,12,4,600
2815,2023-09-07,24,395,10,5,500
3124,2023-09-18,21,395,13,2,650
3789,2023-10-09,4,395,12,4,600
3948,2023-10-14,8,395,15,3,750
6680,2024-01-17,3,396,5,2,250
6949,2024-01-27,1,396,7,2,350
9032,2024-04-20,2,396,18,4,900
5773,2023-12-17,10,396,36,3,1800
10046,2024-08-21,1,396,7,2,350
1019,2023-04-03,28,396,6,4,300
1107,2023-04-11,26,396,18,4,900
2461,2023-08-17,24,396,10,2,500
3212,2023-09-20,23,396,5,4,250
4231,2023-10-25,8,396,15,2,750
4774,2023-11-13,3,396,5,2,250
6516,2024-01-11,14,396,6.4,2,320
6908,2024-01-26,1,396,7,2,350
4588,2023-11-06,11,397,11,3,550
10187,2024-09-08,1,397,7,3,350
7769,2024-02-25,2,397,18,3,900
9970,2024-08-11,1,397,7,5,350
8130,2024-03-06,1,397,7,5,350
9502,2024-06-12,2,397,18,4,900
5139,2023-11-26,2,398,18,3,900
8263,2024-03-11,1,398,7,3,350
8943,2024-04-10,4,398,12,5,600
1324,2023-05-01,21,398,13,4,650
2453,2023-08-16,24,398,10,4,500
3570,2023-10-01,24,398,10,4,500
3864,2023-10-12,1,398,7,4,350
38,2023-01-04,27,398,4,2,200
897,2023-03-24,11,398,11,5,550
7384,2024-02-11,3,398,5,3,250
6329,2024-01-05,14,399,6.4,2,320
7501,2024-02-15,3,399,5,5,250
5792,2023-12-18,4,399,12,5,600
8399,2024-03-15,4,399,12,2,600
10310,2024-09-23,3,399,5,5,250
669,2023-03-03,22,399,8,5,400
1678,2023-06-02,19,399,6,5,300
2114,2023-07-16,14,399,6.4,5,320
4900,2023-11-17,7,399,30,4,1500
6235,2024-01-02,14,399,6.4,5,320
7873,2024-02-28,3,399,5,5,250
4835,2023-11-15,1,400,7,3,350
4896,2023-11-17,5,400,9,4,450
5474,2023-12-07,1,400,7,5,350
9587,2024-06-23,2,400,18,2,900
280,2023-01-29,14,400,6.4,3,320
965,2023-03-31,5,400,9,5,450
5661,2023-12-13,5,400,9,2,450
9805,2024-07-22,2,400,18,2,900
10020,2024-08-16,4,400,12,4,600
531,2023-02-21,16,400,10,4,500
3687,2023-10-05,9,400,14,4,700
5554,2023-12-09,4,400,12,2,600
6193,2023-12-31,14,400,6.4,2,320
8515,2024-03-19,2,400,18,2,900
7667,2024-02-21,3,401,5,2,250
9714,2024-07-09,3,401,5,2,250
10143,2024-09-03,3,401,5,4,250
5135,2023-11-25,11,401,11,5,550
5488,2023-12-07,5,401,9,2,450
6150,2023-12-29,14,401,6.4,3,320
7071,2024-01-31,3,401,5,2,250
7728,2024-02-23,4,401,12,2,600
1818,2023-06-14,28,401,6,3,300
9870,2024-08-01,1,401,7,5,350
8008,2024-03-02,3,402,5,2,250
6740,2024-01-19,3,402,5,2,250
6986,2024-01-28,4,402,12,2,600
103,2023-01-12,18,402,9,2,450
2485,2023-08-19,24,402,10,3,500
3600,2023-10-02,21,402,13,5,650
5423,2023-12-04,8,402,15,5,750
5673,2023-12-13,11,402,11,3,550
6280,2024-01-03,14,402,6.4,3,320
4481,2023-11-03,6,402,24,4,1200
5430,2023-12-04,11,402,11,3,550
6836,2024-01-23,1,402,7,4,350
8821,2024-03-30,3,402,5,4,250
2524,2023-08-24,24,403,10,5,500
2783,2023-09-06,24,403,10,5,500
2832,2023-09-08,22,403,8,2,400
2898,2023-09-10,21,403,13,3,650
3347,2023-09-24,24,403,10,2,500
3160,2023-09-18,24,403,10,2,500
2854,2023-09-09,21,403,13,4,650
8531,2024-03-20,1,403,7,4,350
10101,2024-08-27,4,403,12,3,600
512,2023-02-19,22,404,8,5,400
3587,2023-10-02,6,404,24,2,1200
6505,2024-01-11,2,404,18,4,900
7126,2024-02-03,2,404,18,4,900
8097,2024-03-05,2,404,18,2,900
9789,2024-07-20,1,404,7,3,350
2672,2023-09-03,24,404,10,2,500
3017,2023-09-14,23,404,5,2,250
3596,2023-10-02,11,404,11,2,550
8109,2024-03-05,3,404,5,5,250
9565,2024-06-20,3,404,5,3,250
6148,2023-12-29,14,405,6.4,5,320
6401,2024-01-07,14,405,6.4,4,320
7463,2024-02-13,4,405,12,5,600
7518,2024-02-16,1,405,7,4,350
10121,2024-08-31,1,405,7,2,350
2420,2023-08-13,24,405,10,2,500
5104,2023-11-24,9,405,14,5,700
5564,2023-12-09,8,405,15,2,750
8194,2024-03-08,2,405,18,4,900
8752,2024-03-28,2,405,18,5,900
1658,2023-06-01,10,405,36,2,1800
6509,2024-01-11,3,405,5,5,250
10131,2024-09-01,3,406,5,5,250
4637,2023-11-08,9,406,14,5,700
2424,2023-08-14,24,406,10,2,500
8684,2024-03-25,3,406,5,2,250
2703,2023-09-04,24,406,10,5,500
3801,2023-10-09,8,406,15,4,750
4824,2023-11-14,9,407,14,3,700
9154,2024-05-03,2,407,18,3,900
2413,2023-08-12,24,407,10,3,500
6753,2024-01-20,2,407,18,4,900
8058,2024-03-04,1,407,7,2,350
2475,2023-08-19,24,407,10,5,500
3535,2023-10-01,21,407,13,4,650
5379,2023-12-03,2,408,18,5,900
2415,2023-08-13,24,408,10,4,500
762,2023-03-10,26,408,18,4,900
6664,2024-01-16,4,408,12,5,600
8220,2024-03-09,2,408,18,4,900
1248,2023-04-25,18,408,9,5,450
2143,2023-07-18,25,408,12,5,600
3499,2023-09-29,24,408,10,4,500
5487,2023-12-07,5,409,9,5,450
2517,2023-08-23,24,409,10,5,500
3130,2023-09-18,22,409,8,5,400
5127,2023-11-25,9,409,14,2,700
138,2023-01-16,7,409,30,4,1500
5801,2023-12-18,7,409,30,5,1500
9849,2024-07-28,2,409,18,3,900
10088,2024-08-26,2,409,18,2,900
5047,2023-11-22,5,409,9,3,450
9269,2024-05-14,2,409,18,3,900
4655,2023-11-09,4,410,12,3,600
5759,2023-12-17,3,410,5,5,250
7327,2024-02-10,1,410,7,5,350
9012,2024-04-18,3,410,5,5,250
1956,2023-07-01,16,410,10,5,500
3465,2023-09-28,24,410,10,4,500
6448,2024-01-09,14,410,6.4,4,320
6353,2024-01-05,14,410,6.4,2,320
8365,2024-03-14,3,410,5,5,250
7234,2024-02-07,1,410,7,5,350
8882,2024-04-02,3,410,5,5,250
3255,2023-09-22,21,411,13,5,650
5688,2023-12-14,6,411,24,2,1200
3326,2023-09-24,21,411,13,3,650
4680,2023-11-10,4,411,12,5,600
5446,2023-12-05,6,411,24,4,1200
7647,2024-02-20,4,411,12,5,600
7961,2024-03-01,4,411,12,2,600
5640,2023-12-12,5,411,9,3,450
9441,2024-06-02,4,411,12,4,600
6524,2024-01-12,1,412,7,2,350
7121,2024-02-02,4,412,12,3,600
7657,2024-02-21,2,412,18,2,900
5497,2023-12-07,9,412,14,3,700
5540,2023-12-08,10,413,36,3,1800
4775,2023-11-13,4,413,12,2,600
7177,2024-02-05,1,413,7,2,350
995,2023-04-02,13,413,9,2,450
4128,2023-10-22,2,413,18,5,900
5076,2023-11-23,8,413,15,3,750
8173,2024-03-07,4,413,12,3,600
4631,2023-11-08,5,414,9,4,450
6095,2023-12-28,14,414,6.4,5,320
2215,2023-07-24,19,414,6,3,300
2329,2023-08-03,24,414,10,5,500
5804,2023-12-18,8,414,15,3,750
2918,2023-09-10,23,414,5,2,250
5480,2023-12-07,4,414,12,2,600
8969,2024-04-13,3,414,5,4,250
5706,2023-12-15,4,415,12,3,600
7847,2024-02-27,3,415,5,2,250
7356,2024-02-11,1,415,7,5,350
8375,2024-03-15,1,415,7,4,350
10013,2024-08-15,4,415,12,3,600
3761,2023-10-07,10,415,36,4,1800
4222,2023-10-25,2,415,18,3,900
5169,2023-11-27,3,415,5,3,250
5662,2023-12-13,6,415,24,2,1200
9072,2024-04-24,4,415,12,2,600
3861,2023-10-11,11,415,11,3,550
6125,2023-12-29,14,416,6.4,2,320
6240,2024-01-02,14,416,6.4,5,320
6553,2024-01-12,4,416,12,3,600
9395,2024-05-28,1,416,7,2,350
2786,2023-09-06,24,416,10,4,500
3551,2023-10-01,23,416,5,3,250
8730,2024-03-27,2,416,18,5,900
9930,2024-08-06,4,416,12,2,600
6266,2024-01-03,14,416,6.4,4,320
88,2023-01-10,28,417,6,4,300
6676,2024-01-17,2,417,18,2,900
7696,2024-02-22,3,417,5,2,250
8392,2024-03-15,3,417,5,3,250
1409,2023-05-08,27,417,4,3,200
4744,2023-11-12,4,417,12,5,600
5142,2023-11-26,3,417,5,4,250
5157,2023-11-26,9,417,14,5,700
8950,2024-04-11,3,417,5,5,250
7481,2024-02-14,3,417,5,3,250
7680,2024-02-22,1,417,7,2,350
10303,2024-09-22,1,417,7,3,350
6200,2023-12-31,14,418,6.4,3,320
6688,2024-01-18,1,418,7,5,350
8656,2024-03-24,3,418,5,5,250
9451,2024-06-04,3,418,5,2,250
2059,2023-07-11,1,418,7,3,350
3050,2023-09-15,23,418,5,2,250
3965,2023-10-15,3,418,5,3,250
5782,2023-12-18,1,418,7,4,350
2781,2023-09-06,24,418,10,4,500
7318,2024-02-09,4,418,12,4,600
4096,2023-10-20,9,418,14,3,700
7598,2024-02-18,4,418,12,2,600
6722,2024-01-19,1,419,7,4,350
10238,2024-09-14,2,419,18,2,900
41,2023-01-05,11,419,11,4,550
53,2023-01-06,16,419,10,3,500
1916,2023-06-27,20,419,16,5,800
4176,2023-10-23,6,419,24,4,1200
9275,2024-05-14,4,419,12,2,600
973,2023-03-31,18,419,9,3,450
4703,2023-11-10,11,419,11,5,550
6876,2024-01-24,3,419,5,5,250
365,2023-02-05,13,419,9,5,450
6673,2024-01-17,2,419,18,4,900
3223,2023-09-20,24,420,10,2,500
956,2023-03-30,19,420,6,2,300
10331,2024-09-25,3,420,5,3,250
6030,2023-12-25,14,421,6.4,4,320
6709,2024-01-18,3,421,5,2,250
9207,2024-05-08,2,421,18,4,900
9699,2024-07-07,4,421,12,5,600
218,2023-01-24,3,421,5,2,250
602,2023-02-26,20,421,16,3,800
3727,2023-10-07,1,421,7,5,350
6062,2023-12-26,14,421,6.4,3,320
943,2023-03-29,20,421,16,2,800
4122,2023-10-21,10,421,36,2,1800
443,2023-02-13,5,421,9,2,450
1234,2023-04-24,8,421,15,2,750
9748,2024-07-14,2,421,18,2,900
6002,2023-12-24,14,422,6.4,3,320
6270,2024-01-03,14,422,6.4,4,320
2788,2023-09-07,21,422,13,4,650
4146,2023-10-22,9,422,14,5,700
4234,2023-10-25,8,422,15,3,750
9247,2024-05-11,4,422,12,2,600
2331,2023-08-04,24,422,10,3,500
7232,2024-02-07,1,422,7,5,350
7220,2024-02-06,4,422,12,3,600
5109,2023-11-24,11,423,11,5,550
7397,2024-02-12,1,423,7,3,350
8687,2024-03-25,3,423,5,2,250
9124,2024-05-01,2,423,18,4,900
4102,2023-10-20,11,423,11,4,550
6491,2024-01-10,14,423,6.4,2,320
9730,2024-07-11,3,423,5,2,250
9764,2024-07-17,1,423,7,3,350
4633,2023-11-08,6,423,24,5,1200
4608,2023-11-07,10,424,36,3,1800
6267,2024-01-03,14,424,6.4,5,320
6754,2024-01-20,2,424,18,2,900
7805,2024-02-26,2,424,18,3,900
10099,2024-08-27,2,424,18,5,900
8154,2024-03-07,1,424,7,4,350
8302,2024-03-12,2,424,18,4,900
184,2023-01-20,13,424,9,5,450
3669,2023-10-05,2,424,18,5,900
4589,2023-11-06,11,424,11,5,550
7910,2024-02-29,4,424,12,3,600
417,2023-02-10,6,424,24,3,1200
2000,2023-07-05,14,424,6.4,2,320
8123,2024-03-06,1,424,7,5,350
9464,2024-06-06,2,424,18,5,900
5165,2023-11-27,2,425,18,3,900
8963,2024-04-13,2,425,18,4,900
386,2023-02-07,15,425,7,2,350
7625,2024-02-19,4,425,12,3,600
9048,2024-04-22,2,425,18,2,900
9420,2024-05-30,4,425,12,2,600
4466,2023-11-03,1,425,7,2,350
6153,2023-12-29,14,425,6.4,5,320
6885,2024-01-25,1,425,7,3,350
9349,2024-05-23,4,425,12,4,600
7629,2024-02-20,1,426,7,4,350
7720,2024-02-23,2,426,18,4,900
3621,2023-10-03,7,426,30,5,1500
5897,2023-12-21,14,426,6.4,4,320
7235,2024-02-07,1,426,7,3,350
8763,2024-03-28,3,426,5,3,250
240,2023-01-25,13,426,9,5,450
7435,2024-02-12,4,426,12,2,600
8095,2024-03-05,2,427,18,2,900
8917,2024-04-06,4,427,12,3,600
106,2023-01-12,24,427,10,3,500
10025,2024-08-18,1,427,7,3,350
5250,2023-11-29,11,427,11,2,550
585,2023-02-25,14,427,6.4,2,320
3337,2023-09-24,23,427,5,5,250
3812,2023-10-10,2,427,18,3,900
4240,2023-10-26,2,427,18,4,900
6537,2024-01-12,3,427,5,5,250
8662,2024-03-24,4,427,12,5,600
9735,2024-07-12,3,427,5,2,250
9958,2024-08-10,1,427,7,5,350
7349,2024-02-10,4,428,12,3,600
7573,2024-02-18,1,428,7,3,350
9725,2024-07-10,3,428,5,2,250
4452,2023-11-02,9,428,14,2,700
7757,2024-02-24,4,428,12,5,600
724,2023-03-07,28,428,6,2,300
3070,2023-09-16,22,428,8,5,400
6595,2024-01-14,1,428,7,5,350
7793,2024-02-25,4,428,12,4,600
8726,2024-03-27,2,428,18,5,900
9147,2024-05-02,3,428,5,4,250
3988,2023-10-16,3,428,5,2,250
4910,2023-11-18,1,428,7,3,350
7034,2024-01-30,2,428,18,4,900
7081,2024-02-01,2,428,18,5,900
9230,2024-05-10,2,428,18,4,900
8266,2024-03-11,1,429,7,5,350
3106,2023-09-17,23,429,5,3,250
7061,2024-01-31,3,429,5,3,250
1986,2023-07-03,23,429,5,3,250
2712,2023-09-04,24,429,10,2,500
4478,2023-11-03,6,429,24,3,1200
7325,2024-02-10,1,429,7,3,350
8423,2024-03-16,4,429,12,4,600
654,2023-03-02,21,429,13,3,650
1055,2023-04-07,18,429,9,3,450
3351,2023-09-25,21,429,13,2,650
3886,2023-10-12,8,429,15,2,750
5525,2023-12-08,6,429,24,2,1200
9886,2024-08-03,1,429,7,2,350
613,2023-02-27,19,430,6,4,300
1823,2023-06-15,13,430,9,3,450
4874,2023-11-16,4,430,12,2,600
8204,2024-03-08,4,430,12,5,600
988,2023-04-01,24,430,10,5,500
1666,2023-06-01,27,430,4,3,200
4997,2023-11-20,6,430,24,4,1200
6719,2024-01-19,1,430,7,2,350
7147,2024-02-03,4,430,12,4,600
2681,2023-09-03,24,430,10,5,500
4195,2023-10-24,3,430,5,3,250
4829,2023-11-14,10,430,36,2,1800
8234,2024-03-09,4,430,12,3,600
5382,2023-12-03,2,431,18,2,900
5766,2023-12-17,6,431,24,2,1200
6214,2024-01-01,14,431,6.4,2,320
9398,2024-05-28,1,431,7,3,350
161,2023-01-18,11,431,11,3,550
4667,2023-11-09,8,431,15,3,750
7042,2024-01-30,3,431,5,3,250
8667,2024-03-24,4,431,12,5,600
8899,2024-04-04,3,431,5,4,250
9554,2024-06-19,1,431,7,3,350
1612,2023-05-27,16,432,10,4,500
3844,2023-10-11,3,432,5,3,250
4272,2023-10-27,4,432,12,2,600
5384,2023-12-03,3,432,5,4,250
5555,2023-12-09,4,432,12,3,600
2946,2023-09-11,23,432,5,2,250
3701,2023-10-06,3,432,5,4,250
5280,2023-12-01,1,432,7,5,350
10242,2024-09-14,3,432,5,2,250
7233,2024-02-07,1,433,7,3,350
9366,2024-05-25,2,433,18,3,900
3269,2023-09-22,22,433,8,5,400
4563,2023-11-06,2,433,18,2,900
4676,2023-11-10,2,433,18,4,900
545,2023-02-22,13,433,9,3,450
8215,2024-03-09,1,433,7,4,350
4257,2023-10-26,8,433,15,4,750
4733,2023-11-11,11,433,11,4,550
8747,2024-03-28,1,433,7,4,350
8861,2024-03-31,4,434,12,5,600
2285,2023-07-31,5,434,9,4,450
4988,2023-11-20,3,434,5,2,250
6962,2024-01-27,3,434,5,2,250
586,2023-02-25,15,434,7,2,350
2228,2023-07-25,19,434,6,4,300
5262,2023-11-30,3,434,5,3,250
5912,2023-12-22,14,434,6.4,4,320
7417,2024-02-12,3,434,5,4,250
7842,2024-02-27,3,434,5,4,250
857,2023-03-19,21,435,13,5,650
5035,2023-11-22,1,435,7,5,350
8007,2024-03-02,3,435,5,3,250
8341,2024-03-13,4,435,12,2,600
9307,2024-05-17,4,435,12,5,600
9848,2024-07-28,2,435,18,4,900
1759,2023-06-08,27,435,4,4,200
2522,2023-08-23,24,435,10,3,500
6080,2023-12-27,14,435,6.4,2,320
1326,2023-05-01,24,435,10,5,500
4862,2023-11-15,10,435,36,4,1800
8681,2024-03-25,2,435,18,3,900
9569,2024-06-21,2,435,18,5,900
1360,2023-05-04,12,436,6,3,300
2457,2023-08-17,24,436,10,3,500
4020,2023-10-17,8,436,15,5,750
6607,2024-01-14,4,436,12,2,600
8488,2024-03-18,4,436,12,2,600
354,2023-02-03,10,436,36,5,1800
7405,2024-02-12,2,436,18,4,900
7822,2024-02-27,1,436,7,5,350
9239,2024-05-11,1,436,7,3,350
5566,2023-12-09,9,436,14,5,700
6278,2024-01-03,14,436,6.4,2,320
7524,2024-02-16,1,437,7,5,350
3714,2023-10-06,9,437,14,4,700
4244,2023-10-26,3,437,5,2,250
7691,2024-02-22,2,437,18,5,900
8132,2024-03-06,1,437,7,5,350
9295,2024-05-16,4,437,12,5,600
3928,2023-10-14,2,437,18,4,900
8967,2024-04-13,3,437,5,5,250
9331,2024-05-21,2,437,18,5,900
9510,2024-06-13,2,438,18,3,900
9898,2024-08-04,2,438,18,5,900
5008,2023-11-20,11,438,11,4,550
7811,2024-02-26,3,438,5,5,250
5321,2023-12-01,9,438,14,4,700
5570,2023-12-09,10,438,36,4,1800
6803,2024-01-21,4,438,12,3,600
2602,2023-08-31,24,438,10,4,500
3152,2023-09-18,24,438,10,3,500
7006,2024-01-29,2,438,18,5,900
6390,2024-01-07,14,439,6.4,2,320
5175,2023-11-27,5,439,9,2,450
9992,2024-08-13,1,439,7,2,350
4109,2023-10-21,3,439,5,3,250
4328,2023-10-28,11,439,11,4,550
9127,2024-05-01,2,439,18,4,900
10133,2024-09-02,2,439,18,2,900
167,2023-01-18,27,439,4,3,200
4897,2023-11-17,5,440,9,3,450
2398,2023-08-11,24,440,10,5,500
4057,2023-10-19,1,440,7,4,350
6545,2024-01-12,4,440,12,4,600
10066,2024-08-22,4,440,12,2,600
1549,2023-05-21,20,440,16,2,800
9282,2024-05-15,4,440,12,5,600
8114,2024-03-05,3,440,5,3,250
9637,2024-06-29,4,440,12,2,600
4627,2023-11-08,4,441,12,3,600
5000,2023-11-20,7,441,30,4,1500
6264,2024-01-03,14,441,6.4,4,320
7440,2024-02-13,1,441,7,3,350
8512,2024-03-19,2,441,18,5,900
1650,2023-05-31,21,441,13,4,650
2100,2023-07-14,27,441,4,5,200
8014,2024-03-02,4,441,12,4,600
8081,2024-03-04,4,441,12,4,600
1815,2023-06-14,26,441,18,5,900
3138,2023-09-18,23,441,5,2,250
3451,2023-09-28,22,441,8,2,400
7226,2024-02-06,4,441,12,5,600
8411,2024-03-16,2,441,18,5,900
3704,2023-10-06,4,442,12,3,600
9977,2024-08-11,3,442,5,4,250
3164,2023-09-19,21,442,13,3,650
7934,2024-03-01,2,442,18,3,900
10208,2024-09-11,3,442,5,5,250
1969,2023-07-02,13,442,9,3,450
4172,2023-10-23,5,442,9,2,450
9205,2024-05-08,1,442,7,2,350
5875,2023-12-20,14,443,6.4,4,320
6866,2024-01-24,1,443,7,4,350
873,2023-03-21,22,443,8,3,400
2429,2023-08-14,24,443,10,5,500
6733,2024-01-19,3,443,5,5,250
3210,2023-09-20,23,443,5,3,250
5767,2023-12-17,7,443,30,4,1500
9103,2024-04-28,4,443,12,2,600
9409,2024-05-29,4,443,12,5,600
9802,2024-07-22,1,443,7,4,350
9179,2024-05-05,4,444,12,5,600
5642,2023-12-12,6,444,24,2,1200
1872,2023-06-21,24,444,10,2,500
5988,2023-12-24,14,444,6.4,2,320
7684,2024-02-22,1,444,7,5,350
8157,2024-03-07,1,444,7,4,350
5235,2023-11-29,6,445,24,5,1200
5284,2023-12-01,2,445,18,3,900
5937,2023-12-22,14,445,6.4,2,320
9224,2024-05-09,4,445,12,5,600
991,2023-04-02,1,445,7,5,350
4191,2023-10-23,10,445,36,2,1800
1446,2023-05-12,2,445,18,3,900
1864,2023-06-20,25,445,12,2,600
5409,2023-12-04,4,445,12,4,600
60,2023-01-07,12,445,6,2,300
3721,2023-10-06,11,445,11,3,550
9149,2024-05-02,4,445,12,3,600
9288,2024-05-16,1,445,7,2,350
10022,2024-08-17,1,445,7,3,350
4578,2023-11-06,6,446,24,3,1200
7551,2024-02-17,2,446,18,2,900
8232,2024-03-09,3,446,5,2,250
8645,2024-03-24,2,446,18,3,900
9456,2024-06-05,2,446,18,4,900
9603,2024-06-25,1,446,7,5,350
8853,2024-03-31,3,446,5,3,250
8712,2024-03-26,3,446,5,5,250
5551,2023-12-09,3,447,5,3,250
6453,2024-01-09,14,447,6.4,3,320
930,2023-03-28,5,447,9,3,450
3479,2023-09-29,21,447,13,5,650
6222,2024-01-01,14,447,6.4,2,320
6716,2024-01-18,4,447,12,3,600
7813,2024-02-26,3,447,5,4,250
247,2023-01-26,9,447,14,3,700
7635,2024-02-20,2,447,18,4,900
7968,2024-03-02,1,447,7,3,350
9650,2024-07-01,3,447,5,5,250
1207,2023-04-22,8,447,15,3,750
4887,2023-11-17,1,447,7,3,350
7443,2024-02-13,2,447,18,5,900
9780,2024-07-19,2,447,18,4,900
8960,2024-04-13,1,448,7,2,350
1903,2023-06-25,18,448,9,2,450
5589,2023-12-10,6,448,24,3,1200
1375,2023-05-05,27,448,4,3,200
3700,2023-10-06,3,448,5,4,250
693,2023-03-05,7,448,30,3,1500
1512,2023-05-17,23,448,5,2,250
6419,2024-01-08,14,448,6.4,3,320
8500,2024-03-19,1,448,7,3,350
4169,2023-10-23,5,449,9,3,450
854,2023-03-19,9,449,14,2,700
1261,2023-04-26,22,449,8,4,400
4380,2023-10-31,6,449,24,5,1200
5003,2023-11-20,9,449,14,3,700
5368,2023-12-02,9,449,14,4,700
7609,2024-02-19,2,449,18,4,900
8187,2024-03-08,2,449,18,4,900
2344,2023-08-06,24,449,10,5,500
2474,2023-08-19,24,449,10,3,500
3216,2023-09-20,24,449,10,2,500
8334,2024-03-13,3,449,5,4,250
5357,2023-12-02,5,450,9,4,450
3042,2023-09-15,22,450,8,2,400
5893,2023-12-21,14,450,6.4,5,320
7449,2024-02-13,3,450,5,5,250
3516,2023-09-30,23,450,5,3,250
7426,2024-02-12,4,450,12,3,600
8025,2024-03-03,1,450,7,2,350
9804,2024-07-22,2,450,18,3,900
9509,2024-06-13,2,451,18,5,900
1066,2023-04-08,17,451,12,4,600
4490,2023-11-03,11,451,11,2,550
8369,2024-03-14,4,451,12,3,600
9541,2024-06-17,2,451,18,3,900
3636,2023-10-04,1,451,7,5,350
4585,2023-11-06,10,451,36,2,1800
6345,2024-01-05,14,451,6.4,3,320
8518,2024-03-19,3,451,5,5,250
6616,2024-01-15,2,452,18,3,900
7376,2024-02-11,3,452,5,2,250
6748,2024-01-20,1,452,7,5,350
568,2023-02-24,1,452,7,4,350
1213,2023-04-22,21,452,13,2,650
3121,2023-09-18,21,452,13,3,650
3960,2023-10-15,2,452,18,3,900
8370,2024-03-14,4,452,12,4,600
9935,2024-08-07,2,452,18,4,900
2751,2023-09-05,24,452,10,2,500
5248,2023-11-29,9,452,14,2,700
5797,2023-12-18,6,452,24,5,1200
9616,2024-06-27,1,452,7,4,350
9839,2024-07-26,4,453,12,5,600
10074,2024-08-24,1,453,7,4,350
1420,2023-05-09,16,453,10,5,500
3822,2023-10-10,5,453,9,4,450
4397,2023-11-01,5,453,9,2,450
7843,2024-02-27,3,453,5,4,250
8951,2024-04-11,3,453,5,3,250
1120,2023-04-13,12,453,6,2,300
2149,2023-07-19,13,453,9,5,450
3286,2023-09-22,24,453,10,4,500
5516,2023-12-08,3,453,5,3,250
6576,2024-01-13,3,453,5,4,250
5531,2023-12-08,8,454,15,2,750
7513,2024-02-15,4,454,12,2,600
9120,2024-05-01,1,454,7,2,350
4373,2023-10-31,3,454,5,4,250
6700,2024-01-18,2,454,18,3,900
1861,2023-06-20,14,454,6.4,4,320
3129,2023-09-18,22,454,8,3,400
6628,2024-01-15,4,454,12,3,600
378,2023-02-06,18,454,9,5,450
1189,2023-04-20,13,454,9,2,450
2378,2023-08-10,24,454,10,3,500
2437,2023-08-15,24,454,10,3,500
4427,2023-11-02,1,454,7,4,350
5052,2023-11-22,7,454,30,3,1500
5336,2023-12-01,11,454,11,3,550
9387,2024-05-27,1,454,7,3,350
4665,2023-11-09,8,455,15,3,750
7724,2024-02-23,3,455,5,5,250
7804,2024-02-26,2,455,18,2,900
977,2023-03-31,22,455,8,5,400
9017,2024-04-18,4,455,12,2,600
3219,2023-09-20,24,455,10,2,500
3800,2023-10-09,7,455,30,2,1500
7752,2024-02-24,4,455,12,2,600
2390,2023-08-10,24,455,10,4,500
8844,2024-03-31,2,455,18,3,900
10270,2024-09-18,4,456,12,3,600
914,2023-03-26,14,456,6.4,3,320
1703,2023-06-04,13,456,9,3,450
3027,2023-09-14,24,456,10,2,500
8813,2024-03-30,1,456,7,4,350
620,2023-02-28,24,456,10,4,500
2357,2023-08-07,24,456,10,3,500
3576,2023-10-02,1,456,7,5,350
1887,2023-06-23,11,456,11,2,550
4299,2023-10-28,1,456,7,3,350
8588,2024-03-22,2,456,18,4,900
8910,2024-04-05,3,456,5,2,250
6365,2024-01-06,14,457,6.4,5,320
7238,2024-02-07,2,457,18,5,900
3498,2023-09-29,24,457,10,4,500
8801,2024-03-29,3,457,5,3,250
402,2023-02-09,7,457,30,2,1500
632,2023-03-01,13,457,9,4,450
1067,2023-04-08,17,457,12,2,600
5916,2023-12-22,14,457,6.4,5,320
6330,2024-01-05,14,457,6.4,4,320
5534,2023-12-08,9,458,14,4,700
7820,2024-02-26,4,458,12,5,600
9055,2024-04-22,4,458,12,2,600
2444,2023-08-16,24,458,10,4,500
3029,2023-09-14,24,458,10,2,500
1946,2023-07-01,3,458,5,4,250
3021,2023-09-14,23,458,5,4,250
7371,2024-02-11,2,458,18,4,900
9444,2024-06-04,1,458,7,3,350
1110,2023-04-12,1,458,7,2,350
2050,2023-07-10,2,458,18,3,900
7197,2024-02-06,1,458,7,3,350
8441,2024-03-17,1,458,7,2,350
6231,2024-01-01,14,459,6.4,5,320
253,2023-01-26,19,459,6,5,300
1795,2023-06-12,7,459,30,3,1500
3450,2023-09-28,22,459,8,2,400
7330,2024-02-10,1,459,7,3,350
7508,2024-02-15,3,459,5,4,250
8722,2024-03-27,1,459,7,3,350
9238,2024-05-11,1,459,7,3,350
3064,2023-09-16,21,459,13,3,650
3148,2023-09-18,23,459,5,4,250
3561,2023-10-01,23,459,5,4,250
3779,2023-10-09,1,459,7,5,350
4977,2023-11-19,8,459,15,4,750
5660,2023-12-13,3,459,5,4,250
9009,2024-04-18,2,459,18,3,900
5904,2023-12-21,14,459,6.4,2,320
8657,2024-03-24,3,459,5,4,250
9268,2024-05-14,2,459,18,3,900
9542,2024-06-17,3,459,5,5,250
5786,2023-12-18,3,460,5,4,250
4086,2023-10-20,3,460,5,4,250
4258,2023-10-26,8,460,15,5,750
2848,2023-09-08,24,460,10,5,500
8884,2024-04-02,4,460,12,5,600
5883,2023-12-21,14,460,6.4,5,320
8330,2024-03-13,3,460,5,4,250
446,2023-02-13,8,461,15,3,750
3545,2023-10-01,22,461,8,2,400
4303,2023-10-28,2,461,18,3,900
9421,2024-05-31,1,462,7,2,350
7,2023-01-01,28,462,6,3,300
3475,2023-09-29,21,462,13,4,650
5193,2023-11-27,10,462,36,2,1800
7591,2024-02-18,4,462,12,2,600
8833,2024-03-30,4,462,12,3,600
2027,2023-07-08,1,462,7,3,350
2667,2023-09-03,24,462,10,5,500
4458,2023-11-02,10,462,36,4,1800
5930,2023-12-22,14,462,6.4,2,320
9885,2024-08-02,3,462,5,2,250
4334,2023-10-29,1,462,7,4,350
8582,2024-03-22,1,462,7,2,350
9513,2024-06-13,4,462,12,5,600
2047,2023-07-09,17,463,12,3,600
2334,2023-08-04,24,463,10,2,500
5393,2023-12-03,5,463,9,5,450
6142,2023-12-29,14,463,6.4,3,320
3607,2023-10-02,23,463,5,4,250
3645,2023-10-04,5,463,9,2,450
5603,2023-12-10,10,463,36,3,1800
9114,2024-04-30,3,463,5,5,250
646,2023-03-02,7,463,30,4,1500
848,2023-03-18,11,463,11,3,550
2687,2023-09-03,24,463,10,4,500
5815,2023-12-18,11,463,11,2,550
9256,2024-05-12,4,463,12,5,600
10315,2024-09-24,1,463,7,3,350
6915,2024-01-26,1,464,7,2,350
7753,2024-02-24,4,464,12,3,600
9822,2024-07-24,3,464,5,3,250
872,2023-03-21,16,464,10,5,500
4360,2023-10-30,2,464,18,2,900
9020,2024-04-19,1,464,7,2,350
3918,2023-10-13,10,464,36,4,1800
7231,2024-02-07,1,464,7,5,350
8765,2024-03-28,3,465,5,5,250
299,2023-01-30,19,465,6,2,300
3956,2023-10-15,1,465,7,4,350
4600,2023-11-07,7,465,30,5,1500
8759,2024-03-28,2,465,18,5,900
9486,2024-06-09,4,465,12,5,600
9629,2024-06-28,3,465,5,4,250
1341,2023-05-02,26,465,18,5,900
3719,2023-10-06,11,465,11,4,550
5029,2023-11-21,8,465,15,4,750
6459,2024-01-09,14,465,6.4,2,320
8287,2024-03-11,4,465,12,2,600
1035,2023-04-05,26,465,18,4,900
3744,2023-10-07,5,465,9,5,450
5507,2023-12-08,1,466,7,4,350
3415,2023-09-27,22,466,8,2,400
8465,2024-03-18,1,466,7,5,350
941,2023-03-29,15,466,7,2,350
5486,2023-12-07,5,466,9,3,450
1408,2023-05-08,26,466,18,4,900
7200,2024-02-06,1,466,7,3,350
4943,2023-11-18,10,467,36,2,1800
6296,2024-01-04,14,467,6.4,5,320
6883,2024-01-24,4,467,12,5,600
10339,2024-09-26,2,467,18,4,900
3640,2023-10-04,3,467,5,5,250
966,2023-03-31,7,467,30,4,1500
4559,2023-11-05,9,467,14,3,700
5918,2023-12-22,14,467,6.4,3,320
87,2023-01-10,28,467,6,2,300
2244,2023-07-26,20,467,16,3,800
6181,2023-12-31,14,467,6.4,3,320
7537,2024-02-17,1,467,7,2,350
9191,2024-05-07,2,467,18,4,900
2879,2023-09-09,23,468,5,3,250
6351,2024-01-05,14,468,6.4,3,320
8437,2024-03-17,1,468,7,3,350
8826,2024-03-30,4,468,12,5,600
4398,2023-11-01,5,468,9,3,450
5742,2023-12-16,7,468,30,5,1500
10107,2024-08-29,1,468,7,4,350
2116,2023-07-16,20,468,16,2,800
7406,2024-02-12,2,468,18,5,900
8650,2024-03-24,3,468,5,2,250
10255,2024-09-17,1,468,7,4,350
7414,2024-02-12,2,469,18,2,900
8731,2024-03-27,2,469,18,5,900
7309,2024-02-09,3,469,5,3,250
479,2023-02-15,27,469,4,4,200
6559,2024-01-13,1,469,7,3,350
6925,2024-01-26,2,469,18,2,900
9990,2024-08-13,1,469,7,2,350
9235,2024-05-10,4,470,12,3,600
5926,2023-12-22,14,470,6.4,3,320
6784,2024-01-21,1,470,7,2,350
7986,2024-03-02,2,471,18,4,900
6287,2024-01-03,14,471,6.4,3,320
6720,2024-01-19,1,471,7,3,350
9586,2024-06-23,2,471,18,3,900
2774,2023-09-06,24,471,10,4,500
3999,2023-10-16,9,471,14,3,700
8317,2024-03-12,4,471,12,4,600
10281,2024-09-20,1,471,7,4,350
5505,2023-12-07,11,472,11,5,550
6091,2023-12-28,14,472,6.4,5,320
764,2023-03-11,4,472,12,4,600
1003,2023-04-02,21,472,13,2,650
1015,2023-04-03,12,472,6,5,300
6259,2024-01-03,14,472,6.4,2,320
7510,2024-02-15,3,472,5,2,250
7663,2024-02-21,3,472,5,2,250
232,2023-01-24,20,472,16,4,800
2054,2023-07-10,15,472,7,4,350
3884,2023-10-12,8,472,15,5,750
4993,2023-11-20,5,472,9,2,450
5998,2023-12-24,14,473,6.4,3,320
2146,2023-07-19,8,473,15,2,750
4200,2023-10-24,4,473,12,3,600
4658,2023-11-09,5,473,9,2,450
5413,2023-12-04,5,474,9,2,450
6691,2024-01-18,1,474,7,5,350
7755,2024-02-24,4,474,12,4,600
8067,2024-03-04,2,474,18,2,900
4198,2023-10-24,4,474,12,5,600
2773,2023-09-06,24,474,10,5,500
4923,2023-11-18,4,474,12,4,600
5961,2023-12-23,14,474,6.4,3,320
6763,2024-01-20,3,474,5,5,250
7089,2024-02-01,3,474,5,4,250
3367,2023-09-25,23,474,5,4,250
5542,2023-12-08,10,474,36,4,1800
6439,2024-01-08,14,474,6.4,5,320
7354,2024-02-10,4,474,12,5,600
7559,2024-02-17,3,474,5,4,250
8447,2024-03-17,2,474,18,5,900
8828,2024-03-30,4,474,12,2,600
7606,2024-02-19,1,475,7,4,350
4544,2023-11-05,6,475,24,4,1200
6036,2023-12-26,14,475,6.4,5,320
884,2023-03-22,25,475,12,2,600
2761,2023-09-06,24,475,10,4,500
2949,2023-09-11,23,475,5,4,250
6015,2023-12-25,14,475,6.4,3,320
6782,2024-01-21,1,475,7,3,350
9925,2024-08-06,2,475,18,5,900
659,2023-03-02,27,475,4,5,200
4875,2023-11-16,5,475,9,4,450
10007,2024-08-14,4,475,12,5,600
10122,2024-08-31,2,475,18,3,900
4215,2023-10-24,11,476,11,3,550
4841,2023-11-15,2,476,18,2,900
9521,2024-06-15,2,476,18,4,900
1563,2023-05-22,24,476,10,5,500
6238,2024-01-02,14,476,6.4,5,320
8870,2024-04-01,2,476,18,2,900
9798,2024-07-21,2,476,18,4,900
8078,2024-03-04,4,477,12,2,600
4538,2023-11-05,3,477,5,2,250
4731,2023-11-11,11,477,11,5,550
8716,2024-03-26,3,477,5,4,250
9909,2024-08-05,1,477,7,2,350
10230,2024-09-13,3,477,5,4,250
1737,2023-06-06,25,477,12,5,600
2342,2023-08-05,24,477,10,3,500
5932,2023-12-22,14,477,6.4,3,320
6573,2024-01-13,3,477,5,3,250
5635,2023-12-12,3,477,5,4,250
5834,2023-12-19,14,478,6.4,4,320
8707,2024-03-26,2,478,18,5,900
7944,2024-03-01,3,478,5,3,250
9463,2024-06-06,1,478,7,3,350
139,2023-01-16,9,478,14,3,700
6610,2024-01-15,1,478,7,3,350
6914,2024-01-26,1,478,7,5,350
469,2023-02-15,14,478,6.4,4,320
1141,2023-04-14,27,478,4,5,200
3041,2023-09-15,22,478,8,4,400
4168,2023-10-23,5,478,9,5,450
9718,2024-07-09,4,478,12,4,600
6291,2024-01-03,14,479,6.4,3,320
3933,2023-10-14,3,479,5,4,250
7046,2024-01-30,4,479,12,2,600
818,2023-03-15,26,479,18,4,900
1715,2023-06-05,10,479,36,3,1800
4705,2023-11-10,11,479,11,2,550
5230,2023-11-29,5,479,9,2,450
8362,2024-03-14,3,479,5,3,250
7079,2024-02-01,1,479,7,3,350
629,2023-03-01,8,480,15,5,750
676,2023-03-04,4,480,12,5,600
3486,2023-09-29,22,480,8,4,400
4521,2023-11-04,11,480,11,2,550
6374,2024-01-06,14,480,6.4,2,320
8020,2024-03-02,4,480,12,5,600
9615,2024-06-26,3,480,5,5,250
2078,2023-07-12,16,480,10,3,500
7660,2024-02-21,2,480,18,4,900
7681,2024-02-22,1,480,7,3,350
8863,2024-03-31,4,480,12,5,600
1447,2023-05-12,5,480,9,4,450
2799,2023-09-07,24,480,10,5,500
3424,2023-09-27,23,480,5,4,250
8066,2024-03-04,2,480,18,5,900
6739,2024-01-19,3,481,5,2,250
5179,2023-11-27,7,481,30,2,1500
9355,2024-05-24,2,481,18,2,900
381,2023-02-06,26,481,18,2,900
867,2023-03-21,6,481,24,3,1200
1239,2023-04-24,26,481,18,5,900
2924,2023-09-10,24,481,10,4,500
7665,2024-02-21,3,481,5,3,250
550,2023-02-22,21,481,13,2,650
1752,2023-06-08,6,481,24,2,1200
2089,2023-07-13,26,481,18,3,900
8107,2024-03-05,3,481,5,2,250
8368,2024-03-14,4,481,12,5,600
5241,2023-11-29,8,482,15,5,750
7078,2024-02-01,1,482,7,5,350
2235,2023-07-26,10,482,36,2,1800
1615,2023-05-27,24,482,10,4,500
1958,2023-07-01,20,482,16,2,800
4525,2023-11-05,1,482,7,3,350
5432,2023-12-04,11,482,11,2,550
9204,2024-05-08,1,482,7,3,350
4189,2023-10-23,10,483,36,4,1800
7511,2024-02-15,4,483,12,4,600
1041,2023-04-06,14,483,6.4,3,320
2464,2023-08-17,24,483,10,4,500
6073,2023-12-27,14,483,6.4,3,320
8002,2024-03-02,3,483,5,4,250
5149,2023-11-26,5,484,9,3,450
165,2023-01-18,16,484,10,5,500
4567,2023-11-06,2,484,18,5,900
5726,2023-12-16,1,484,7,4,350
4206,2023-10-24,7,484,30,3,1500
7404,2024-02-12,2,484,18,2,900
816,2023-03-15,24,484,10,2,500
5178,2023-11-27,6,484,24,4,1200
6615,2024-01-15,1,484,7,5,350
4661,2023-11-09,6,485,24,5,1200
7217,2024-02-06,3,485,5,5,250
1065,2023-04-08,11,485,11,5,550
7379,2024-02-11,3,485,5,2,250
2148,2023-07-19,9,485,14,2,700
8490,2024-03-18,4,485,12,5,600
640,2023-03-01,26,485,18,2,900
3426,2023-09-27,23,485,5,3,250
3671,2023-10-05,5,485,9,3,450
4205,2023-10-24,6,485,24,2,1200
5332,2023-12-01,10,485,36,2,1800
5789,2023-12-18,3,485,5,3,250
8442,2024-03-17,1,485,7,3,350
6904,2024-01-25,3,486,5,2,250
7908,2024-02-29,4,486,12,3,600
9505,2024-06-12,2,486,18,5,900
3100,2023-09-17,22,486,8,5,400
1166,2023-04-17,27,486,4,5,200
4416,2023-11-01,10,486,36,2,1800
6253,2024-01-02,14,486,6.4,3,320
7806,2024-02-26,2,486,18,2,900
8278,2024-03-11,3,486,5,5,250
9374,2024-05-25,4,486,12,5,600
457,2023-02-14,6,486,24,4,1200
2325,2023-08-03,24,486,10,4,500
3474,2023-09-29,21,486,13,3,650
3787,2023-10-09,3,486,5,3,250
6311,2024-01-04,14,486,6.4,4,320
7693,2024-02-22,2,487,18,3,900
8685,2024-03-25,3,487,5,4,250
8931,2024-04-09,2,487,18,4,900
476,2023-02-15,25,487,12,4,600
1192,2023-04-21,4,487,12,4,600
2317,2023-08-02,24,487,10,5,500
4178,2023-10-23,7,487,30,4,1500
5846,2023-12-19,14,487,6.4,4,320
8513,2024-03-19,2,487,18,4,900
8607,2024-03-23,1,487,7,5,350
9973,2024-08-11,2,487,18,2,900
1176,2023-04-19,9,487,14,4,700
6199,2023-12-31,14,487,6.4,3,320
6786,2024-01-21,2,487,18,2,900
8086,2024-03-05,1,487,7,4,350
9344,2024-05-23,2,487,18,5,900
4165,2023-10-23,3,487,5,3,250
6064,2023-12-26,14,487,6.4,5,320
6246,2024-01-02,14,488,6.4,2,320
7911,2024-02-29,4,488,12,2,600
6103,2023-12-28,14,488,6.4,3,320
912,2023-03-26,5,488,9,4,450
1708,2023-06-04,21,488,13,2,650
2627,2023-09-01,24,488,10,2,500
5468,2023-12-06,9,488,14,3,700
3198,2023-09-20,21,488,13,5,650
6815,2024-01-22,2,488,18,5,900
8166,2024-03-07,3,488,5,4,250
9517,2024-06-14,3,488,5,5,250
4726,2023-11-11,9,489,14,3,700
4987,2023-11-20,2,489,18,4,900
5621,2023-12-11,6,489,24,2,1200
9523,2024-06-15,3,489,5,3,250
3595,2023-10-02,11,489,11,3,550
10215,2024-09-12,3,489,5,4,250
339,2023-02-02,7,490,30,4,1500
5835,2023-12-19,14,490,6.4,5,320
1764,2023-06-09,10,490,36,2,1800
8140,2024-03-06,2,490,18,5,900
8974,2024-04-14,3,490,5,2,250
394,2023-02-08,19,490,6,2,300
1056,2023-04-07,18,490,9,3,450
1876,2023-06-22,16,490,10,3,500
4543,2023-11-05,6,490,24,2,1200
10197,2024-09-09,3,490,5,3,250
449,2023-02-13,20,491,16,3,800
5733,2023-12-16,4,491,12,2,600
2075,2023-07-12,11,491,11,5,550
6397,2024-01-07,14,491,6.4,5,320
7906,2024-02-29,4,491,12,4,600
8994,2024-04-16,4,491,12,5,600
9200,2024-05-08,1,491,7,3,350
5396,2023-12-03,6,492,24,3,1200
6828,2024-01-23,1,492,7,3,350
234,2023-01-24,23,492,5,3,250
1038,2023-04-06,13,492,9,5,450
1984,2023-07-03,22,492,8,4,400
2590,2023-08-30,24,492,10,5,500
6973,2024-01-28,1,492,7,4,350
3047,2023-09-15,23,492,5,2,250
5445,2023-12-05,5,492,9,3,450
5523,2023-12-08,5,492,9,3,450
7415,2024-02-12,2,492,18,4,900
5416,2023-12-04,7,492,30,3,1500
6522,2024-01-12,1,492,7,3,350
8987,2024-04-16,1,493,7,5,350
1578,2023-05-23,28,493,6,3,300
3987,2023-10-16,3,493,5,2,250
6801,2024-01-21,4,493,12,2,600
6054,2023-12-26,14,493,6.4,3,320
2365,2023-08-08,24,493,10,5,500
4576,2023-11-06,5,493,9,2,450
8926,2024-04-08,3,493,5,5,250
9321,2024-05-20,1,493,7,3,350
9843,2024-07-27,2,493,18,3,900
5625,2023-12-11,8,494,15,5,750
8699,2024-03-26,1,494,7,2,350
1243,2023-04-25,2,494,18,4,900
6418,2024-01-08,14,494,6.4,4,320
1455,2023-05-12,24,494,10,2,500
3404,2023-09-26,24,494,10,4,500
7287,2024-02-08,4,494,12,4,600
7000,2024-01-29,2,495,18,3,900
1136,2023-04-14,13,495,9,5,450
3074,2023-09-16,22,495,8,4,400
5616,2023-12-11,5,495,9,5,450
5833,2023-12-19,14,495,6.4,3,320
9218,2024-05-09,2,495,18,5,900
5217,2023-11-28,10,495,36,3,1800
6596,2024-01-14,2,495,18,3,900
8497,2024-03-19,1,495,7,2,350
9180,2024-05-05,4,495,12,3,600
3900,2023-10-13,2,495,18,4,900
4802,2023-11-14,2,496,18,4,900
8630,2024-03-23,3,496,5,5,250
8787,2024-03-29,1,496,7,5,350
6420,2024-01-08,14,496,6.4,4,320
6958,2024-01-27,3,496,5,3,250
9201,2024-05-08,1,496,7,2,350
9634,2024-06-29,2,496,18,2,900
222,2023-01-24,7,496,30,2,1500
5252,2023-11-29,11,496,11,2,550
5995,2023-12-24,14,496,6.4,3,320
9678,2024-07-04,4,496,12,4,600
10268,2024-09-18,4,496,12,4,600
968,2023-03-31,9,496,14,2,700
3622,2023-10-03,7,496,30,5,1500
3848,2023-10-11,5,496,9,3,450
5065,2023-11-23,1,496,7,4,350
6497,2024-01-11,1,497,7,3,350
8144,2024-03-06,3,497,5,2,250
544,2023-02-22,12,497,6,3,300
2915,2023-09-10,23,497,5,4,250
6252,2024-01-02,14,497,6.4,5,320
8006,2024-03-02,3,497,5,5,250
4663,2023-11-09,7,497,30,3,1500
7315,2024-02-09,4,497,12,3,600
8718,2024-03-26,4,497,12,3,600
3526,2023-09-30,24,497,10,3,500
5643,2023-12-12,7,497,30,3,1500